Time_ms,Angle,PWM_us,Thrust_g,Voltage_V,Current_A,Power_W,Temp_C
5640,90,1500,-0.21,12.98,-0.39,-5.08,39.45
5910,90,1500,0.29,12.98,-0.40,-5.14,39.45
6180,90,1500,-0.13,12.98,-0.41,-5.29,39.45
6452,90,1500,-0.10,12.98,-0.40,-5.23,39.45
6722,90,1500,-0.07,12.98,-0.40,-5.18,39.45
6993,90,1500,-0.00,12.98,-0.41,-5.33,39.45
7264,90,1500,-0.30,12.98,-0.41,-5.36,39.45
7535,90,1500,0.23,12.98,-0.42,-5.40,39.43
7805,90,1500,-0.06,12.98,-0.43,-5.52,39.43
8077,90,1500,-0.23,12.98,-0.43,-5.63,39.44
8347,90,1500,-0.49,12.98,-0.44,-5.73,39.44
8619,90,1500,0.49,12.98,-0.45,-5.82,39.42
8889,90,1500,-0.32,12.98,-0.45,-5.81,39.41
9160,90,1500,-0.11,12.98,-0.46,-5.99,39.40
9431,90,1500,-0.27,12.98,-0.47,-6.05,39.39
9702,90,1500,0.10,12.98,-0.46,-6.02,39.39
9972,90,1500,-0.18,12.98,-0.47,-6.08,39.38
10243,90,1500,-0.01,12.98,-0.46,-5.94,39.37
10514,90,1500,-0.01,12.98,-0.46,-5.92,39.36
10784,90,1500,-0.65,12.98,-0.45,-5.89,39.36
11056,90,1500,0.34,12.98,-0.47,-6.06,39.35
11326,90,1500,0.20,12.98,-0.46,-6.02,39.35
11597,90,1500,-0.63,12.98,-0.45,-5.89,39.35
11868,90,1500,0.02,12.98,-0.45,-5.87,39.34
12139,90,1500,0.13,12.98,-0.45,-5.85,39.34
12409,90,1500,-0.19,12.98,-0.44,-5.74,39.34
12681,90,1500,-0.13,12.98,-0.45,-5.83,39.33
12951,90,1500,0.02,12.98,-0.45,-5.81,39.32
13222,90,1500,-0.23,12.98,-0.44,-5.71,39.30
13493,90,1500,-0.16,12.98,-0.44,-5.70,39.29
13764,90,1500,0.07,12.98,-0.45,-5.89,39.28
14034,90,1500,0.16,12.98,-0.46,-5.97,39.28
14306,90,1500,1.60,12.98,-0.46,-5.94,39.27
14576,90,1500,1.02,12.98,-0.46,-5.91,39.26
14848,90,1500,-0.79,12.98,-0.45,-5.89,39.25
15118,90,1500,-0.20,12.98,-0.46,-5.96,39.24
15388,90,1500,-0.11,12.98,-0.46,-5.94,39.24
15660,90,1500,-0.36,12.98,-0.46,-5.91,39.23
15930,90,1500,-0.11,12.98,-0.45,-5.89,39.23
16201,90,1500,-0.09,12.98,-0.46,-5.96,39.22
16472,90,1500,0.02,12.97,-0.46,-5.93,39.22
16743,90,1500,-0.41,12.98,-0.46,-5.91,39.21
17013,90,1500,-0.12,12.98,-0.45,-5.79,39.21
17285,90,1500,-0.06,12.98,-0.45,-5.87,39.20
17555,90,1500,-0.14,12.98,-0.44,-5.76,39.20
17826,90,1500,-0.30,12.98,-0.46,-5.94,39.20
18097,90,1500,2.04,12.97,-0.44,-5.72,39.18
18368,90,1500,-0.47,12.97,-0.44,-5.72,39.18
18638,90,1500,-0.89,12.97,-0.45,-5.81,39.18
18910,90,1500,0.16,12.98,-0.45,-5.80,39.17
19180,90,1500,-0.11,12.98,-0.45,-5.88,39.15
19451,90,1500,-0.56,12.98,-0.45,-5.86,39.14
19722,90,1500,-0.16,12.98,-0.46,-5.94,39.13
19993,90,1500,0.12,12.98,-0.46,-5.91,39.12
20263,90,1500,-0.39,12.98,-0.47,-6.08,39.11
20534,90,1500,-0.11,12.98,-0.47,-6.14,39.11
20805,90,1500,-0.16,12.98,-0.47,-6.09,39.10
21075,90,1500,-0.11,12.98,-0.47,-6.05,39.09
21347,90,1500,-0.48,12.98,-0.46,-6.01,39.09
21617,90,1500,2.69,12.98,-0.45,-5.88,39.08
21889,90,1500,-1.20,12.98,-0.45,-5.86,39.08
22159,90,1500,-0.87,12.98,-0.46,-5.94,39.07
22430,90,1500,0.47,12.98,-0.47,-6.11,39.07
22701,90,1500,-0.57,12.98,-0.47,-6.06,39.07
22972,90,1500,-0.27,12.98,-0.47,-6.12,39.06
23242,90,1500,-0.28,12.98,-0.47,-6.08,39.06
23513,90,1500,0.29,12.98,-0.47,-6.13,39.06
23784,90,1500,-0.68,12.98,-0.48,-6.18,39.04
24054,90,1500,-0.00,12.98,-0.47,-6.13,39.03
24326,90,1500,-0.06,12.98,-0.48,-6.18,39.02
24596,90,1500,-0.58,12.98,-0.48,-6.23,39.00
24867,90,1500,-0.22,12.98,-0.48,-6.27,38.99
25138,90,1500,-0.18,12.98,-0.48,-6.21,38.98
25409,90,1500,-0.39,12.98,-0.47,-6.16,38.98
25679,90,1500,-0.62,12.98,-0.47,-6.11,38.97
25951,90,1500,0.33,12.98,-0.47,-6.16,38.96
26221,90,1500,-0.35,12.98,-0.48,-6.21,38.96
26492,90,1500,-0.47,12.98,-0.48,-6.25,38.95
26763,90,1500,0.15,12.98,-0.48,-6.20,38.94
27034,90,1500,-0.56,12.98,-0.47,-6.14,38.94
27304,90,1500,-0.13,12.98,-0.47,-6.10,38.94
27576,90,1500,-0.15,12.98,-0.47,-6.06,38.93
27846,90,1500,0.03,12.98,-0.47,-6.11,38.93
28118,90,1500,-0.69,12.98,-0.48,-6.17,38.93
28388,90,1500,0.04,12.98,-0.48,-6.21,38.92
28659,90,1500,-0.03,12.98,-0.47,-6.16,38.92
28930,90,1500,-0.41,12.98,-0.47,-6.11,38.91
29200,90,1500,-0.35,12.98,-0.47,-6.07,38.91
29471,90,1500,0.02,12.98,-0.47,-6.13,38.89
29742,90,1500,-0.25,12.98,-0.46,-5.99,38.88
30013,90,1500,-0.32,12.98,-0.47,-6.05,38.87
30283,90,1500,-0.12,12.98,-0.47,-6.11,38.86
30555,90,1500,-0.29,12.98,-0.47,-6.07,38.85
30825,90,1500,-0.61,12.98,-0.46,-5.93,38.84
31096,90,1500,0.08,12.98,-0.46,-6.00,38.83
31367,90,1500,-0.22,12.98,-0.47,-6.07,38.82
31638,90,1500,-0.46,12.98,-0.46,-6.03,38.82
31908,90,1500,-0.01,12.98,-0.47,-6.09,38.81
32180,90,1500,-0.21,12.98,-0.47,-6.14,38.81
32450,90,1500,-0.37,12.98,-0.47,-6.10,38.80
32721,90,1500,0.10,12.98,-0.47,-6.06,38.79
32992,90,1500,-0.59,12.98,-0.47,-6.11,38.78
33263,90,1500,-0.07,12.98,-0.47,-6.07,38.78
33533,90,1500,-0.30,12.98,-0.46,-6.03,38.78
33804,90,1500,-0.21,12.98,-0.46,-6.00,38.78
34075,90,1500,-0.28,12.98,-0.46,-5.96,38.78
34345,90,1500,-0.53,12.98,-0.45,-5.84,38.76
34617,90,1500,0.07,12.98,-0.46,-5.92,38.76
34887,90,1500,-0.34,12.98,-0.46,-5.99,38.75
35159,90,1500,-0.48,12.98,-0.47,-6.06,38.74
35429,90,1500,0.08,12.98,-0.48,-6.21,38.73
35699,90,1500,-0.67,12.98,-0.47,-6.16,38.72
35971,90,1500,-0.11,12.98,-0.49,-6.30,38.71
36241,90,1500,-0.46,12.98,-0.49,-6.34,38.70
36512,90,1500,0.03,12.98,-0.48,-6.27,38.69
36783,90,1500,-0.48,12.98,-0.48,-6.21,38.69
37054,90,1500,-0.39,12.98,-0.48,-6.25,38.68
37324,90,1500,0.17,12.98,-0.48,-6.29,38.67
37596,90,1500,-0.39,12.98,-0.49,-6.33,38.67
37866,90,1500,-0.26,12.98,-0.49,-6.36,38.67
38137,90,1500,-0.21,12.98,-0.48,-6.29,38.66
38408,90,1500,-0.29,12.98,-0.49,-6.33,38.66
38678,90,1500,-0.33,12.98,-0.49,-6.36,38.65
38949,90,1500,-0.15,12.98,-0.48,-6.29,38.64
39220,90,1500,-0.57,12.98,-0.48,-6.23,38.64
39491,90,1500,-0.34,12.98,-0.48,-6.17,38.62
39761,90,1500,-0.07,12.98,-0.48,-6.22,38.61
40033,90,1500,-0.24,12.98,-0.47,-6.07,38.60
40303,90,1500,-0.18,12.98,-0.47,-6.13,38.59
40574,90,1500,-0.42,12.98,-0.48,-6.18,38.58
40845,90,1500,-0.12,12.98,-0.48,-6.22,38.57
41116,90,1500,-0.17,12.98,-0.48,-6.27,38.56
41387,90,1500,-0.50,12.98,-0.49,-6.30,38.55
41658,90,1500,0.26,12.98,-0.49,-6.34,38.55
41928,90,1500,-0.88,12.98,-0.49,-6.37,38.54
42199,90,1500,0.08,12.98,-0.49,-6.30,38.52
42470,90,1500,-0.55,12.98,-0.48,-6.24,38.52
42741,90,1500,-0.02,12.98,-0.48,-6.18,38.52
43012,90,1500,1.44,12.98,-0.49,-6.32,38.51
43282,90,1500,-0.17,12.98,-0.48,-6.26,38.50
43553,90,1500,-0.48,12.98,-0.49,-6.30,38.50
43824,90,1500,-0.52,12.98,-0.48,-6.23,38.50
44095,90,1500,-0.48,12.98,-0.48,-6.28,38.48
44365,90,1500,-0.20,12.98,-0.48,-6.22,38.47
44637,90,1500,-0.46,12.98,-0.48,-6.26,38.46
44907,90,1500,-0.15,12.98,-0.49,-6.30,38.45
45178,90,1500,-0.28,12.98,-0.47,-6.14,38.44
45449,90,1500,-0.48,12.98,-0.48,-6.19,38.43
45719,90,1500,-0.45,12.98,-0.47,-6.14,38.42
45990,90,1500,0.12,12.98,-0.48,-6.19,38.41
46261,90,1500,-0.53,12.98,-0.47,-6.14,38.41
46532,90,1500,0.01,12.98,-0.48,-6.19,38.40
46802,90,1500,-0.54,12.98,-0.47,-6.14,38.40
47074,90,1500,-0.18,12.98,-0.47,-6.09,38.39
47344,90,1500,-0.48,12.98,-0.46,-5.95,38.39
47616,90,1500,-0.15,12.98,-0.46,-6.02,38.39
47886,90,1500,-0.24,12.98,-0.47,-6.08,38.37
48157,90,1500,-0.37,12.98,-0.47,-6.04,38.37
48428,90,1500,-0.34,12.98,-0.46,-6.01,38.37
48698,90,1500,-0.14,12.98,-0.47,-6.07,38.36
48969,90,1500,-0.16,12.98,-0.46,-6.03,38.36
49240,90,1500,-0.41,12.98,-0.47,-6.09,38.35
49511,90,1500,-0.28,12.98,-0.46,-5.96,38.34
49781,90,1500,-0.10,12.98,-0.46,-6.02,38.32
50053,90,1500,-0.22,12.98,-0.46,-5.99,38.31
50323,90,1500,-0.57,12.98,-0.46,-5.96,38.30
50594,90,1500,-0.75,12.98,-0.46,-5.93,38.29
50865,90,1500,0.02,12.98,-0.46,-5.91,38.29
51136,90,1500,-0.39,12.98,-0.46,-5.98,38.28
51406,90,1500,0.15,12.98,-0.47,-6.04,38.27
51677,90,1500,-0.52,12.98,-0.46,-6.01,38.27
51948,90,1500,-0.18,12.98,-0.47,-6.07,38.26
52218,90,1500,-0.28,12.98,-0.46,-6.03,38.26
52490,90,1500,0.00,12.98,-0.47,-6.09,38.25
52760,90,1500,-0.55,12.98,-0.46,-5.96,38.25
53031,90,1500,-0.07,12.98,-0.46,-6.02,38.25
53302,90,1500,-0.22,12.97,-0.46,-5.99,38.24
53573,90,1500,-0.42,12.98,-0.48,-6.25,38.23
53843,90,1500,-0.15,12.98,-0.48,-6.28,38.21
54115,90,1500,0.05,12.98,-0.49,-6.32,38.20
54385,90,1500,-0.71,12.98,-0.49,-6.35,38.19
54657,90,1500,-0.02,12.98,-0.49,-6.38,38.18
54927,90,1500,-0.06,12.98,-0.49,-6.31,38.17
55198,90,1500,-0.37,12.98,-0.48,-6.25,38.16
55469,90,1500,-0.33,12.98,-0.48,-6.29,38.15
55740,90,1500,-0.22,12.98,-0.49,-6.32,38.14
56010,90,1500,-0.09,12.98,-0.49,-6.35,38.14
56282,90,1500,-0.47,12.98,-0.48,-6.29,38.13
56552,90,1500,-0.06,12.98,-0.48,-6.23,38.13
56822,90,1500,-0.46,12.98,-0.48,-6.17,38.12
57094,90,1500,-0.57,12.98,-0.48,-6.22,38.10
57364,90,1500,-0.01,12.98,-0.48,-6.16,38.10
57635,90,1500,2.69,12.98,-0.47,-6.12,38.09
57906,90,1500,-0.03,12.98,-0.47,-6.07,38.07
58177,90,1500,-0.68,12.98,-0.47,-6.13,38.06
58447,90,1500,-0.38,12.98,-0.48,-6.28,38.06
58719,90,1500,-0.77,12.98,-0.49,-6.31,38.05
58989,90,1500,-0.27,12.98,-0.49,-6.35,38.04
59260,90,1500,-0.11,12.98,-0.48,-6.28,38.03
59531,90,1500,-0.43,12.98,-0.49,-6.32,38.02
59801,90,1500,-0.40,12.98,-0.48,-6.25,38.01
60072,90,1500,0.19,12.98,-0.48,-6.19,38.01
60343,90,1500,-0.53,12.98,-0.47,-6.14,38.00
60614,90,1500,-0.48,12.98,-0.48,-6.19,37.99
60884,90,1500,0.01,12.98,-0.47,-6.14,37.99
61156,90,1500,-0.36,12.98,-0.47,-6.09,37.98
61426,90,1500,2.04,12.98,-0.44,-5.76,37.98
61698,90,1500,-0.78,12.98,-0.44,-5.76,37.98
61968,90,1500,-0.67,12.98,-0.44,-5.75,37.97
62239,90,1500,-0.30,12.98,-0.45,-5.84,37.97
62510,90,1500,-0.47,12.98,-0.45,-5.82,37.95
62781,90,1500,0.00,12.98,-0.45,-5.90,37.95
63051,90,1500,-0.78,12.98,-0.46,-5.98,37.95
63322,90,1500,-0.07,12.98,-0.47,-6.04,37.94
63593,90,1500,-0.10,12.98,-0.46,-6.01,37.92
63863,90,1500,-0.53,12.98,-0.47,-6.07,37.93
64135,90,1500,-0.36,12.98,-0.47,-6.13,37.91
64405,90,1500,-0.08,12.98,-0.48,-6.27,37.90
64676,90,1500,-0.47,12.98,-0.48,-6.21,37.89
64947,90,1500,-0.95,12.98,-0.47,-6.16,37.89
65218,90,1500,-0.73,12.98,-0.48,-6.21,37.88
65760,91,1505,-1.09,12.98,-0.48,-6.29,37.86
66030,91,1505,-0.66,12.98,-0.48,-6.23,37.86
66300,91,1505,-0.98,12.98,-0.48,-6.18,37.85
66572,91,1505,-0.92,12.98,-0.47,-6.13,37.85
66842,91,1505,-1.29,12.98,-0.48,-6.18,37.83
67113,91,1505,-0.58,12.98,-0.47,-6.13,37.83
67384,91,1505,-1.12,12.98,-0.47,-6.08,37.81
67655,91,1505,-0.90,12.98,-0.47,-6.04,37.81
67926,91,1505,-0.11,12.98,-0.46,-6.01,37.81
68196,91,1505,-0.38,12.98,-0.46,-5.97,37.81
68467,91,1505,-0.48,12.98,-0.46,-5.94,37.81
68738,91,1505,0.08,12.98,-0.46,-5.92,37.81
69009,91,1505,-0.51,12.98,-0.46,-5.99,37.81
69279,91,1505,-0.24,12.98,-0.46,-5.96,37.81
69551,91,1505,-0.22,12.98,-0.46,-5.93,37.81
69821,91,1505,-0.68,12.98,-0.45,-5.81,37.81
70092,91,1505,-1.23,12.98,-0.45,-5.80,37.81
70363,91,1505,-0.69,12.98,-0.45,-5.88,37.81
70634,91,1505,-0.93,12.98,-0.45,-5.86,37.81
70904,91,1505,-0.48,12.98,-0.45,-5.84,37.81
71175,91,1505,-0.31,12.98,-0.46,-5.92,37.81
71446,91,1505,0.05,12.98,-0.45,-5.90,37.81
71716,91,1505,-0.52,12.98,-0.46,-5.97,37.79
71988,91,1505,-0.37,12.98,-0.46,-5.94,37.80
72258,91,1505,0.03,12.98,-0.46,-5.92,37.80
72529,91,1505,-0.54,12.98,-0.46,-5.99,37.80
72800,91,1505,-0.20,12.98,-0.47,-6.15,37.80
73071,91,1505,-0.03,12.98,-0.48,-6.20,37.80
73341,91,1505,-0.39,12.98,-0.47,-6.15,37.80
73613,91,1505,-0.45,12.98,-0.48,-6.20,37.80
73883,91,1505,-0.01,12.98,-0.47,-6.14,37.80
74155,91,1505,-0.30,12.98,-0.48,-6.19,37.80
74425,91,1505,-0.40,12.98,-0.48,-6.24,37.80
74695,91,1505,-0.20,12.98,-0.48,-6.18,37.80
74967,91,1505,0.07,12.98,-0.47,-6.13,37.80
75237,91,1505,-0.53,12.98,-0.48,-6.18,37.80
75508,91,1505,-0.07,12.98,-0.47,-6.13,37.80
75779,91,1505,-0.02,12.98,-0.47,-6.09,37.80
76050,91,1505,-0.75,12.98,-0.47,-6.14,37.79
76320,91,1505,0.04,12.98,-0.48,-6.29,37.79
76592,91,1505,-0.25,12.98,-0.48,-6.23,37.79
76862,91,1505,-0.58,12.98,-0.49,-6.37,37.78
77133,91,1505,-0.02,12.98,-0.49,-6.30,37.77
77404,91,1505,-0.39,12.98,-0.48,-6.23,37.76
77674,91,1505,-0.10,12.98,-0.48,-6.28,37.75
77945,91,1505,-0.61,12.98,-0.48,-6.22,37.74
78216,91,1505,-0.02,12.98,-0.47,-6.16,37.74
78487,91,1505,-0.54,12.98,-0.49,-6.31,37.73
78757,91,1505,-0.17,12.98,-0.48,-6.24,37.72
79029,91,1505,-0.47,12.98,-0.48,-6.19,37.72
79299,91,1505,-0.11,12.98,-0.48,-6.23,37.71
79570,91,1505,-0.65,12.97,-0.48,-6.27,37.71
79841,91,1505,-0.02,12.97,-0.48,-6.21,37.70
80112,91,1505,-0.41,12.97,-0.48,-6.25,37.70
80382,91,1505,-0.31,12.98,-0.48,-6.20,37.70
80654,91,1505,-0.39,12.98,-0.47,-6.15,37.70
80924,91,1505,-0.07,12.98,-0.48,-6.19,37.69
81196,91,1505,-0.42,12.98,-0.48,-6.24,37.69
81466,91,1505,-0.38,12.98,-0.48,-6.18,37.67
81737,91,1505,-0.07,12.98,-0.49,-6.32,37.66
82008,91,1505,-0.46,12.98,-0.48,-6.16,37.65
82279,91,1505,-0.01,12.97,-0.48,-6.21,37.64
82549,91,1505,-0.80,12.97,-0.48,-6.25,37.63
82820,91,1505,0.35,12.97,-0.48,-6.20,37.62
83091,91,1505,-0.68,12.97,-0.48,-6.24,37.61
83361,91,1505,-0.31,12.97,-0.48,-6.28,37.60
83633,91,1505,-0.27,12.97,-0.48,-6.22,37.59
83903,91,1505,-0.25,12.97,-0.48,-6.17,37.59
84174,91,1505,-0.29,12.98,-0.48,-6.21,37.58
84445,91,1505,-0.83,12.98,-0.47,-6.06,37.58
84716,91,1505,-1.32,12.98,-0.46,-6.03,37.56
84986,91,1505,-1.15,12.98,-0.48,-6.18,37.56
85258,91,1505,-1.54,12.98,-0.49,-6.33,37.55
85528,91,1505,-0.83,12.98,-0.48,-6.26,37.54
85799,91,1505,-1.91,12.98,-0.48,-6.20,37.54
86070,91,1505,-1.04,12.98,-0.47,-6.15,37.52
86340,91,1505,-1.13,12.98,-0.48,-6.20,37.51
86611,91,1505,-0.56,12.98,-0.48,-6.24,37.50
86882,91,1505,-0.69,12.98,-0.49,-6.38,37.49
87153,91,1505,-0.40,12.98,-0.49,-6.41,37.48
87424,91,1505,-0.50,12.98,-0.50,-6.53,37.47
87695,91,1505,-0.07,12.98,-0.50,-6.54,37.46
87965,91,1505,-0.40,12.98,-0.50,-6.45,37.46
88236,91,1505,-0.09,12.98,-0.49,-6.37,37.45
88507,91,1505,-0.41,12.98,-0.49,-6.40,37.45
88777,91,1505,-0.20,12.98,-0.50,-6.42,37.44
89049,91,1505,-0.28,12.98,-0.48,-6.25,37.42
89319,91,1505,-0.19,12.98,-0.48,-6.29,37.42
89590,91,1505,-0.46,12.98,-0.48,-6.23,37.42
89861,91,1505,-0.18,12.98,-0.48,-6.27,37.42
90132,91,1505,-0.44,12.98,-0.48,-6.21,37.41
90402,91,1505,-0.79,12.98,-0.48,-6.26,37.41
90673,91,1505,-1.22,12.98,-0.48,-6.29,37.41
90944,91,1505,-1.14,12.98,-0.49,-6.33,37.40
91214,91,1505,-1.14,12.98,-0.48,-6.17,37.38
91486,91,1505,-0.62,12.98,-0.47,-6.12,37.38
91756,91,1505,-0.50,12.98,-0.48,-6.17,37.38
92027,91,1505,-0.16,12.98,-0.47,-6.12,37.39
92299,91,1505,-0.14,12.98,-0.47,-6.08,37.37
92569,91,1505,-0.23,12.98,-0.47,-6.13,37.36
92840,91,1505,-0.29,12.98,-0.46,-5.99,37.35
93111,91,1505,-0.19,12.98,-0.47,-6.06,37.34
93381,91,1505,-0.23,12.98,-0.46,-5.92,37.33
93652,91,1505,-0.25,12.98,-0.48,-6.19,37.33
93923,91,1505,-0.21,12.98,-0.47,-6.14,37.32
94194,91,1505,-0.30,12.98,-0.47,-6.09,37.31
94465,91,1505,-0.12,12.98,-0.46,-5.95,37.31
94736,91,1505,-0.35,12.98,-0.46,-6.02,37.30
95006,91,1505,-0.30,12.98,-0.45,-5.89,37.30
95277,91,1505,0.00,12.98,-0.45,-5.87,37.30
95548,91,1505,-0.30,12.98,-0.45,-5.85,37.29
95818,91,1505,-0.28,12.98,-0.45,-5.83,37.29
96090,91,1505,-0.34,12.98,-0.44,-5.72,37.29
96360,91,1505,-0.26,12.98,-0.45,-5.81,37.28
96631,91,1505,-0.28,12.98,-0.45,-5.80,37.28
96902,91,1505,-0.28,12.98,-0.44,-5.69,37.27
97173,91,1505,-0.23,12.98,-0.45,-5.79,37.25
97443,91,1505,-0.45,12.98,-0.45,-5.78,37.25
97714,91,1505,0.05,12.98,-0.45,-5.86,37.24
97985,91,1505,-0.43,12.98,-0.46,-5.94,37.24
98255,91,1505,-0.38,12.98,-0.46,-6.01,37.23
98527,91,1505,0.01,12.98,-0.47,-6.07,37.22
98798,91,1505,-0.60,12.98,-0.47,-6.13,37.21
99068,91,1505,-0.31,12.98,-0.46,-5.99,37.20
99340,91,1505,-0.07,12.98,-0.46,-5.96,37.19
99610,91,1505,-0.26,12.98,-0.46,-6.03,37.19
99881,91,1505,-0.37,12.98,-0.46,-5.99,37.18
100152,91,1505,-0.37,12.98,-0.47,-6.06,37.17
100423,91,1505,0.19,12.97,-0.47,-6.11,37.17
100694,91,1505,-0.51,12.97,-0.48,-6.17,37.16
100965,91,1505,1.54,12.97,-0.49,-6.31,37.16
101235,91,1505,0.54,12.97,-0.49,-6.34,37.16
101506,91,1505,-1.05,12.98,-0.50,-6.47,37.15
101777,91,1505,-0.42,12.98,-0.50,-6.49,37.15
102047,91,1505,-0.37,12.98,-0.49,-6.31,37.15
102319,91,1505,-0.47,12.98,-0.48,-6.25,37.13
102589,91,1505,-0.45,12.97,-0.48,-6.28,37.12
102860,91,1505,0.10,12.97,-0.49,-6.32,37.10
103131,91,1505,-0.49,12.97,-0.48,-6.26,37.09
103402,91,1505,-0.37,12.97,-0.48,-6.20,37.08
103672,91,1505,-0.04,12.97,-0.47,-6.15,37.07
103943,91,1505,-0.37,12.97,-0.48,-6.20,37.06
104214,91,1505,-0.29,12.97,-0.48,-6.24,37.06
104484,91,1505,-0.19,12.97,-0.48,-6.28,37.05
104756,91,1505,1.38,12.97,-0.46,-6.03,37.04
105026,91,1505,-0.57,12.97,-0.46,-5.99,37.04
105297,91,1505,-0.76,12.97,-0.47,-6.15,37.03
105568,91,1505,0.30,12.97,-0.47,-6.10,37.03
105839,91,1505,-1.04,12.97,-0.46,-5.97,37.02
106109,91,1505,0.19,12.97,-0.46,-5.94,37.02
106380,91,1505,-0.56,12.97,-0.46,-5.91,37.02
106651,91,1505,0.09,12.97,-0.45,-5.89,37.01
106921,91,1505,-0.63,12.97,-0.45,-5.87,37.01
107193,91,1505,-0.11,12.98,-0.45,-5.85,37.01
107463,91,1505,-0.36,12.98,-0.46,-6.02,36.99
107735,91,1505,0.01,12.98,-0.46,-5.99,36.99
108005,91,1505,-0.47,12.98,-0.46,-5.96,36.98
108276,91,1505,-0.09,12.98,-0.46,-5.93,36.96
108547,91,1505,-0.57,12.98,-0.46,-5.90,36.95
108817,91,1505,-0.01,12.98,-0.46,-5.98,36.94
109088,91,1505,-0.30,12.98,-0.47,-6.04,36.93
109359,91,1505,-0.38,12.98,-0.47,-6.10,36.93
109630,91,1505,-0.16,12.98,-0.47,-6.16,36.92
109900,91,1505,-0.09,12.98,-0.47,-6.11,36.91
110172,91,1505,-0.33,12.98,-0.47,-6.07,36.90
110442,91,1505,-0.13,12.98,-0.46,-5.93,36.90
110713,91,1505,-0.26,12.98,-0.46,-6.00,36.89
110984,91,1505,-0.12,12.98,-0.47,-6.07,36.89
111254,91,1505,-0.23,12.98,-0.47,-6.12,36.87
111525,91,1505,-0.26,12.98,-0.47,-6.08,36.87
111796,91,1505,-0.08,12.98,-0.47,-6.14,36.87
112067,91,1505,-0.35,12.98,-0.48,-6.28,36.85
112337,91,1505,-0.44,12.98,-0.48,-6.22,36.84
112609,91,1505,0.23,12.98,-0.48,-6.17,36.83
112879,91,1505,-0.65,12.98,-0.49,-6.31,36.81
113150,91,1505,0.00,12.98,-0.49,-6.34,36.80
113421,91,1505,-0.41,12.98,-0.48,-6.28,36.80
113692,91,1505,-0.27,12.97,-0.48,-6.22,36.79
113963,91,1505,-0.32,12.97,-0.47,-6.16,36.78
114233,91,1505,0.02,12.97,-0.48,-6.21,36.77
114504,91,1505,-0.47,12.97,-0.48,-6.25,36.77
114775,91,1505,-0.22,12.97,-0.48,-6.19,36.76
115046,91,1505,-0.11,12.97,-0.47,-6.05,36.74
115316,91,1505,0.02,12.97,-0.46,-6.01,36.74
115588,91,1505,-0.86,12.97,-0.47,-6.07,36.74
115858,91,1505,1.36,12.97,-0.47,-6.03,36.72
116129,91,1505,-0.61,12.97,-0.47,-6.09,36.72
116400,91,1505,-0.53,12.97,-0.47,-6.05,36.72
116671,91,1505,-0.01,12.97,-0.46,-6.01,36.72
116941,91,1505,-0.10,12.97,-0.46,-5.98,36.70
117213,91,1505,-0.64,12.97,-0.47,-6.05,36.71
117483,91,1505,-0.13,12.97,-0.47,-6.11,36.69
117754,91,1505,0.02,12.97,-0.47,-6.06,36.68
118025,91,1505,-0.56,12.97,-0.46,-6.02,36.67
118295,91,1505,-0.43,12.97,-0.47,-6.09,36.66
118566,91,1505,0.12,12.97,-0.47,-6.05,36.65
118837,91,1505,-0.56,12.98,-0.47,-6.10,36.65
119108,91,1505,-0.02,12.97,-0.47,-6.16,36.64
119378,91,1505,2.75,12.97,-0.48,-6.21,36.63
119650,91,1505,-1.19,12.97,-0.47,-6.15,36.63
119921,91,1505,-0.58,12.97,-0.47,-6.10,36.62
120192,91,1505,-0.22,12.97,-0.47,-6.06,36.62
120463,91,1505,-0.32,12.97,-0.46,-5.93,36.61
120733,91,1505,-0.52,12.97,-0.46,-6.00,36.61
121004,91,1505,-0.12,12.97,-0.46,-5.97,36.61
121275,91,1505,-0.14,12.97,-0.45,-5.84,36.60
121546,91,1505,-0.65,12.97,-0.46,-5.92,36.60
121817,91,1505,-0.05,12.97,-0.45,-5.90,36.60
122088,91,1505,-0.20,12.97,-0.45,-5.87,36.58
122358,91,1505,-0.23,12.97,-0.45,-5.85,36.57
122629,91,1505,-0.47,12.97,-0.46,-6.03,36.56
122900,91,1505,-0.17,12.97,-0.47,-6.09,36.54
123170,91,1505,-0.27,12.97,-0.47,-6.05,36.53
123442,91,1505,-0.27,12.97,-0.46,-6.01,36.52
123712,91,1505,-0.23,12.97,-0.47,-6.07,36.52
123983,91,1505,-0.25,12.97,-0.47,-6.13,36.51
124254,91,1505,-0.28,12.97,-0.47,-6.08,36.50
124525,91,1505,-0.20,12.97,-0.47,-6.14,36.49
124795,91,1505,-0.26,12.97,-0.48,-6.19,36.49
125066,91,1505,-0.39,12.97,-0.47,-6.14,36.48
125337,91,1505,-0.25,12.97,-0.48,-6.19,36.48
125879,92,1511,-0.28,12.97,-0.47,-6.09,36.46
126149,92,1511,-0.33,12.97,-0.47,-6.15,36.46
126420,92,1511,-0.15,12.97,-0.48,-6.20,36.44
126691,92,1511,-0.37,12.97,-0.47,-6.14,36.44
126962,92,1511,-0.19,12.97,-0.47,-6.10,36.43
127233,92,1511,-0.27,12.97,-0.47,-6.15,36.43
127503,92,1511,-0.09,12.97,-0.48,-6.20,36.43
127774,92,1511,-0.53,12.97,-0.47,-6.15,36.42
128045,92,1511,-0.21,12.97,-0.48,-6.20,36.41
128316,92,1511,-0.02,12.97,-0.47,-6.14,36.40
128586,92,1511,-0.49,12.97,-0.48,-6.19,36.39
128858,92,1511,-0.10,12.97,-0.47,-6.14,36.38
129128,92,1511,-0.26,12.97,-0.47,-6.10,36.37
129399,92,1511,-0.00,12.97,-0.47,-6.15,36.36
129670,92,1511,-0.50,12.97,-0.47,-6.10,36.36
129940,92,1511,0.05,12.98,-0.48,-6.25,36.35
130211,92,1511,-0.54,12.98,-0.47,-6.10,36.35
130482,92,1511,-0.05,12.98,-0.47,-6.06,36.34
130753,92,1511,0.04,12.98,-0.47,-6.12,36.34
131023,92,1511,-0.56,12.98,-0.48,-6.17,36.34
131295,92,1511,-0.20,12.97,-0.48,-6.21,36.33
131565,92,1511,-0.17,12.97,-0.48,-6.26,36.33
131836,92,1511,-0.24,12.97,-0.48,-6.20,36.33
132107,92,1511,-0.56,12.97,-0.47,-6.15,36.32
132378,92,1511,0.17,12.97,-0.48,-6.20,36.31
132648,92,1511,-0.41,12.98,-0.47,-6.15,36.29
132919,92,1511,-0.50,12.98,-0.47,-6.10,36.28
133190,92,1511,0.23,12.98,-0.47,-6.15,36.27
133460,92,1511,-0.32,12.98,-0.46,-6.01,36.26
133732,92,1511,1.43,12.98,-0.45,-5.88,36.26
134002,92,1511,-0.27,12.98,-0.45,-5.86,36.25
134274,92,1511,-0.27,12.97,-0.46,-6.03,36.25
134544,92,1511,-0.57,12.97,-0.45,-5.90,36.24
134815,92,1511,-0.26,12.97,-0.45,-5.88,36.23
135086,92,1511,-0.25,12.97,-0.46,-5.96,36.22
135357,92,1511,-0.27,12.98,-0.46,-5.93,36.22
135627,92,1511,-0.30,12.98,-0.45,-5.90,36.21
135899,92,1511,-0.12,12.98,-0.45,-5.88,36.21
136169,92,1511,-0.25,12.98,-0.46,-5.96,36.20
136440,92,1511,-0.67,12.98,-0.46,-6.02,36.20
136711,92,1511,0.17,12.98,-0.46,-5.99,36.20
136982,92,1511,-0.39,12.98,-0.47,-6.05,36.19
137252,92,1511,-0.31,12.98,-0.48,-6.21,36.19
137524,92,1511,-0.02,12.98,-0.47,-6.16,36.19
137794,92,1511,-0.34,12.98,-0.48,-6.20,36.19
138065,92,1511,-0.10,12.98,-0.48,-6.25,36.18
138336,92,1511,-0.50,12.98,-0.48,-6.19,36.18
138606,92,1511,0.20,12.98,-0.47,-6.04,36.18
138877,92,1511,-0.49,12.98,-0.47,-6.10,36.18
139148,92,1511,-0.25,12.98,-0.47,-6.16,36.16
139419,92,1511,-0.17,12.98,-0.48,-6.21,36.15
139689,92,1511,-0.13,12.98,-0.48,-6.25,36.14
139961,92,1511,-0.44,12.98,-0.48,-6.29,36.14
140231,92,1511,-0.40,12.98,-0.48,-6.23,36.13
140503,92,1511,0.10,12.98,-0.48,-6.17,36.12
140773,92,1511,-0.33,12.98,-0.47,-6.12,36.11
141044,92,1511,-0.32,12.98,-0.47,-6.08,36.10
141315,92,1511,-0.05,12.98,-0.47,-6.13,36.10
141586,92,1511,-0.33,12.98,-0.48,-6.18,36.09
141856,92,1511,-0.43,12.98,-0.47,-6.13,36.08
142128,92,1511,0.05,12.98,-0.47,-6.09,36.08
142398,92,1511,-0.20,12.98,-0.47,-6.14,36.06
142668,92,1511,-0.74,12.98,-0.48,-6.19,36.06
142940,92,1511,0.22,12.98,-0.49,-6.33,36.05
143210,92,1511,-0.24,12.98,-0.49,-6.36,36.05
143481,92,1511,-0.36,12.98,-0.49,-6.30,36.05
143752,92,1511,-0.13,12.98,-0.47,-6.14,36.05
144023,92,1511,-0.20,12.98,-0.47,-6.09,36.05
144293,92,1511,-0.34,12.98,-0.47,-6.15,36.04
144565,92,1511,-0.28,12.98,-0.48,-6.20,36.03
144835,92,1511,0.01,12.98,-0.47,-6.14,36.02
145105,92,1511,-0.44,12.98,-0.48,-6.19,36.00
145377,92,1511,-0.31,12.98,-0.48,-6.24,35.99
145647,92,1511,0.08,12.98,-0.48,-6.28,35.98
145918,92,1511,-0.30,12.98,-0.48,-6.22,35.97
146189,92,1511,-0.32,12.98,-0.49,-6.36,35.97
146460,92,1511,-0.11,12.98,-0.48,-6.29,35.96
146731,92,1511,-0.40,12.98,-0.49,-6.32,35.95
147002,92,1511,-0.08,12.98,-0.48,-6.26,35.95
147272,92,1511,-0.13,12.98,-0.49,-6.30,35.94
147543,92,1511,-0.38,12.98,-0.48,-6.24,35.94
147814,92,1511,-0.19,12.98,-0.48,-6.28,35.93
148085,92,1511,0.13,12.98,-0.48,-6.22,35.93
148356,92,1511,2.85,12.97,-0.47,-6.16,35.92
148626,92,1511,-0.97,12.97,-0.49,-6.31,35.92
148897,92,1511,-0.51,12.97,-0.50,-6.43,35.92
149168,92,1511,-0.18,12.97,-0.50,-6.45,35.92
149439,92,1511,-0.55,12.97,-0.51,-6.57,35.91
149709,92,1511,-0.19,12.97,-0.51,-6.58,35.91
149981,92,1511,-0.07,12.97,-0.51,-6.58,35.91
150251,92,1511,-0.52,12.97,-0.50,-6.49,35.91
150522,92,1511,-0.31,12.97,-0.49,-6.31,35.91
150793,92,1511,0.02,12.97,-0.49,-6.35,35.90
151063,92,1511,-0.27,12.97,-0.49,-6.38,35.89
151334,92,1511,-0.48,12.97,-0.49,-6.31,35.88
151605,92,1511,-0.20,12.97,-0.49,-6.34,35.86
151876,92,1511,-0.20,12.98,-0.48,-6.27,35.87
152146,92,1511,-0.46,12.98,-0.48,-6.21,35.86
152418,92,1511,-0.07,12.97,-0.48,-6.26,35.85
152688,92,1511,-0.27,12.97,-0.49,-6.39,35.84
152960,92,1511,-0.38,12.97,-0.49,-6.41,35.83
153230,92,1511,0.04,12.97,-0.50,-6.44,35.82
153501,92,1511,-0.36,12.97,-0.49,-6.36,35.82
153772,92,1511,-0.31,12.97,-0.49,-6.29,35.81
154042,92,1511,-0.41,12.97,-0.48,-6.23,35.80
154313,92,1511,0.19,12.97,-0.48,-6.27,35.80
154584,92,1511,-0.69,12.97,-0.48,-6.21,35.79
154855,92,1511,-0.14,12.97,-0.47,-6.16,35.79
155125,92,1511,-0.31,12.97,-0.47,-6.11,35.79
155397,92,1511,1.60,12.97,-0.46,-5.97,35.78
155667,92,1511,-0.76,12.97,-0.47,-6.13,35.78
155938,92,1511,-0.51,12.97,-0.47,-6.09,35.78
156209,92,1511,-0.10,12.97,-0.47,-6.14,35.78
156480,92,1511,-0.53,12.97,-0.47,-6.10,35.77
156750,92,1511,-0.67,12.97,-0.47,-6.15,35.77
157022,92,1511,0.25,12.97,-0.48,-6.20,35.76
157292,92,1511,-0.57,12.97,-0.47,-6.05,35.76
157563,92,1511,-0.54,12.97,-0.46,-6.01,35.76
157834,92,1511,-0.09,12.97,-0.47,-6.07,35.74
158105,92,1511,-0.22,12.97,-0.47,-6.13,35.73
158375,92,1511,-0.65,12.97,-0.47,-6.09,35.73
158647,92,1511,0.25,12.97,-0.47,-6.14,35.74
158917,92,1511,-0.31,12.97,-0.47,-6.09,35.72
159188,92,1511,-0.54,12.97,-0.47,-6.05,35.71
159459,92,1511,-0.10,12.97,-0.47,-6.11,35.70
159729,92,1511,0.25,12.97,-0.47,-6.07,35.70
160001,92,1511,-0.91,12.97,-0.46,-6.03,35.69
160271,92,1511,0.01,12.97,-0.46,-5.99,35.68
160542,92,1511,-0.06,12.97,-0.46,-5.96,35.68
160813,92,1511,-0.53,12.97,-0.46,-6.03,35.67
161084,92,1511,-0.15,12.97,-0.46,-5.99,35.66
161354,92,1511,-0.01,12.97,-0.47,-6.06,35.66
161626,92,1511,-0.67,12.97,-0.47,-6.12,35.66
161896,92,1511,-0.14,12.97,-0.47,-6.07,35.65
162167,92,1511,-0.05,12.97,-0.47,-6.03,35.65
162438,92,1511,1.69,12.97,-0.47,-6.09,35.65
162709,92,1511,-0.78,12.97,-0.47,-6.05,35.64
162979,92,1511,-0.30,12.97,-0.47,-6.11,35.64
163251,92,1511,-0.28,12.97,-0.46,-5.97,35.64
163521,92,1511,-0.45,12.97,-0.47,-6.13,35.64
163792,92,1511,-0.45,12.96,-0.48,-6.18,35.64
164063,92,1511,-0.19,12.96,-0.48,-6.22,35.63
164333,92,1511,-0.53,12.96,-0.48,-6.27,35.63
164604,92,1511,0.01,12.96,-0.49,-6.30,35.62
164875,92,1511,-0.24,12.96,-0.48,-6.24,35.62
165146,92,1511,-0.45,12.97,-0.48,-6.18,35.62
165416,92,1511,-0.50,12.97,-0.47,-6.13,35.60
165688,92,1511,0.37,12.97,-0.47,-6.09,35.59
165958,92,1511,-0.81,12.97,-0.47,-6.14,35.59
166230,92,1511,-0.06,12.97,-0.48,-6.19,35.58
166500,92,1511,-0.37,12.97,-0.48,-6.24,35.57
166771,92,1511,-0.17,12.97,-0.48,-6.18,35.56
167042,92,1511,-0.53,12.97,-0.47,-6.13,35.56
167313,92,1511,0.18,12.97,-0.48,-6.18,35.55
167583,92,1511,-0.61,12.97,-0.47,-6.13,35.54
167855,92,1511,-0.28,12.97,-0.47,-6.09,35.54
168125,92,1511,-0.26,12.97,-0.47,-6.14,35.53
168396,92,1511,-0.14,12.97,-0.48,-6.19,35.53
168667,92,1511,-0.41,12.97,-0.47,-6.14,35.52
168937,92,1511,-0.27,12.97,-0.48,-6.29,35.52
169208,92,1511,-0.20,12.97,-0.48,-6.22,35.51
169479,92,1511,-0.10,12.97,-0.47,-6.07,35.51
169750,92,1511,-0.32,12.97,-0.47,-6.13,35.51
170020,92,1511,-0.23,12.97,-0.48,-6.18,35.51
170292,92,1511,-0.41,12.97,-0.47,-6.13,35.50
170562,92,1511,-0.23,12.97,-0.48,-6.18,35.50
170833,92,1511,-0.14,12.97,-0.49,-6.32,35.50
171104,92,1511,-0.13,12.97,-0.49,-6.35,35.50
171374,92,1511,-0.40,12.97,-0.48,-6.28,35.50
171645,92,1511,-0.21,12.97,-0.49,-6.32,35.50
171916,92,1511,-0.16,12.97,-0.49,-6.35,35.49
172187,92,1511,-0.27,12.97,-0.48,-6.28,35.48
172457,92,1511,-0.44,12.97,-0.47,-6.13,35.47
172729,92,1511,0.25,12.97,-0.48,-6.18,35.45
172999,92,1511,-0.83,12.97,-0.47,-6.13,35.44
173271,92,1511,-0.25,12.97,-0.48,-6.18,35.43
173541,92,1511,-0.06,12.97,-0.47,-6.03,35.42
173812,92,1511,-0.03,12.97,-0.47,-6.09,35.42
174084,92,1511,-0.80,12.97,-0.47,-6.15,35.41
174354,92,1511,0.36,12.97,-0.48,-6.20,35.40
174625,92,1511,-0.26,12.97,-0.48,-6.24,35.40
174896,92,1511,-0.57,12.97,-0.48,-6.28,35.39
175167,92,1511,0.00,12.97,-0.48,-6.22,35.39
175437,92,1511,-0.38,12.97,-0.48,-6.17,35.38
175709,92,1511,-0.42,12.97,-0.48,-6.21,35.38
175979,92,1511,0.00,12.97,-0.48,-6.26,35.38
176249,92,1511,-0.19,12.97,-0.48,-6.20,35.37
176521,92,1511,-0.44,12.97,-0.48,-6.24,35.37
176791,92,1511,-0.25,12.97,-0.48,-6.28,35.37
177062,92,1511,0.03,12.97,-0.49,-6.32,35.37
177333,92,1511,-0.56,12.97,-0.49,-6.35,35.36
177604,92,1511,-0.20,12.97,-0.48,-6.28,35.36
177874,92,1511,-0.38,12.97,-0.49,-6.32,35.36
178146,92,1511,-0.36,12.97,-0.48,-6.25,35.36
178416,92,1511,-0.23,12.97,-0.49,-6.29,35.36
178686,92,1511,-0.14,12.97,-0.49,-6.33,35.36
178958,92,1511,-0.62,12.97,-0.48,-6.26,35.36
179228,92,1511,-0.09,12.97,-0.48,-6.20,35.35
179500,92,1511,-0.43,12.97,-0.48,-6.25,35.35
179770,92,1511,0.03,12.97,-0.48,-6.28,35.35
180041,92,1511,-0.42,12.97,-0.48,-6.22,35.34
180312,92,1511,-0.53,12.97,-0.48,-6.27,35.33
180583,92,1511,-0.05,12.97,-0.48,-6.21,35.33
180853,92,1511,-0.23,12.97,-0.47,-6.15,35.32
181125,92,1511,-0.41,12.97,-0.48,-6.20,35.31
181395,92,1511,-0.12,12.97,-0.48,-6.24,35.30
181665,92,1511,-0.55,12.97,-0.48,-6.19,35.29
181937,92,1511,-0.06,12.97,-0.48,-6.23,35.28
182207,92,1511,-0.16,12.97,-0.48,-6.18,35.27
182478,92,1511,-0.34,12.97,-0.47,-6.13,35.27
182749,92,1511,-0.27,12.97,-0.47,-6.08,35.26
183020,92,1511,-0.33,12.97,-0.47,-6.14,35.26
183291,92,1511,-0.00,12.97,-0.46,-5.99,35.25
183562,92,1511,-0.24,12.97,-0.46,-5.96,35.25
183832,92,1511,-0.35,12.97,-0.46,-6.03,35.24
184103,92,1511,-0.31,12.97,-0.47,-6.09,35.24
184374,92,1511,0.08,12.97,-0.47,-6.15,35.24
184645,92,1511,-0.64,12.97,-0.47,-6.10,35.23
184915,92,1511,0.25,12.97,-0.48,-6.25,35.23
185187,92,1511,-0.62,12.97,-0.48,-6.29,35.23
185457,92,1511,-0.15,12.97,-0.49,-6.42,35.23
185999,93,1516,-0.06,12.97,-0.49,-6.36,35.22
186270,93,1516,-0.34,12.97,-0.49,-6.39,35.22
186541,93,1516,-0.50,12.97,-0.48,-6.22,35.22
186812,93,1516,0.14,12.97,-0.49,-6.36,35.22
187082,93,1516,-0.44,12.97,-0.49,-6.39,35.22
187354,93,1516,-0.14,12.97,-0.49,-6.41,35.22
187624,93,1516,-0.18,12.97,-0.49,-6.34,35.22
187895,93,1516,-0.30,12.97,-0.49,-6.37,35.22
188166,93,1516,-0.37,12.97,-0.49,-6.30,35.22
188437,93,1516,0.08,12.97,-0.48,-6.24,35.21
188707,93,1516,-0.38,12.97,-0.48,-6.18,35.21
188979,93,1516,-0.29,12.97,-0.48,-6.23,35.21
189249,93,1516,0.17,12.97,-0.48,-6.17,35.20
189520,93,1516,-0.51,12.97,-0.47,-6.12,35.19
189791,93,1516,-0.18,12.97,-0.48,-6.17,35.18
190062,93,1516,-0.29,12.97,-0.48,-6.22,35.18
190332,93,1516,-0.11,12.97,-0.48,-6.26,35.17
190603,93,1516,-0.48,12.97,-0.48,-6.20,35.16
190874,93,1516,-0.09,12.97,-0.47,-6.15,35.15
191144,93,1516,-0.14,12.97,-0.48,-6.20,35.14
191416,93,1516,-0.29,12.97,-0.47,-6.15,35.14
191686,93,1516,-0.54,12.97,-0.48,-6.20,35.13
191958,93,1516,0.24,12.97,-0.48,-6.24,35.12
192228,93,1516,-0.50,12.97,-0.48,-6.18,35.12
192499,93,1516,-0.05,12.97,-0.47,-6.13,35.11
192770,93,1516,-0.46,12.97,-0.47,-6.09,35.11
193041,93,1516,-0.28,12.97,-0.47,-6.05,35.11
193311,93,1516,-0.14,12.97,-0.46,-6.01,35.10
193582,93,1516,-0.30,12.97,-0.46,-5.98,35.10
193853,93,1516,-0.09,12.97,-0.47,-6.04,35.10
194123,93,1516,-0.46,12.97,-0.48,-6.20,35.09
194395,93,1516,0.65,12.97,-0.48,-6.24,35.09
194665,93,1516,0.24,12.97,-0.48,-6.28,35.09
194936,93,1516,-0.23,12.97,-0.49,-6.31,35.09
195207,93,1516,-0.79,12.97,-0.49,-6.35,35.07
195478,93,1516,0.02,12.96,-0.48,-6.28,35.07
195748,93,1516,-0.35,12.97,-0.49,-6.31,35.07
196020,93,1516,-0.08,12.97,-0.48,-6.25,35.07
196290,93,1516,-0.38,12.97,-0.48,-6.19,35.07
196561,93,1516,-0.17,12.97,-0.47,-6.14,35.07
196832,93,1516,-0.50,12.97,-0.48,-6.19,35.07
197102,93,1516,0.02,12.97,-0.47,-6.14,35.07
197373,93,1516,0.01,12.97,-0.48,-6.19,35.07
197644,93,1516,-0.67,12.97,-0.47,-6.14,35.07
197915,93,1516,-0.01,12.97,-0.47,-6.09,35.07
198185,93,1516,-0.30,12.97,-0.47,-6.15,35.07
198457,93,1516,0.05,12.97,-0.48,-6.20,35.06
198727,93,1516,-0.68,12.97,-0.48,-6.24,35.05
198999,93,1516,-0.03,12.97,-0.48,-6.18,35.04
199269,93,1516,-0.28,12.97,-0.48,-6.23,35.03
199540,93,1516,-0.34,12.97,-0.48,-6.17,35.02
199811,93,1516,0.01,12.97,-0.47,-6.12,35.01
200081,93,1516,-0.23,12.97,-0.47,-6.08,35.00
200352,93,1516,-0.59,12.97,-0.47,-6.14,34.99
200623,93,1516,0.40,12.97,-0.48,-6.19,34.99
200894,93,1516,-0.35,12.97,-0.48,-6.23,34.98
201164,93,1516,-0.59,12.97,-0.48,-6.27,34.98
201436,93,1516,0.09,12.97,-0.49,-6.31,34.97
201706,93,1516,-0.27,12.97,-0.47,-6.15,34.97
201977,93,1516,-0.30,12.97,-0.47,-6.10,34.97
202248,93,1516,0.02,12.97,-0.46,-5.96,34.96
202518,93,1516,-0.27,12.97,-0.46,-6.03,34.96
202789,93,1516,-0.17,12.97,-0.47,-6.09,34.96
203060,93,1516,-0.41,12.97,-0.47,-6.05,34.96
203331,93,1516,0.27,12.97,-0.46,-6.01,34.95
203601,93,1516,-0.66,12.97,-0.47,-6.07,34.95
203873,93,1516,-0.12,12.97,-0.47,-6.04,34.95
204143,93,1516,-0.29,12.97,-0.46,-6.00,34.95
204413,93,1516,-0.03,12.97,-0.47,-6.06,34.95
204685,93,1516,-0.58,12.97,-0.46,-6.03,34.95
204955,93,1516,0.27,12.97,-0.47,-6.09,34.95
205227,93,1516,-0.59,12.97,-0.47,-6.14,34.93
205497,93,1516,2.34,12.97,-0.46,-6.00,34.93
205768,93,1516,-0.77,12.97,-0.47,-6.16,34.92
206039,93,1516,-0.33,12.97,-0.48,-6.21,34.92
206310,93,1516,-0.59,12.97,-0.47,-6.15,34.91
206581,93,1516,-0.17,12.97,-0.48,-6.20,34.90
206852,93,1516,-0.14,12.97,-0.47,-6.15,34.89
207122,93,1516,-0.39,12.97,-0.48,-6.20,34.88
207393,93,1516,-0.36,12.97,-0.47,-6.15,34.87
207664,93,1516,-0.04,12.97,-0.48,-6.20,34.86
207935,93,1516,-0.47,12.97,-0.48,-6.24,34.86
208205,93,1516,-0.53,12.97,-0.48,-6.28,34.85
208477,93,1516,0.31,12.97,-0.49,-6.31,34.85
208747,93,1516,-0.58,12.97,-0.47,-6.16,34.84
209018,93,1516,-0.59,12.97,-0.48,-6.20,34.84
209289,93,1516,0.25,12.97,-0.47,-6.15,34.83
209560,93,1516,-0.43,12.97,-0.48,-6.20,34.83
209830,93,1516,-0.18,12.97,-0.49,-6.34,34.83
210102,93,1516,-0.04,12.97,-0.49,-6.37,34.82
210372,93,1516,-0.59,12.97,-0.49,-6.39,34.82
210642,93,1516,-0.09,12.97,-0.49,-6.32,34.82
210914,93,1516,-0.11,12.97,-0.49,-6.35,34.82
211184,93,1516,-0.16,12.97,-0.49,-6.38,34.82
211456,93,1516,-0.28,12.97,-0.50,-6.50,34.81
211726,93,1516,-0.51,12.97,-0.50,-6.52,34.81
211997,93,1516,0.11,12.97,-0.50,-6.43,34.80
212268,93,1516,-0.10,12.97,-0.49,-6.36,34.80
212539,93,1516,0.44,12.97,-0.48,-6.29,34.80
212809,93,1516,-0.21,12.97,-0.48,-6.23,34.78
213081,93,1516,-0.38,12.97,-0.47,-6.08,34.77
213351,93,1516,-0.15,12.97,-0.47,-6.04,34.77
213622,93,1516,-0.29,12.97,-0.47,-6.10,34.76
213893,93,1516,-0.12,12.97,-0.47,-6.05,34.77
214163,93,1516,-0.53,12.97,-0.47,-6.11,34.76
214434,93,1516,-0.22,12.97,-0.48,-6.16,34.75
214705,93,1516,0.31,12.97,-0.47,-6.12,34.75
214976,93,1516,-0.68,12.97,-0.47,-6.07,34.74
215246,93,1516,-0.39,12.97,-0.47,-6.13,34.74
215517,93,1516,0.16,12.97,-0.48,-6.18,34.73
215788,93,1516,-0.37,12.97,-0.48,-6.22,34.72
216058,93,1516,-0.35,12.97,-0.48,-6.26,34.72
216330,93,1516,0.18,12.97,-0.49,-6.30,34.71
216600,93,1516,-0.82,12.97,-0.49,-6.34,34.71
216871,93,1516,-0.03,12.97,-0.48,-6.27,34.70
217142,93,1516,0.06,12.97,-0.49,-6.31,34.70
217413,93,1516,-0.47,12.97,-0.49,-6.34,34.69
217683,93,1516,-0.34,12.97,-0.49,-6.37,34.68
217955,93,1516,-0.31,12.97,-0.49,-6.30,34.68
218225,93,1516,0.23,12.97,-0.49,-6.33,34.67
218496,93,1516,-0.50,12.97,-0.49,-6.36,34.67
218767,93,1516,0.12,12.97,-0.49,-6.39,34.67
219037,93,1516,-0.55,12.97,-0.49,-6.42,34.67
219309,93,1516,-0.05,12.97,-0.49,-6.34,34.67
219579,93,1516,-0.18,12.97,-0.48,-6.18,34.67
219850,93,1516,-0.13,12.97,-0.48,-6.22,34.67
220121,93,1516,-0.44,12.97,-0.47,-6.07,34.67
220391,93,1516,-0.14,12.97,-0.47,-6.03,34.67
220662,93,1516,-0.08,12.97,-0.48,-6.19,34.67
220933,93,1516,-0.21,12.97,-0.47,-6.14,34.67
221204,93,1516,-0.38,12.97,-0.48,-6.29,34.67
221474,93,1516,0.03,12.97,-0.49,-6.32,34.67
221746,93,1516,-0.56,12.97,-0.48,-6.25,34.65
222016,93,1516,0.02,12.97,-0.49,-6.39,34.64
222287,93,1516,-0.36,12.97,-0.49,-6.32,34.63
222558,93,1516,-0.08,12.97,-0.48,-6.25,34.62
222828,93,1516,-0.77,12.97,-0.48,-6.20,34.62
223099,93,1516,0.35,12.97,-0.47,-6.14,34.61
223370,93,1516,-0.47,12.97,-0.48,-6.19,34.60
223641,93,1516,2.27,12.97,-0.47,-6.05,34.60
223911,93,1516,-1.02,12.97,-0.47,-6.11,34.59
224183,93,1516,-0.46,12.97,-0.47,-6.06,34.58
224453,93,1516,-0.46,12.97,-0.46,-6.02,34.58
224724,93,1516,-0.22,12.97,-0.46,-5.99,34.57
224995,93,1516,0.12,12.97,-0.46,-5.96,34.57
225265,93,1516,-0.72,12.97,-0.46,-5.93,34.56
225537,93,1516,-0.11,12.97,-0.46,-6.00,34.56
225807,93,1516,-0.06,12.97,-0.45,-5.87,34.56
226078,93,1516,-0.41,12.97,-0.45,-5.85,34.55
226349,93,1516,0.03,12.97,-0.46,-6.03,34.55
226620,93,1516,-0.51,12.97,-0.48,-6.19,34.55
226890,93,1516,-0.10,12.97,-0.48,-6.23,34.55
227162,93,1516,0.61,12.98,-0.48,-6.27,34.54
227432,93,1516,0.53,12.97,-0.48,-6.21,34.54
227703,93,1516,-0.78,12.97,-0.48,-6.25,34.54
227974,93,1516,-0.27,12.97,-0.48,-6.20,34.54
228245,93,1516,-0.58,12.97,-0.49,-6.34,34.54
228515,93,1516,0.20,12.97,-0.48,-6.27,34.54
228786,93,1516,-0.53,12.97,-0.49,-6.31,34.54
229057,93,1516,-0.54,12.97,-0.48,-6.24,34.53
229327,93,1516,0.15,12.97,-0.48,-6.19,34.52
229599,93,1516,-0.16,12.97,-0.48,-6.23,34.52
229869,93,1516,-0.28,12.97,-0.48,-6.27,34.51
230140,93,1516,-0.40,12.97,-0.49,-6.31,34.51
230411,93,1516,-0.17,12.97,-0.49,-6.34,34.51
230682,93,1516,-0.28,12.97,-0.49,-6.37,34.51
230952,93,1516,-0.13,12.97,-0.49,-6.30,34.50
231223,93,1516,-0.10,12.97,-0.47,-6.14,34.50
231494,93,1516,-0.53,12.97,-0.48,-6.19,34.50
231764,93,1516,-0.27,12.97,-0.47,-6.14,34.51
232036,93,1516,0.21,12.97,-0.47,-6.09,34.50
232306,93,1516,-0.46,12.97,-0.47,-6.15,34.48
232578,93,1516,-0.15,12.97,-0.47,-6.10,34.48
232848,93,1516,-0.09,12.97,-0.47,-6.16,34.47
233118,93,1516,-0.25,12.97,-0.48,-6.20,34.46
233390,93,1516,-0.20,12.97,-0.47,-6.15,34.45
233660,93,1516,0.07,12.97,-0.48,-6.20,34.45
233931,93,1516,-0.60,12.97,-0.47,-6.15,34.44
234202,93,1516,0.10,12.97,-0.48,-6.20,34.43
234473,93,1516,-0.32,12.97,-0.47,-6.05,34.43
234743,93,1516,-0.20,12.97,-0.47,-6.11,34.43
235014,93,1516,-0.27,12.97,-0.46,-5.97,34.42
235285,93,1516,-0.40,12.97,-0.47,-6.13,34.42
235555,93,1516,-0.08,12.97,-0.48,-6.18,34.42
235827,93,1516,-0.13,12.97,-0.48,-6.23,34.41
236097,93,1516,-0.19,12.97,-0.48,-6.17,34.41
236368,93,1516,-0.23,12.97,-0.49,-6.32,34.41
236639,93,1516,-0.14,12.97,-0.47,-6.16,34.41
236910,93,1516,-0.23,12.97,-0.47,-6.11,34.41
237180,93,1516,-0.31,12.97,-0.47,-6.16,34.40
237452,93,1516,0.03,12.97,-0.48,-6.21,34.40
237722,93,1516,-0.36,12.97,-0.48,-6.25,34.39
237993,93,1516,-0.23,12.97,-0.48,-6.29,34.39
238265,93,1516,0.91,12.97,-0.48,-6.23,34.37
238535,93,1516,-0.54,12.97,-0.48,-6.17,34.38
238806,93,1516,-0.30,12.97,-0.48,-6.22,34.38
239077,93,1516,-0.40,12.97,-0.48,-6.17,34.38
239347,93,1516,-0.26,12.97,-0.48,-6.21,34.38
239619,93,1516,-0.40,12.97,-0.48,-6.26,34.38
239889,93,1516,0.02,12.97,-0.49,-6.29,34.37
240160,93,1516,-0.41,12.97,-0.48,-6.23,34.37
240432,93,1516,-0.11,12.97,-0.48,-6.18,34.37
240702,93,1516,-0.40,12.97,-0.48,-6.22,34.36
240973,93,1516,0.13,12.97,-0.48,-6.17,34.35
241244,93,1516,-0.57,12.97,-0.47,-6.12,34.34
241515,93,1516,0.13,12.97,-0.48,-6.17,34.33
241785,93,1516,-0.47,12.97,-0.48,-6.22,34.32
242056,93,1516,0.13,12.97,-0.48,-6.26,34.32
242327,93,1516,-0.49,12.97,-0.48,-6.20,34.31
242597,93,1516,0.14,12.97,-0.48,-6.24,34.30
242869,93,1516,-0.45,12.97,-0.48,-6.28,34.30
243139,93,1516,-0.24,12.97,-0.49,-6.32,34.29
243410,93,1516,0.02,12.97,-0.48,-6.25,34.29
243681,93,1516,-0.09,12.97,-0.49,-6.29,34.29
243952,93,1516,-0.58,12.97,-0.48,-6.23,34.28
244222,93,1516,0.04,12.97,-0.48,-6.27,34.28
244494,93,1516,-0.19,12.97,-0.49,-6.31,34.28
244764,93,1516,-0.36,12.97,-0.49,-6.34,34.27
245036,93,1516,-0.03,12.97,-0.48,-6.27,34.27
245306,93,1516,-0.31,12.97,-0.49,-6.31,34.27
245577,93,1516,-0.54,12.97,-0.50,-6.44,34.27
246119,94,1522,-0.14,12.97,-0.50,-6.48,34.27
246389,94,1522,-0.53,12.97,-0.49,-6.40,34.26
246660,94,1522,-0.25,12.97,-0.49,-6.33,34.26
246931,94,1522,0.03,12.97,-0.48,-6.26,34.26
247201,94,1522,-0.27,12.97,-0.49,-6.30,34.26
247473,94,1522,2.26,12.97,-0.48,-6.24,34.26
247743,94,1522,-0.63,12.97,-0.48,-6.18,34.26
248014,94,1522,-0.47,12.97,-0.47,-6.13,34.26
248285,94,1522,-0.48,12.97,-0.46,-5.99,34.26
248556,94,1522,0.04,12.97,-0.46,-5.96,34.26
248826,94,1522,-0.51,12.97,-0.46,-5.93,34.26
249097,94,1522,-0.51,12.97,-0.46,-5.90,34.26
249368,94,1522,-0.10,12.97,-0.45,-5.88,34.26
249638,94,1522,-0.21,12.97,-0.46,-5.96,34.26
249910,94,1522,-0.19,12.97,-0.46,-6.02,34.26
250180,94,1522,-0.51,12.97,-0.47,-6.08,34.26
250451,94,1522,0.09,12.97,-0.47,-6.14,34.25
250722,94,1522,-0.19,12.97,-0.47,-6.09,34.25
250993,94,1522,1.18,12.97,-0.47,-6.05,34.25
251264,94,1522,2.16,12.97,-0.46,-6.01,34.24
251535,94,1522,1.33,12.97,-0.48,-6.17,34.23
251805,94,1522,-1.40,12.97,-0.47,-6.12,34.23
252077,94,1522,0.01,12.97,-0.48,-6.27,34.22
252347,94,1522,-0.58,12.97,-0.48,-6.21,34.21
252618,94,1522,-0.68,12.97,-0.49,-6.35,34.20
252889,94,1522,1.67,12.97,-0.50,-6.47,34.19
253160,94,1522,-0.63,12.97,-0.49,-6.39,34.18
253430,94,1522,-0.63,12.97,-0.49,-6.32,34.18
253702,94,1522,-0.33,12.97,-0.49,-6.35,34.17
253972,94,1522,-0.04,12.97,-0.49,-6.38,34.17
254242,94,1522,-1.27,12.97,-0.49,-6.31,34.16
254514,94,1522,-0.01,12.97,-0.47,-6.15,34.16
254784,94,1522,0.11,12.97,-0.49,-6.30,34.15
255055,94,1522,1.24,12.97,-0.47,-6.14,34.15
255326,94,1522,0.12,12.97,-0.47,-6.09,34.14
255597,94,1522,-0.63,12.97,-0.47,-6.15,34.14
255867,94,1522,-0.41,12.97,-0.47,-6.10,34.13
256139,94,1522,-0.81,12.97,-0.47,-6.15,34.12
256409,94,1522,0.60,12.97,-0.49,-6.30,34.12
256680,94,1522,0.80,12.97,-0.49,-6.33,34.12
256951,94,1522,1.15,12.97,-0.49,-6.36,34.12
257222,94,1522,-0.14,12.97,-0.50,-6.49,34.12
257492,94,1522,-0.36,12.97,-0.52,-6.69,34.12
257764,94,1522,-0.71,12.97,-0.52,-6.69,34.12
258034,94,1522,-0.60,12.97,-0.51,-6.59,34.12
258306,94,1522,0.28,12.97,-0.51,-6.59,34.12
258576,94,1522,-0.69,12.97,-0.51,-6.60,34.12
258847,94,1522,-0.16,12.97,-0.51,-6.60,34.12
259118,94,1522,-0.14,12.97,-0.50,-6.51,34.12
259389,94,1522,2.40,12.98,-0.50,-6.52,34.12
259659,94,1522,-0.77,12.98,-0.49,-6.34,34.12
259930,94,1522,0.05,12.98,-0.48,-6.18,34.12
260201,94,1522,-0.86,12.97,-0.49,-6.32,34.12
260471,94,1522,-0.66,12.97,-0.48,-6.26,34.12
260743,94,1522,0.17,12.97,-0.49,-6.39,34.10
261013,94,1522,-0.10,12.97,-0.49,-6.41,34.10
261284,94,1522,-0.59,12.97,-0.48,-6.24,34.11
261555,94,1522,1.66,12.97,-0.48,-6.28,34.11
261826,94,1522,-0.84,12.97,-0.49,-6.32,34.09
262096,94,1522,0.59,12.97,-0.48,-6.26,34.10
262367,94,1522,-0.39,12.97,-0.49,-6.29,34.08
262638,94,1522,-0.39,12.97,-0.49,-6.33,34.09
262908,94,1522,-0.66,12.97,-0.49,-6.36,34.08
263180,94,1522,-0.12,12.97,-0.48,-6.29,34.08
263450,94,1522,0.14,12.97,-0.49,-6.33,34.07
263721,94,1522,-0.42,12.97,-0.49,-6.36,34.06
263992,94,1522,-0.58,12.97,-0.48,-6.29,34.05
264263,94,1522,2.55,12.97,-0.48,-6.23,34.05
264534,94,1522,-0.40,12.97,-0.48,-6.17,34.04
264805,94,1522,-0.77,12.97,-0.47,-6.12,34.03
265075,94,1522,-0.48,12.97,-0.48,-6.17,34.03
265346,94,1522,-0.25,12.97,-0.46,-6.03,34.02
265617,94,1522,1.04,12.97,-0.48,-6.18,34.02
265887,94,1522,0.00,12.97,-0.48,-6.23,34.01
266159,94,1522,-0.28,12.97,-0.48,-6.27,34.01
266429,94,1522,-0.93,12.97,-0.49,-6.31,34.01
266700,94,1522,-0.06,12.97,-0.49,-6.34,34.00
266971,94,1522,0.02,12.97,-0.49,-6.37,34.00
267242,94,1522,-0.38,12.97,-0.49,-6.40,34.00
267512,94,1522,0.84,12.97,-0.49,-6.42,34.00
267783,94,1522,1.59,12.97,-0.49,-6.34,34.00
268054,94,1522,-1.35,12.97,-0.49,-6.37,33.99
268324,94,1522,-0.19,12.97,-0.49,-6.40,33.99
268596,94,1522,-0.19,12.97,-0.49,-6.33,33.99
268866,94,1522,-0.42,12.97,-0.49,-6.36,33.99
269137,94,1522,-0.73,12.97,-0.49,-6.29,33.99
269408,94,1522,0.14,12.97,-0.49,-6.33,33.99
269679,94,1522,-0.30,12.97,-0.50,-6.45,33.99
269949,94,1522,-0.35,12.97,-0.49,-6.38,33.99
270221,94,1522,1.62,12.97,-0.49,-6.40,34.00
270491,94,1522,-0.77,12.97,-0.50,-6.43,34.00
270763,94,1522,-0.27,12.97,-0.50,-6.45,34.00
271033,94,1522,-0.40,12.97,-0.50,-6.47,33.99
271304,94,1522,-0.27,12.97,-0.49,-6.39,33.99
271575,94,1522,-0.41,12.97,-0.49,-6.31,33.99
271846,94,1522,-0.38,12.97,-0.48,-6.25,33.99
272116,94,1522,0.95,12.97,-0.48,-6.19,33.99
272388,94,1522,-0.51,12.97,-0.47,-6.05,33.99
272658,94,1522,-0.12,12.97,-0.47,-6.10,33.99
272929,94,1522,-0.54,12.97,-0.47,-6.16,33.99
273200,94,1522,-0.02,12.97,-0.47,-6.11,33.99
273471,94,1522,-0.23,12.97,-0.47,-6.07,33.98
273741,94,1522,-0.16,12.97,-0.46,-6.03,33.98
274013,94,1522,2.59,12.97,-0.45,-5.90,33.98
274283,94,1522,-1.16,12.97,-0.46,-5.97,33.98
274554,94,1522,0.03,12.97,-0.46,-5.94,33.97
274825,94,1522,1.30,12.97,-0.46,-6.01,33.96
275096,94,1522,-0.73,12.97,-0.47,-6.07,33.96
275366,94,1522,-0.65,12.97,-0.47,-6.13,33.95
275638,94,1522,2.49,12.97,-0.47,-6.08,33.95
275908,94,1522,-0.88,12.97,-0.47,-6.04,33.95
276179,94,1522,1.44,12.97,-0.46,-6.00,33.96
276450,94,1522,-0.91,12.96,-0.47,-6.07,33.94
276720,94,1522,-0.62,12.97,-0.46,-6.03,33.93
276992,94,1522,-0.28,12.97,-0.47,-6.09,33.93
277262,94,1522,-0.30,12.97,-0.46,-5.95,33.92
277533,94,1522,1.67,12.97,-0.46,-5.92,33.91
277804,94,1522,-0.72,12.97,-0.45,-5.90,33.90
278075,94,1522,-0.32,12.97,-0.46,-5.97,33.90
278345,94,1522,-0.16,12.97,-0.46,-5.94,33.89
278617,94,1522,-0.34,12.97,-0.46,-5.92,33.89
278887,94,1522,-0.01,12.97,-0.46,-5.99,33.88
279157,94,1522,-0.60,12.97,-0.45,-5.86,33.88
279429,94,1522,-0.01,12.97,-0.45,-5.84,33.87
279699,94,1522,-0.78,12.97,-0.45,-5.83,33.87
279970,94,1522,1.55,12.97,-0.45,-5.81,33.87
280241,94,1522,-0.32,12.97,-0.45,-5.80,33.87
280512,94,1522,-0.59,12.97,-0.46,-5.98,33.86
280782,94,1522,1.12,12.97,-0.45,-5.85,33.86
281054,94,1522,-0.16,12.96,-0.45,-5.83,33.86
281325,94,1522,-0.70,12.97,-0.45,-5.82,33.84
281595,94,1522,0.51,12.97,-0.44,-5.71,33.84
281866,94,1522,-0.27,12.97,-0.44,-5.70,33.84
282137,94,1522,-0.40,12.97,-0.45,-5.80,33.84
282407,94,1522,2.04,12.97,-0.46,-5.98,33.84
282679,94,1522,-0.81,12.97,-0.47,-6.04,33.84
282949,94,1522,-0.62,12.97,-0.46,-6.01,33.84
283220,94,1522,2.70,12.97,-0.46,-5.97,33.84
283491,94,1522,-0.54,12.97,-0.47,-6.13,33.84
283762,94,1522,-0.89,12.97,-0.48,-6.18,33.83
284033,94,1522,-0.43,12.96,-0.49,-6.32,33.83
284303,94,1522,-0.27,12.96,-0.48,-6.26,33.83
284574,94,1522,-0.18,12.96,-0.48,-6.20,33.83
284845,94,1522,-0.26,12.97,-0.48,-6.24,33.82
285116,94,1522,-0.32,12.97,-0.48,-6.28,33.82
285386,94,1522,-0.34,12.97,-0.48,-6.22,33.82
285658,94,1522,0.07,12.96,-0.48,-6.26,33.81
285928,94,1522,-0.37,12.97,-0.49,-6.30,33.80
286199,94,1522,-1.00,12.97,-0.47,-6.14,33.81
286470,94,1522,0.07,12.97,-0.47,-6.10,33.81
286741,94,1522,-0.21,12.97,-0.47,-6.05,33.81
287011,94,1522,0.49,12.97,-0.46,-6.02,33.82
287283,94,1522,2.54,12.97,-0.47,-6.08,33.82
287553,94,1522,-0.60,12.97,-0.48,-6.23,33.82
287824,94,1522,-0.51,12.96,-0.49,-6.36,33.82
288095,94,1522,-0.30,12.97,-0.49,-6.39,33.82
288365,94,1522,-0.26,12.96,-0.49,-6.42,33.83
288636,94,1522,-0.36,12.96,-0.50,-6.44,33.81
288907,94,1522,-0.15,12.96,-0.50,-6.46,33.80
289178,94,1522,-0.41,12.96,-0.48,-6.28,33.81
289448,94,1522,-0.16,12.96,-0.49,-6.32,33.81
289720,94,1522,0.00,12.97,-0.50,-6.45,33.80
289990,94,1522,-0.34,12.97,-0.50,-6.47,33.79
290262,94,1522,-0.22,12.97,-0.49,-6.39,33.78
290532,94,1522,-0.39,12.97,-0.49,-6.32,33.77
290803,94,1522,-0.19,12.97,-0.47,-6.16,33.80
291074,94,1522,-0.34,12.97,-0.48,-6.20,33.79
291345,94,1522,-0.11,12.97,-0.47,-6.15,33.79
291615,94,1522,-0.07,12.96,-0.48,-6.20,33.78
291887,94,1522,-0.47,12.97,-0.48,-6.24,33.78
292157,94,1522,0.24,12.97,-0.48,-6.28,33.77
292427,94,1522,1.93,12.97,-0.48,-6.22,33.76
292699,94,1522,-0.72,12.97,-0.48,-6.26,33.76
292969,94,1522,-0.79,12.97,-0.49,-6.30,33.75
293240,94,1522,-0.88,12.97,-0.48,-6.24,33.75
293512,94,1522,0.19,12.97,-0.48,-6.18,33.74
293782,94,1522,-0.43,12.97,-0.48,-6.23,33.74
294053,94,1522,0.03,12.97,-0.48,-6.17,33.74
294324,94,1522,-0.14,12.97,-0.48,-6.22,33.73
294594,94,1522,-0.40,12.97,-0.48,-6.17,33.73
294865,94,1522,0.27,12.97,-0.47,-6.12,33.73
295136,94,1522,1.29,12.97,-0.48,-6.17,33.73
295407,94,1522,0.64,12.97,-0.48,-6.21,33.72
295677,94,1522,-0.28,12.97,-0.47,-6.16,33.72
295949,94,1522,-0.38,12.97,-0.49,-6.30,33.72
296219,94,1522,-0.27,12.97,-0.48,-6.24,33.72
296491,94,1522,-0.55,12.97,-0.48,-6.18,33.72
296761,94,1522,-0.10,12.97,-0.48,-6.23,33.72
297032,94,1522,-0.23,12.97,-0.48,-6.27,33.72
297303,94,1522,-0.28,12.97,-0.48,-6.21,33.71
297574,94,1522,0.03,12.97,-0.47,-6.16,33.71
297844,94,1522,1.47,12.97,-0.46,-6.01,33.71
298116,94,1522,-0.26,12.97,-0.46,-5.98,33.71
298386,94,1522,1.91,12.96,-0.46,-5.95,33.71
298657,94,1522,0.59,12.96,-0.46,-5.92,33.71
298928,94,1522,-0.00,12.96,-0.45,-5.80,33.71
299199,94,1522,-0.21,12.97,-0.45,-5.88,33.71
299469,94,1522,0.89,12.97,-0.45,-5.86,33.71
299741,94,1522,-0.36,12.97,-0.46,-5.94,33.71
300011,94,1522,-0.70,12.97,-0.46,-6.01,33.71
300281,94,1522,-0.01,12.97,-0.45,-5.88,33.71
300553,94,1522,-0.52,12.97,-0.47,-6.05,33.71
300823,94,1522,-0.13,12.97,-0.46,-6.01,33.71
301094,94,1522,0.11,12.97,-0.46,-5.98,33.71
301365,94,1522,-0.66,12.97,-0.47,-6.05,33.71
301636,94,1522,-0.32,12.97,-0.47,-6.11,33.71
301906,94,1522,-0.35,12.97,-0.47,-6.06,33.71
302178,94,1522,0.45,12.97,-0.46,-6.02,33.71
302448,94,1522,1.52,12.97,-0.46,-5.99,33.71
302720,94,1522,-0.49,12.97,-0.46,-5.96,33.71
302990,94,1522,-0.46,12.97,-0.46,-6.03,33.71
303261,94,1522,-0.99,12.97,-0.46,-5.99,33.71
303532,94,1522,0.32,12.97,-0.47,-6.06,33.71
303803,94,1522,-0.10,12.97,-0.46,-6.02,33.71
304073,94,1522,0.42,12.97,-0.47,-6.08,33.71
304345,94,1522,0.20,12.97,-0.47,-6.13,33.71
304615,94,1522,0.03,12.97,-0.48,-6.18,33.71
304886,94,1522,-0.49,12.97,-0.48,-6.23,33.71
305157,94,1522,0.46,12.97,-0.48,-6.17,33.71
305428,94,1522,-0.35,12.97,-0.48,-6.22,33.71
305698,94,1522,0.09,12.97,-0.48,-6.26,33.71
306240,95,1527,1.52,12.97,-0.49,-6.33,33.71
306511,95,1527,7.72,12.97,-0.49,-6.36,33.71
306782,95,1527,17.08,12.97,-0.48,-6.20,33.69
307053,95,1527,10.28,12.97,-0.47,-6.15,33.71
307323,95,1527,10.36,12.97,-0.48,-6.20,33.71
307595,95,1527,9.57,12.97,-0.47,-6.14,33.71
307865,95,1527,10.75,12.97,-0.47,-6.10,33.72
308135,95,1527,10.48,12.97,-0.47,-6.15,33.71
308407,95,1527,9.94,12.97,-0.47,-6.10,33.71
308677,95,1527,10.37,12.97,-0.45,-5.87,33.71
308948,95,1527,10.50,12.97,-0.45,-5.85,33.71
309219,95,1527,9.65,12.97,-0.44,-5.73,33.71
309490,95,1527,10.46,12.97,-0.43,-5.63,33.71
309761,95,1527,10.89,12.97,-0.43,-5.64,33.69
310032,95,1527,9.96,12.97,-0.43,-5.64,33.69
310302,95,1527,10.07,12.97,-0.44,-5.64,33.69
310574,95,1527,10.53,12.97,-0.44,-5.65,33.70
310844,95,1527,9.96,12.97,-0.43,-5.55,33.68
311115,95,1527,9.93,12.97,-0.43,-5.56,33.71
311386,95,1527,10.51,12.97,-0.44,-5.67,33.71
311657,95,1527,9.86,12.97,-0.44,-5.67,33.71
311927,95,1527,9.98,12.97,-0.44,-5.77,33.74
312198,95,1527,10.46,12.97,-0.45,-5.86,33.72
312469,95,1527,9.86,12.97,-0.45,-5.84,33.72
312739,95,1527,10.10,12.97,-0.46,-5.92,33.70
313011,95,1527,9.85,12.97,-0.45,-5.80,33.70
313281,95,1527,10.21,12.97,-0.45,-5.78,33.68
313552,95,1527,9.59,12.97,-0.43,-5.58,33.67
313823,95,1527,10.11,12.97,-0.43,-5.59,33.67
314094,95,1527,9.87,12.97,-0.43,-5.60,33.67
314364,95,1527,9.96,12.96,-0.43,-5.61,33.68
314635,95,1527,9.82,12.96,-0.43,-5.52,33.67
314906,95,1527,10.22,12.96,-0.41,-5.34,33.67
315177,95,1527,9.67,12.97,-0.41,-5.28,33.67
315448,95,1527,9.59,12.97,-0.41,-5.32,33.68
315718,95,1527,10.25,12.97,-0.41,-5.26,33.68
315990,95,1527,9.95,12.97,-0.40,-5.20,33.68
316260,95,1527,9.81,12.97,-0.40,-5.15,33.67
316531,95,1527,9.60,12.97,-0.40,-5.21,33.66
316802,95,1527,9.79,12.97,-0.41,-5.35,33.67
317073,95,1527,9.39,12.97,-0.42,-5.48,33.66
317343,95,1527,10.22,12.97,-0.42,-5.40,33.66
317615,95,1527,9.49,12.96,-0.43,-5.52,33.65
317885,95,1527,9.54,12.96,-0.42,-5.44,33.64
318156,95,1527,9.87,12.96,-0.41,-5.37,33.64
318427,95,1527,9.86,12.97,-0.41,-5.30,33.64
318698,95,1527,9.39,12.96,-0.41,-5.34,33.65
318968,95,1527,10.11,12.97,-0.42,-5.47,33.64
319240,95,1527,9.63,12.97,-0.42,-5.49,33.63
319510,95,1527,10.03,12.97,-0.43,-5.61,33.64
319781,95,1527,9.73,12.97,-0.44,-5.71,33.63
320052,95,1527,12.80,12.96,-0.28,-3.59,33.64
320323,95,1527,8.87,12.95,-0.30,-3.89,33.70
320593,95,1527,9.56,12.96,-0.32,-4.17,33.70
320864,95,1527,9.76,12.96,-0.33,-4.22,33.78
321135,95,1527,10.24,12.96,-0.34,-4.37,33.76
321405,95,1527,9.20,12.96,-0.35,-4.59,33.74
321677,95,1527,10.35,12.96,-0.37,-4.80,33.73
321947,95,1527,9.73,12.96,-0.38,-4.98,33.72
322219,95,1527,9.61,12.96,-0.38,-4.95,33.72
322489,95,1527,9.61,12.96,-0.39,-5.03,33.73
322760,95,1527,10.00,12.96,-0.39,-5.09,33.73
323031,95,1527,9.49,12.96,-0.39,-5.05,33.72
323301,95,1527,9.54,12.96,-0.39,-5.12,33.70
323572,95,1527,10.12,12.96,-0.38,-4.98,33.69
323843,95,1527,12.62,12.96,-0.39,-5.05,33.68
324114,95,1527,8.91,12.96,-0.37,-4.82,33.66
324384,95,1527,9.86,12.96,-0.37,-4.81,33.66
324656,95,1527,9.95,12.96,-0.38,-4.90,33.66
324926,95,1527,9.36,12.96,-0.38,-4.97,33.66
325197,95,1527,10.11,12.96,-0.38,-4.95,33.66
325468,95,1527,9.78,12.96,-0.39,-5.02,33.65
325739,95,1527,9.51,12.96,-0.40,-5.18,33.64
326009,95,1527,10.13,12.96,-0.40,-5.23,33.65
326281,95,1527,9.66,12.96,-0.42,-5.47,33.64
326551,95,1527,9.60,12.96,-0.43,-5.58,33.64
326821,95,1527,9.88,12.96,-0.42,-5.40,33.64
327093,95,1527,9.46,12.96,-0.41,-5.33,33.64
327363,95,1527,9.87,12.96,-0.42,-5.46,33.61
327634,95,1527,9.50,12.96,-0.43,-5.58,33.62
327905,95,1527,9.93,12.96,-0.44,-5.68,33.61
328176,95,1527,9.42,12.96,-0.44,-5.68,33.62
328446,95,1527,9.81,12.96,-0.44,-5.68,33.63
328718,95,1527,9.95,12.96,-0.44,-5.68,33.64
328988,95,1527,9.43,12.96,-0.44,-5.68,33.65
329260,95,1527,9.49,12.96,-0.44,-5.68,33.65
329530,95,1527,9.99,12.96,-0.44,-5.68,33.66
329801,95,1527,9.46,12.96,-0.45,-5.77,33.65
330072,95,1527,10.12,12.96,-0.44,-5.67,33.65
330343,95,1527,9.51,12.97,-0.45,-5.86,33.66
330613,95,1527,10.06,12.96,-0.44,-5.75,33.66
330884,95,1527,9.94,12.97,-0.45,-5.84,33.67
331155,95,1527,10.15,12.96,-0.44,-5.72,33.67
331425,95,1527,9.44,12.96,-0.45,-5.81,33.70
331697,95,1527,9.76,12.96,-0.45,-5.80,33.69
331967,95,1527,9.47,12.96,-0.45,-5.79,33.77
332238,95,1527,10.16,12.96,-0.45,-5.78,33.75
332509,95,1527,9.12,12.96,-0.44,-5.77,33.73
332780,95,1527,9.94,12.96,-0.44,-5.76,33.72
333050,95,1527,9.53,12.97,-0.44,-5.75,33.72
333322,95,1527,9.73,12.97,-0.45,-5.84,33.72
333592,95,1527,9.91,12.97,-0.45,-5.82,33.71
333863,95,1527,9.49,12.97,-0.45,-5.81,33.71
334134,95,1527,9.35,12.97,-0.44,-5.70,33.71
334405,95,1527,10.11,12.97,-0.44,-5.69,33.71
334675,95,1527,9.90,12.96,-0.43,-5.60,33.64
334947,95,1527,9.76,12.97,-0.43,-5.60,33.65
335217,95,1527,9.24,12.96,-0.43,-5.61,33.65
335488,95,1527,10.27,12.97,-0.43,-5.52,33.65
335759,95,1527,9.39,12.97,-0.43,-5.63,33.65
336029,95,1527,10.00,12.97,-0.43,-5.54,33.66
336301,95,1527,9.19,12.96,-0.43,-5.55,33.66
336571,95,1527,9.58,12.97,-0.44,-5.66,33.67
336842,95,1527,9.88,12.97,-0.44,-5.66,33.68
337113,95,1527,9.83,12.97,-0.44,-5.66,33.69
337384,95,1527,9.76,12.97,-0.44,-5.76,33.69
337654,95,1527,10.08,12.97,-0.44,-5.75,33.72
337926,95,1527,9.69,12.97,-0.44,-5.74,33.72
338196,95,1527,9.32,12.96,-0.45,-5.83,33.72
338466,95,1527,10.58,12.96,-0.44,-5.72,33.70
338738,95,1527,10.00,12.96,-0.45,-5.81,33.70
339008,95,1527,9.46,12.96,-0.45,-5.89,33.70
339279,95,1527,9.79,12.96,-0.46,-5.97,33.70
339550,95,1527,9.88,12.97,-0.45,-5.84,33.70
339821,95,1527,9.63,12.96,-0.44,-5.73,33.69
340091,95,1527,9.86,12.96,-0.45,-5.82,33.69
340362,95,1527,9.34,12.96,-0.44,-5.71,33.69
340633,95,1527,9.77,12.96,-0.43,-5.61,33.69
340903,95,1527,9.99,12.96,-0.43,-5.62,33.65
341175,95,1527,9.50,12.97,-0.43,-5.53,33.66
341445,95,1527,9.77,12.96,-0.42,-5.44,33.65
341716,95,1527,9.73,12.96,-0.41,-5.37,33.66
341987,95,1527,9.43,12.96,-0.42,-5.40,33.66
342258,95,1527,9.99,12.96,-0.43,-5.52,33.67
342529,95,1527,9.39,12.96,-0.42,-5.44,33.67
342800,95,1527,9.77,12.96,-0.42,-5.46,33.66
343070,95,1527,9.71,12.96,-0.42,-5.39,33.66
343342,95,1527,9.82,12.96,-0.42,-5.42,33.68
343613,95,1527,9.69,12.96,-0.41,-5.35,33.68
343883,95,1527,9.87,12.96,-0.42,-5.38,33.69
344154,95,1527,9.17,12.96,-0.41,-5.31,33.69
344425,95,1527,9.67,12.96,-0.41,-5.35,33.69
344695,95,1527,9.65,12.97,-0.41,-5.29,33.69
344967,95,1527,10.04,12.97,-0.41,-5.33,33.65
345238,95,1527,17.14,12.93,-0.11,-1.42,33.64
345508,95,1527,8.57,12.94,-0.14,-1.84,33.65
345779,95,1527,9.47,12.94,-0.17,-2.23,33.66
346050,95,1527,9.91,12.94,-0.21,-2.76,33.66
346320,95,1527,9.65,12.94,-0.24,-3.15,33.68
346592,95,1527,9.60,12.95,-0.26,-3.40,33.71
346862,95,1527,9.67,12.95,-0.27,-3.53,33.72
347133,95,1527,10.01,12.95,-0.28,-3.65,33.72
347404,95,1527,9.81,12.95,-0.30,-3.85,33.72
347675,95,1527,10.04,12.96,-0.31,-4.04,33.72
347945,95,1527,9.58,12.96,-0.32,-4.20,33.72
348217,95,1527,10.15,12.96,-0.33,-4.25,33.72
348487,95,1527,9.60,12.96,-0.35,-4.49,33.71
348758,95,1527,9.47,12.96,-0.36,-4.61,33.71
349029,95,1527,9.56,12.96,-0.36,-4.62,33.71
349299,95,1527,9.41,12.96,-0.36,-4.72,33.71
349571,95,1527,9.38,12.96,-0.37,-4.82,33.73
349841,95,1527,10.08,12.96,-0.37,-4.81,33.72
350112,95,1527,9.65,12.96,-0.36,-4.70,33.78
350383,95,1527,9.51,12.96,-0.37,-4.80,33.78
350653,95,1527,9.55,12.96,-0.38,-4.89,33.77
350924,95,1527,10.54,12.96,-0.38,-4.97,33.78
351195,95,1527,9.34,12.96,-0.38,-4.94,33.79
351466,95,1527,9.76,12.96,-0.39,-5.01,33.79
351736,95,1527,9.72,12.96,-0.39,-5.08,33.78
352008,95,1527,9.29,12.97,-0.40,-5.14,33.79
352278,95,1527,9.92,12.96,-0.39,-5.10,33.80
352548,95,1527,9.32,12.96,-0.39,-5.06,33.80
352820,95,1527,9.74,12.96,-0.39,-5.12,33.80
353090,95,1527,9.59,12.96,-0.40,-5.17,33.79
353361,95,1527,10.11,12.96,-0.41,-5.32,33.79
353632,95,1527,9.65,12.96,-0.40,-5.16,33.79
353903,95,1527,9.50,12.96,-0.39,-5.02,33.80
354173,95,1527,9.96,12.96,-0.39,-4.99,33.80
354445,95,1527,9.65,12.96,-0.40,-5.15,33.81
354715,95,1527,9.56,12.96,-0.41,-5.30,33.81
354985,95,1527,10.08,12.96,-0.40,-5.24,33.81
355257,95,1527,9.28,12.96,-0.40,-5.19,33.80
355527,95,1527,9.65,12.96,-0.40,-5.24,33.81
355799,95,1527,9.72,12.96,-0.41,-5.28,33.81
356069,95,1527,12.86,12.96,-0.40,-5.22,33.81
356340,95,1527,9.88,12.96,-0.41,-5.37,33.82
356611,95,1527,9.43,12.96,-0.41,-5.30,33.79
356882,95,1527,9.86,12.96,-0.41,-5.34,33.80
357152,95,1527,9.77,12.96,-0.41,-5.27,33.80
357424,95,1527,9.80,12.96,-0.41,-5.31,33.80
357694,95,1527,9.95,12.96,-0.41,-5.25,33.81
357965,95,1527,9.31,12.96,-0.41,-5.29,33.81
358236,95,1527,9.87,12.96,-0.42,-5.43,33.80
358506,95,1527,9.76,12.96,-0.42,-5.45,33.81
358777,95,1527,9.61,12.96,-0.43,-5.57,33.81
359048,95,1527,9.33,12.96,-0.43,-5.58,33.81
359319,95,1527,10.13,12.96,-0.44,-5.69,33.82
359589,95,1527,9.92,12.96,-0.44,-5.68,33.82
359861,95,1527,9.68,12.96,-0.44,-5.68,33.81
360131,95,1527,9.73,12.96,-0.44,-5.68,33.81
360402,95,1527,10.04,12.96,-0.45,-5.78,33.81
360673,95,1527,9.14,12.96,-0.43,-5.57,33.82
360943,95,1527,10.02,12.96,-0.43,-5.58,33.82
361214,95,1527,9.92,12.96,-0.43,-5.59,33.82
361486,95,1527,10.04,12.96,-0.42,-5.50,33.84
361756,95,1527,9.11,12.96,-0.43,-5.62,33.85
362028,95,1527,10.04,12.96,-0.43,-5.62,33.85
362298,95,1527,9.49,12.96,-0.43,-5.63,33.85
362569,95,1527,9.76,12.96,-0.43,-5.63,33.85
362840,95,1527,9.93,12.96,-0.43,-5.64,33.85
363110,95,1527,9.62,12.96,-0.44,-5.64,33.86
363381,95,1527,9.92,12.96,-0.44,-5.64,33.86
363652,95,1527,9.79,12.96,-0.44,-5.74,33.86
363923,95,1527,9.79,12.96,-0.43,-5.54,33.86
364193,95,1527,9.19,12.96,-0.42,-5.46,33.92
364465,95,1527,9.76,12.96,-0.43,-5.58,33.93
364735,95,1527,9.79,12.96,-0.44,-5.68,33.93
365006,95,1527,9.45,12.96,-0.44,-5.68,33.94
365277,95,1527,9.72,12.96,-0.43,-5.58,33.93
365547,95,1527,9.75,12.96,-0.43,-5.59,33.93
365818,95,1527,10.10,12.96,-0.42,-5.51,33.94
366360,96,1533,12.41,12.96,-0.43,-5.62,33.95
366630,96,1533,15.49,12.96,-0.43,-5.63,33.95
366902,96,1533,15.06,12.96,-0.43,-5.54,33.95
367172,96,1533,17.36,12.96,-0.43,-5.55,33.96
367443,96,1533,14.24,12.96,-0.41,-5.37,33.96
367714,96,1533,14.83,12.96,-0.42,-5.40,34.06
367985,96,1533,15.34,12.96,-0.42,-5.43,34.05
368256,96,1533,14.85,12.96,-0.41,-5.36,34.04
368527,96,1533,15.20,12.96,-0.41,-5.29,33.95
368797,96,1533,14.92,12.96,-0.41,-5.33,33.96
369068,96,1533,14.10,12.96,-0.41,-5.27,33.92
369339,96,1533,14.96,12.96,-0.41,-5.31,33.92
369609,96,1533,14.50,12.96,-0.42,-5.44,33.93
369881,96,1533,15.29,12.96,-0.43,-5.56,33.93
370151,96,1533,14.74,12.96,-0.42,-5.47,33.94
370422,96,1533,14.56,12.96,-0.42,-5.40,33.98
370693,96,1533,14.85,12.96,-0.42,-5.43,33.98
370964,96,1533,14.85,12.96,-0.42,-5.45,33.98
371234,96,1533,14.28,12.96,-0.42,-5.47,33.98
371505,96,1533,15.26,12.96,-0.42,-5.40,33.98
371776,96,1533,14.38,12.96,-0.41,-5.33,33.98
372046,96,1533,14.94,12.96,-0.42,-5.46,33.98
372318,96,1533,14.72,12.96,-0.42,-5.38,33.99
372588,96,1533,15.05,12.96,-0.42,-5.41,34.01
372859,96,1533,14.82,12.96,-0.42,-5.44,34.02
373130,96,1533,15.02,12.96,-0.41,-5.36,33.99
373401,96,1533,15.05,12.96,-0.42,-5.40,33.99
373671,96,1533,14.42,12.96,-0.42,-5.42,34.00
373943,96,1533,14.88,12.96,-0.43,-5.54,34.01
374213,96,1533,14.65,12.96,-0.42,-5.46,34.02
374484,96,1533,19.88,12.93,-0.09,-1.16,34.03
374755,96,1533,14.10,12.94,-0.12,-1.52,34.04
375026,96,1533,14.64,12.94,-0.15,-1.93,34.05
375297,96,1533,14.37,12.94,-0.18,-2.30,34.05
375567,96,1533,14.91,12.94,-0.20,-2.64,34.05
375838,96,1533,14.78,12.94,-0.23,-2.94,34.04
376109,96,1533,14.48,12.94,-0.26,-3.31,34.05
376380,96,1533,15.69,12.95,-0.27,-3.45,34.05
376650,96,1533,14.44,12.95,-0.29,-3.77,34.06
376922,96,1533,14.72,12.95,-0.30,-3.86,34.07
377192,96,1533,14.61,12.95,-0.31,-4.04,34.07
377463,96,1533,14.56,12.95,-0.32,-4.11,34.08
377734,96,1533,14.65,12.95,-0.31,-4.07,34.08
378005,96,1533,14.29,12.95,-0.33,-4.33,34.08
378275,96,1533,14.97,12.95,-0.33,-4.27,34.09
378547,96,1533,14.72,12.95,-0.34,-4.41,34.09
378817,96,1533,14.58,12.95,-0.34,-4.35,34.09
379088,96,1533,14.80,12.95,-0.34,-4.38,34.09
379359,96,1533,14.52,12.95,-0.36,-4.61,34.10
379630,96,1533,15.01,12.95,-0.36,-4.71,34.10
379900,96,1533,14.87,12.95,-0.36,-4.62,34.09
380172,96,1533,14.44,12.95,-0.36,-4.63,34.09
380442,96,1533,14.76,12.95,-0.35,-4.54,34.09
380713,96,1533,14.18,12.95,-0.34,-4.46,34.09
380984,96,1533,14.91,12.96,-0.35,-4.58,34.10
381255,96,1533,14.34,12.96,-0.35,-4.59,34.10
381526,96,1533,16.92,12.94,-0.19,-2.40,34.10
381797,96,1533,13.99,12.94,-0.20,-2.63,34.12
382067,96,1533,14.75,12.95,-0.23,-2.93,34.13
382338,96,1533,14.36,12.95,-0.24,-3.11,34.13
382609,96,1533,14.39,12.95,-0.25,-3.27,34.14
382879,96,1533,14.68,12.95,-0.26,-3.41,34.15
383151,96,1533,14.24,12.95,-0.27,-3.45,34.18
383421,96,1533,14.75,12.95,-0.28,-3.67,34.18
383692,96,1533,14.52,12.95,-0.30,-3.87,34.19
383963,96,1533,14.52,12.96,-0.31,-3.95,34.18
384234,96,1533,14.86,12.96,-0.32,-4.13,34.18
384504,96,1533,14.37,12.96,-0.32,-4.19,34.07
384776,96,1533,14.78,12.96,-0.33,-4.33,34.09
385046,96,1533,15.46,12.96,-0.34,-4.47,34.03
385316,96,1533,21.89,12.96,-0.35,-4.59,34.05
385588,96,1533,12.95,12.96,-0.35,-4.50,34.07
385859,96,1533,14.46,12.96,-0.36,-4.62,34.09
386129,96,1533,13.74,12.96,-0.36,-4.63,34.10
386401,96,1533,14.17,12.96,-0.37,-4.73,34.12
386671,96,1533,13.77,12.96,-0.37,-4.83,34.13
386941,96,1533,14.21,12.96,-0.37,-4.82,34.14
387213,96,1533,14.13,12.96,-0.37,-4.80,34.14
387483,96,1533,14.07,12.96,-0.39,-5.08,34.15
387755,96,1533,13.43,12.96,-0.39,-5.05,34.16
388025,96,1533,13.99,12.96,-0.38,-4.92,34.17
388296,96,1533,13.71,12.97,-0.36,-4.71,34.18
388567,96,1533,15.14,12.96,-0.36,-4.61,34.19
388838,96,1533,13.82,12.96,-0.36,-4.72,34.19
389108,96,1533,14.12,12.96,-0.35,-4.52,34.20
389380,96,1533,13.80,12.96,-0.35,-4.54,34.20
389650,96,1533,14.01,12.96,-0.37,-4.75,34.25
389921,96,1533,13.65,12.96,-0.37,-4.84,34.24
390192,96,1533,14.52,12.96,-0.38,-4.93,34.24
390463,96,1533,13.81,12.96,-0.39,-5.00,34.24
390733,96,1533,14.57,12.96,-0.38,-4.97,34.24
391005,96,1533,14.21,12.96,-0.38,-4.95,34.24
391275,96,1533,14.56,12.96,-0.38,-4.92,34.24
391546,96,1533,13.56,12.96,-0.39,-5.00,34.24
391817,96,1533,14.38,12.96,-0.39,-5.07,34.26
392087,96,1533,14.62,12.96,-0.38,-4.93,34.26
392358,96,1533,13.85,12.96,-0.38,-4.91,34.26
392629,96,1533,14.30,12.96,-0.38,-4.99,34.23
392900,96,1533,14.33,12.96,-0.38,-4.86,34.23
393170,96,1533,14.07,12.96,-0.38,-4.95,34.23
393442,96,1533,14.54,12.96,-0.38,-4.92,34.25
393712,96,1533,14.01,12.96,-0.39,-5.00,34.26
393982,96,1533,13.90,12.96,-0.39,-5.06,34.26
394254,96,1533,14.36,12.96,-0.40,-5.22,34.26
394524,96,1533,14.40,12.96,-0.41,-5.36,34.27
394796,96,1533,14.04,12.96,-0.43,-5.59,34.27
395066,96,1533,14.51,12.96,-0.42,-5.50,34.28
395337,96,1533,14.31,12.96,-0.41,-5.32,34.29
395608,96,1533,15.70,12.97,-0.41,-5.36,34.29
395879,96,1533,27.70,12.96,-0.41,-5.29,34.30
396149,96,1533,13.38,12.97,-0.41,-5.33,34.28
396421,96,1533,14.59,12.96,-0.41,-5.27,34.29
396691,96,1533,13.79,12.96,-0.40,-5.21,34.30
396962,96,1533,14.73,12.96,-0.38,-4.97,34.31
397233,96,1533,14.14,12.96,-0.39,-5.04,34.32
397504,96,1533,14.50,12.96,-0.40,-5.20,34.33
397774,96,1533,14.33,12.96,-0.40,-5.25,34.33
398046,96,1533,14.57,12.96,-0.41,-5.29,34.34
398316,96,1533,14.56,12.96,-0.40,-5.23,34.34
398586,96,1533,14.85,12.97,-0.41,-5.28,34.35
398858,96,1533,14.69,12.97,-0.40,-5.22,34.35
399128,96,1533,16.54,12.97,-0.41,-5.27,34.37
399399,96,1533,24.36,12.97,-0.40,-5.21,34.37
399670,96,1533,13.99,12.96,-0.41,-5.26,34.39
399941,96,1533,14.08,12.96,-0.41,-5.30,34.40
400211,96,1533,14.36,12.96,-0.40,-5.14,34.41
400483,96,1533,14.42,12.96,-0.40,-5.20,34.42
400753,96,1533,14.07,12.96,-0.40,-5.24,34.42
401025,96,1533,14.08,12.96,-0.40,-5.19,34.49
401295,96,1533,14.61,12.96,-0.40,-5.24,34.49
401566,96,1533,14.17,12.97,-0.41,-5.28,34.49
401837,96,1533,14.45,12.97,-0.40,-5.23,34.50
402108,96,1533,14.29,12.97,-0.41,-5.27,34.50
402378,96,1533,14.97,12.97,-0.41,-5.31,34.50
402650,96,1533,14.46,12.97,-0.41,-5.35,34.50
402920,96,1533,14.67,12.97,-0.40,-5.19,34.51
403191,96,1533,14.75,12.96,-0.41,-5.33,34.51
403462,96,1533,14.35,12.97,-0.41,-5.27,34.51
403732,96,1533,14.40,12.96,-0.41,-5.31,34.51
404003,96,1533,14.53,12.96,-0.41,-5.25,34.51
404274,96,1533,14.65,12.96,-0.41,-5.29,34.51
404545,96,1533,14.46,12.96,-0.41,-5.33,34.52
404815,96,1533,14.81,12.96,-0.42,-5.46,34.49
405087,96,1533,14.46,12.97,-0.42,-5.48,34.42
405357,96,1533,14.22,12.97,-0.43,-5.60,34.43
405628,96,1533,15.00,12.97,-0.43,-5.61,34.44
405899,96,1533,15.12,12.97,-0.43,-5.52,34.45
406170,96,1533,14.33,12.97,-0.42,-5.44,34.46
406440,96,1533,20.77,12.97,-0.42,-5.46,34.47
406712,96,1533,14.68,12.96,-0.42,-5.38,34.47
406982,96,1533,14.43,12.97,-0.41,-5.32,34.49
407252,96,1533,14.53,12.97,-0.41,-5.35,34.49
407524,96,1533,14.98,12.97,-0.42,-5.39,34.50
407794,96,1533,14.34,12.97,-0.41,-5.32,34.51
408066,96,1533,14.54,12.97,-0.41,-5.26,34.56
408336,96,1533,14.47,12.97,-0.39,-5.01,34.55
408607,96,1533,14.61,12.97,-0.41,-5.37,34.56
408878,96,1533,15.05,12.97,-0.42,-5.40,34.57
409149,96,1533,14.86,12.97,-0.42,-5.43,34.58
409419,96,1533,14.56,12.97,-0.41,-5.35,34.59
409691,96,1533,14.45,12.97,-0.42,-5.39,34.58
409961,96,1533,14.72,12.97,-0.42,-5.51,34.56
410232,96,1533,14.81,12.97,-0.42,-5.43,34.57
410503,96,1533,14.09,12.96,-0.43,-5.55,34.57
410773,96,1533,15.35,12.96,-0.44,-5.66,34.58
411044,96,1533,14.47,12.96,-0.44,-5.76,34.59
411315,96,1533,14.75,12.96,-0.44,-5.65,34.59
411586,96,1533,14.85,12.96,-0.44,-5.65,34.60
411856,96,1533,14.93,12.96,-0.44,-5.65,34.61
412128,96,1533,14.20,12.96,-0.43,-5.56,34.61
412398,96,1533,14.94,12.96,-0.43,-5.57,34.62
412669,96,1533,15.59,12.96,-0.43,-5.58,34.62
412940,96,1533,14.78,12.96,-0.43,-5.59,34.63
413211,96,1533,13.62,12.96,-0.43,-5.60,34.63
413481,96,1533,15.36,12.96,-0.43,-5.61,34.63
413753,96,1533,30.67,12.62,2.04,25.75,34.64
414023,96,1533,11.14,12.66,1.80,22.78,34.64
414294,96,1533,14.61,12.68,1.58,20.09,34.64
414565,96,1533,14.04,12.71,1.39,17.66,34.64
414836,96,1533,14.55,12.74,1.22,15.55,34.65
415107,96,1533,13.86,12.76,1.06,13.56,34.65
415377,96,1533,14.26,12.78,0.91,11.66,34.65
415648,96,1533,13.95,12.80,0.77,9.86,34.65
415919,96,1533,14.60,12.82,0.64,8.23,34.65
416190,96,1533,14.15,12.83,0.53,6.76,34.67
416460,96,1533,13.82,12.85,0.45,5.72,34.68
416732,96,1533,14.06,12.86,0.36,4.68,34.69
417002,96,1533,14.22,12.87,0.30,3.85,34.69
417273,96,1533,27.35,12.68,1.88,23.89,34.69
417544,96,1533,11.11,12.71,1.67,21.18,34.70
417815,96,1533,14.60,12.73,1.45,18.45,34.69
418085,96,1533,13.52,12.76,1.27,16.17,34.69
418357,96,1533,14.46,12.78,1.10,14.02,34.69
418627,96,1533,14.23,12.80,0.94,12.08,34.70
418897,96,1533,14.41,12.82,0.82,10.51,34.71
419169,96,1533,14.08,12.83,0.70,9.01,34.72
419439,96,1533,14.01,12.85,0.58,7.46,34.71
419710,96,1533,14.66,12.86,0.49,6.25,34.72
419981,96,1533,14.13,12.87,0.41,5.26,34.73
420252,96,1533,14.40,12.88,0.32,4.08,34.74
420523,96,1533,14.35,12.89,0.25,3.20,34.73
420793,96,1533,14.64,12.90,0.19,2.51,34.74
421064,96,1533,14.53,12.91,0.13,1.70,34.74
421335,96,1533,13.88,12.91,0.07,0.96,34.75
421606,96,1533,14.29,12.91,0.02,0.30,34.75
421876,96,1533,13.52,12.92,-0.02,-0.20,34.76
422148,96,1533,14.49,12.92,-0.05,-0.65,34.76
422418,96,1533,13.94,12.93,-0.08,-1.05,34.77
422689,96,1533,14.15,12.93,-0.12,-1.61,34.77
422960,96,1533,14.22,12.93,-0.16,-2.02,34.77
423230,96,1533,14.37,12.94,-0.18,-2.28,34.77
423501,96,1533,13.89,12.94,-0.20,-2.62,34.78
423773,96,1533,13.75,12.94,-0.22,-2.83,34.79
424043,96,1533,13.71,12.94,-0.24,-3.12,34.81
424313,96,1533,13.06,12.95,-0.25,-3.27,34.81
424585,96,1533,14.56,12.95,-0.28,-3.61,34.82
424855,96,1533,13.50,12.95,-0.29,-3.72,34.82
425126,96,1533,14.24,12.95,-0.29,-3.72,34.83
425397,96,1533,13.58,12.95,-0.30,-3.82,34.84
425668,96,1533,13.90,12.95,-0.32,-4.10,34.84
425938,96,1533,13.89,12.95,-0.33,-4.26,34.85
426480,97,1538,16.78,12.95,-0.35,-4.55,34.86
426752,97,1538,19.42,12.96,-0.36,-4.66,34.87
427022,97,1538,20.15,12.95,-0.37,-4.76,34.86
427292,97,1538,19.52,12.96,-0.37,-4.85,34.87
427564,97,1538,18.99,12.96,-0.37,-4.74,34.88
427834,97,1538,20.61,12.96,-0.36,-4.64,34.88
428105,97,1538,19.65,12.96,-0.37,-4.75,34.89
428376,97,1538,20.55,12.96,-0.36,-4.65,34.89
428647,97,1538,19.17,12.96,-0.34,-4.46,34.90
428917,97,1538,20.48,12.96,-0.34,-4.39,34.90
429189,97,1538,19.78,12.96,-0.34,-4.42,34.89
429459,97,1538,20.45,12.96,-0.34,-4.45,34.90
429729,97,1538,20.15,12.96,-0.35,-4.57,34.90
430001,97,1538,19.95,12.96,-0.36,-4.68,34.90
430272,97,1538,20.87,12.96,-0.35,-4.49,34.89
430542,97,1538,19.82,12.96,-0.34,-4.42,34.90
430814,97,1538,20.02,12.96,-0.35,-4.54,34.90
431084,97,1538,20.45,12.96,-0.34,-4.46,34.90
431354,97,1538,21.10,12.96,-0.34,-4.39,34.91
431626,97,1538,20.09,12.95,-0.33,-4.33,34.91
431896,97,1538,19.86,12.95,-0.34,-4.46,34.91
432167,97,1538,19.88,12.95,-0.34,-4.39,34.92
432438,97,1538,20.18,12.96,-0.33,-4.23,34.92
432709,97,1538,21.01,12.96,-0.32,-4.09,34.93
432979,97,1538,20.21,12.96,-0.34,-4.34,34.93
433250,97,1538,20.78,12.96,-0.35,-4.47,34.95
433521,97,1538,19.99,12.96,-0.35,-4.50,34.95
433792,97,1538,20.10,12.96,-0.35,-4.52,34.96
434063,97,1538,20.69,12.96,-0.36,-4.64,34.97
434333,97,1538,21.18,12.96,-0.35,-4.55,34.97
434605,97,1538,20.13,12.96,-0.35,-4.56,34.98
434875,97,1538,21.02,12.96,-0.35,-4.58,34.97
435146,97,1538,22.30,12.96,-0.35,-4.50,34.97
435417,97,1538,19.51,12.96,-0.34,-4.42,34.98
435687,97,1538,20.80,12.96,-0.34,-4.45,34.98
435958,97,1538,20.00,12.96,-0.35,-4.57,34.99
436229,97,1538,21.10,12.96,-0.35,-4.59,34.98
436500,97,1538,21.43,12.96,-0.35,-4.60,34.99
436770,97,1538,19.43,12.96,-0.36,-4.61,35.00
437042,97,1538,21.11,12.96,-0.35,-4.52,35.01
437312,97,1538,20.79,12.96,-0.36,-4.64,35.01
437582,97,1538,20.12,12.96,-0.37,-4.84,35.02
437854,97,1538,20.45,12.96,-0.38,-4.92,35.02
438124,97,1538,20.26,12.96,-0.39,-5.00,35.03
438395,97,1538,20.56,12.96,-0.38,-4.97,35.03
438666,97,1538,20.48,12.96,-0.39,-5.04,35.04
438937,97,1538,20.78,12.96,-0.39,-5.01,35.04
439207,97,1538,37.23,12.96,-0.39,-5.07,35.04
439479,97,1538,19.56,12.96,-0.40,-5.13,35.05
439749,97,1538,20.69,12.96,-0.39,-5.09,35.05
440019,97,1538,19.72,12.96,-0.38,-4.96,35.05
440291,97,1538,19.96,12.96,-0.39,-5.03,35.05
440561,97,1538,19.99,12.96,-0.39,-5.09,35.06
440833,97,1538,21.68,12.96,-0.39,-5.05,35.06
441103,97,1538,20.29,12.96,-0.39,-5.12,35.06
441374,97,1538,20.06,12.96,-0.40,-5.17,35.06
441645,97,1538,20.02,12.96,-0.38,-4.93,35.08
441915,97,1538,21.42,12.97,-0.39,-5.01,35.07
442186,97,1538,19.99,12.96,-0.38,-4.98,35.07
442457,97,1538,20.13,12.96,-0.38,-4.95,35.09
442728,97,1538,19.91,12.96,-0.39,-5.12,35.09
442998,97,1538,39.30,12.80,0.71,9.11,35.09
443270,97,1538,17.16,12.82,0.60,7.74,35.10
443540,97,1538,20.68,12.84,0.50,6.42,35.11
443810,97,1538,20.18,12.85,0.41,5.31,35.12
444082,97,1538,20.47,12.86,0.34,4.32,35.13
444352,97,1538,21.13,12.87,0.26,3.33,35.14
444623,97,1538,20.25,12.88,0.20,2.53,35.14
444894,97,1538,22.13,12.88,0.14,1.81,35.15
445165,97,1538,20.48,12.89,0.10,1.25,35.16
445435,97,1538,21.20,12.90,0.04,0.57,35.16
445707,97,1538,21.22,12.90,-0.01,-0.15,35.17
445977,97,1538,20.86,12.91,-0.05,-0.61,35.17
446248,97,1538,20.32,12.92,-0.06,-0.82,35.17
446519,97,1538,21.19,12.92,-0.11,-1.40,35.18
446790,97,1538,21.27,12.92,-0.13,-1.73,35.18
447060,97,1538,20.46,12.93,-0.16,-2.12,35.18
447332,97,1538,20.62,12.93,-0.20,-2.57,35.19
447602,97,1538,20.91,12.93,-0.22,-2.88,35.19
447873,97,1538,20.93,12.93,-0.24,-3.16,35.19
448144,97,1538,22.68,12.93,-0.26,-3.32,35.19
448414,97,1538,20.91,12.94,-0.27,-3.45,35.19
448686,97,1538,20.52,12.94,-0.28,-3.68,35.20
448956,97,1538,20.88,12.94,-0.29,-3.78,35.20
449227,97,1538,20.63,12.94,-0.29,-3.78,35.20
449498,97,1538,21.54,12.95,-0.31,-3.97,35.20
449769,97,1538,19.91,12.95,-0.32,-4.14,35.20
450039,97,1538,22.86,12.95,-0.30,-3.91,35.20
450311,97,1538,23.87,12.95,-0.30,-3.89,35.20
450581,97,1538,20.71,12.95,-0.31,-4.07,35.22
450852,97,1538,20.36,12.95,-0.30,-3.94,35.23
451123,97,1538,20.54,12.95,-0.33,-4.21,35.24
451393,97,1538,20.69,12.95,-0.34,-4.35,35.25
451664,97,1538,21.01,12.95,-0.34,-4.39,35.25
451935,97,1538,21.34,12.95,-0.35,-4.52,35.26
452206,97,1538,20.63,12.95,-0.35,-4.54,35.27
452476,97,1538,21.72,12.95,-0.34,-4.46,35.27
452748,97,1538,20.17,12.95,-0.33,-4.29,35.28
453018,97,1538,22.23,12.96,-0.31,-4.05,35.29
453289,97,1538,22.42,12.96,-0.32,-4.11,35.29
453560,97,1538,21.26,12.96,-0.33,-4.27,35.29
453831,97,1538,43.60,12.96,-0.33,-4.22,35.28
454102,97,1538,20.77,12.96,-0.33,-4.27,35.28
454373,97,1538,21.26,12.96,-0.35,-4.50,35.29
454643,97,1538,21.01,12.96,-0.35,-4.53,35.30
454914,97,1538,20.55,12.96,-0.34,-4.45,35.30
455185,97,1538,22.00,12.96,-0.34,-4.38,35.31
455455,97,1538,20.28,12.96,-0.33,-4.32,35.31
455727,97,1538,21.64,12.96,-0.34,-4.45,35.35
455997,97,1538,21.49,12.96,-0.35,-4.57,35.35
456268,97,1538,22.07,12.96,-0.35,-4.59,35.35
456539,97,1538,20.82,12.96,-0.36,-4.70,35.35
456810,97,1538,20.73,12.96,-0.36,-4.70,35.43
457080,97,1538,21.81,12.96,-0.37,-4.79,35.42
457352,97,1538,25.21,12.96,-0.38,-4.88,35.43
457622,97,1538,20.38,12.96,-0.38,-4.87,35.41
457893,97,1538,22.45,12.96,-0.38,-4.95,35.44
458164,97,1538,22.00,12.96,-0.37,-4.83,35.45
458435,97,1538,22.31,12.96,-0.38,-4.91,35.44
458705,97,1538,20.78,12.96,-0.37,-4.79,35.44
458977,97,1538,21.58,12.96,-0.37,-4.79,35.45
459247,97,1538,20.63,12.96,-0.37,-4.78,35.44
459518,97,1538,21.71,12.96,-0.37,-4.77,35.44
459789,97,1538,22.09,12.96,-0.37,-4.77,35.43
460059,97,1538,22.79,12.96,-0.37,-4.76,35.44
460331,97,1538,23.00,12.96,-0.37,-4.76,35.44
460601,97,1538,22.52,12.96,-0.38,-4.94,35.45
460872,97,1538,28.79,12.96,-0.38,-4.92,35.45
461143,97,1538,21.43,12.96,-0.38,-4.90,35.44
461414,97,1538,20.78,12.96,-0.38,-4.98,35.44
461684,97,1538,20.82,12.96,-0.40,-5.14,35.45
461956,97,1538,20.86,12.96,-0.40,-5.19,35.48
462226,97,1538,22.20,12.96,-0.40,-5.24,35.46
462497,97,1538,21.96,12.96,-0.41,-5.28,35.47
462768,97,1538,20.55,12.96,-0.40,-5.23,35.47
463039,97,1538,20.47,12.96,-0.39,-5.08,35.47
463309,97,1538,23.03,12.96,-0.39,-5.04,35.46
463581,97,1538,21.05,12.96,-0.38,-4.91,35.47
463851,97,1538,22.23,12.96,-0.38,-4.89,35.46
464122,97,1538,21.70,12.96,-0.38,-4.97,35.50
464393,97,1538,26.93,12.96,-0.38,-4.95,35.50
464664,97,1538,20.38,12.96,-0.37,-4.83,35.51
464934,97,1538,22.34,12.96,-0.39,-5.01,35.52
465206,97,1538,19.86,12.96,-0.38,-4.88,35.53
465476,97,1538,21.03,12.96,-0.38,-4.96,35.54
465747,97,1538,21.97,12.96,-0.39,-5.03,35.55
466018,97,1538,22.24,12.96,-0.37,-4.81,35.56
466289,97,1538,20.70,12.96,-0.37,-4.80,35.56
466560,97,1538,21.32,12.96,-0.38,-4.88,35.57
466831,97,1538,20.65,12.96,-0.37,-4.77,35.56
467101,97,1538,21.84,12.96,-0.37,-4.77,35.55
467373,97,1538,21.40,12.96,-0.38,-4.95,35.56
467643,97,1538,20.87,12.96,-0.37,-4.83,35.57
467914,97,1538,30.60,12.96,-0.37,-4.82,35.57
468185,97,1538,20.32,12.96,-0.37,-4.81,35.58
468455,97,1538,21.70,12.96,-0.39,-4.99,35.58
468726,97,1538,21.36,12.96,-0.39,-5.06,35.58
468997,97,1538,22.59,12.96,-0.40,-5.12,35.51
469268,97,1538,21.01,12.96,-0.40,-5.17,35.52
469538,97,1538,22.01,12.96,-0.40,-5.22,35.53
469810,97,1538,20.42,12.96,-0.41,-5.27,35.54
470080,97,1538,21.00,12.96,-0.40,-5.21,35.54
470351,97,1538,21.48,12.96,-0.40,-5.16,35.55
470622,97,1538,21.02,12.96,-0.39,-5.12,35.56
470893,97,1538,21.98,12.96,-0.40,-5.17,35.56
471163,97,1538,21.18,12.96,-0.41,-5.32,35.58
471435,97,1538,20.07,12.96,-0.42,-5.45,35.59
471705,97,1538,20.25,12.96,-0.41,-5.28,35.59
471975,97,1538,21.42,12.96,-0.40,-5.22,35.51
472247,97,1538,21.89,12.96,-0.40,-5.17,35.54
472517,97,1538,20.93,12.96,-0.40,-5.13,35.56
472788,97,1538,21.95,12.96,-0.39,-5.08,35.58
473059,97,1538,21.32,12.96,-0.37,-4.85,35.60
473330,97,1538,21.34,12.96,-0.38,-4.94,35.60
473601,97,1538,21.07,12.96,-0.37,-4.82,35.61
473872,97,1538,20.45,12.96,-0.37,-4.81,35.63
474142,97,1538,21.29,12.96,-0.37,-4.80,35.64
474414,97,1538,22.11,12.96,-0.36,-4.69,35.65
474684,97,1538,22.03,12.96,-0.37,-4.79,35.66
474955,97,1538,21.12,12.96,-0.36,-4.69,35.67
475226,97,1538,21.43,12.96,-0.36,-4.69,35.68
475496,97,1538,21.86,12.96,-0.36,-4.69,35.69
475767,97,1538,21.18,12.96,-0.38,-4.89,35.68
476038,97,1538,22.39,12.96,-0.38,-4.87,35.69
476309,97,1538,20.68,12.96,-0.37,-4.76,35.70
476579,97,1538,21.95,12.96,-0.38,-4.94,35.70
476851,97,1538,21.53,12.96,-0.38,-4.92,35.71
477121,97,1538,20.81,12.96,-0.39,-4.99,35.71
477392,97,1538,21.07,12.96,-0.39,-5.06,35.72
477663,97,1538,21.49,12.96,-0.37,-4.84,35.75
477933,97,1538,20.62,12.96,-0.37,-4.82,35.75
478204,97,1538,21.38,12.96,-0.36,-4.72,35.75
478475,97,1538,21.84,12.96,-0.37,-4.81,35.75
478746,97,1538,23.06,12.96,-0.38,-4.90,35.75
479016,97,1538,23.87,12.96,-0.38,-4.97,35.76
479288,97,1538,20.53,12.96,-0.38,-4.95,35.78
479558,97,1538,21.16,12.96,-0.39,-5.02,35.79
479830,97,1538,21.40,12.96,-0.39,-4.99,35.80
480100,97,1538,20.41,12.96,-0.39,-5.06,35.81
480371,97,1538,21.03,12.96,-0.38,-4.93,35.82
480642,97,1538,21.51,12.96,-0.38,-4.91,35.82
480913,97,1538,21.85,12.96,-0.36,-4.69,35.83
481183,97,1538,20.63,12.96,-0.38,-4.89,35.84
481454,97,1538,22.17,12.96,-0.39,-5.06,35.83
481725,97,1538,22.17,12.96,-0.39,-5.03,35.84
481995,97,1538,20.38,12.96,-0.39,-5.09,35.84
482267,97,1538,21.92,12.96,-0.38,-4.96,35.86
482537,97,1538,21.00,12.96,-0.37,-4.84,35.86
482808,97,1538,20.41,12.96,-0.37,-4.83,35.87
483079,97,1538,22.28,12.96,-0.36,-4.72,35.87
483350,97,1538,20.66,12.96,-0.36,-4.62,35.87
483620,97,1538,20.38,12.96,-0.36,-4.63,35.87
483892,97,1538,20.60,12.96,-0.35,-4.54,35.88
484162,97,1538,22.52,12.96,-0.36,-4.66,35.86
484432,97,1538,20.66,12.96,-0.35,-4.56,35.87
484704,97,1538,21.91,12.96,-0.36,-4.68,35.87
484974,97,1538,22.17,12.96,-0.35,-4.58,35.87
485245,97,1538,20.93,12.96,-0.36,-4.69,35.87
485516,97,1538,20.96,12.96,-0.37,-4.79,35.85
485787,97,1538,21.25,12.96,-0.38,-4.97,35.85
486057,97,1538,22.47,12.96,-0.39,-5.04,35.86
486599,98,1544,26.28,12.96,-0.40,-5.16,35.88
486871,98,1544,31.71,12.96,-0.40,-5.21,35.89
487141,98,1544,30.77,12.96,-0.41,-5.26,35.91
487412,98,1544,30.58,12.96,-0.40,-5.20,35.92
487683,98,1544,31.44,12.96,-0.41,-5.35,35.93
487954,98,1544,30.84,12.96,-0.41,-5.28,35.94
488224,98,1544,30.84,12.96,-0.40,-5.23,35.91
488496,98,1544,31.53,12.96,-0.40,-5.17,35.91
488766,98,1544,31.53,12.96,-0.39,-5.03,35.92
489037,98,1544,30.79,12.96,-0.36,-4.71,35.93
489308,98,1544,31.39,12.96,-0.36,-4.62,35.94
489579,98,1544,30.82,12.96,-0.35,-4.53,35.95
489849,98,1544,31.12,12.96,-0.36,-4.64,35.96
490120,98,1544,31.05,12.96,-0.37,-4.75,35.96
490391,98,1544,31.49,12.96,-0.36,-4.65,35.97
490661,98,1544,31.30,12.96,-0.37,-4.84,35.96
490933,98,1544,31.58,12.96,-0.37,-4.83,35.97
491203,98,1544,31.51,12.95,-0.38,-4.91,35.98
491474,98,1544,31.50,12.95,-0.36,-4.70,35.98
491745,98,1544,31.38,12.95,-0.34,-4.41,35.99
492016,98,1544,30.88,12.95,-0.34,-4.44,35.99
492286,98,1544,31.31,12.96,-0.35,-4.47,35.88
492558,98,1544,31.67,12.96,-0.35,-4.50,35.91
492828,98,1544,31.10,12.96,-0.35,-4.52,35.94
493100,98,1544,32.09,12.96,-0.36,-4.73,35.93
493370,98,1544,30.61,12.96,-0.38,-4.92,35.94
493641,98,1544,31.72,12.96,-0.37,-4.80,35.95
493912,98,1544,31.18,12.96,-0.37,-4.79,35.97
494183,98,1544,31.83,12.96,-0.35,-4.59,35.98
494453,98,1544,30.40,12.96,-0.37,-4.80,36.00
494725,98,1544,31.47,12.96,-0.37,-4.79,36.01
494995,98,1544,30.92,12.96,-0.36,-4.68,36.03
495266,98,1544,31.19,12.96,-0.36,-4.69,36.03
495537,98,1544,31.19,12.96,-0.34,-4.40,36.04
495808,98,1544,31.27,12.96,-0.34,-4.43,36.06
496078,98,1544,31.33,12.96,-0.36,-4.65,36.05
496350,98,1544,31.02,12.96,-0.34,-4.47,36.05
496620,98,1544,35.05,12.96,-0.33,-4.30,36.06
496891,98,1544,30.80,12.96,-0.34,-4.44,36.06
497162,98,1544,31.50,12.96,-0.35,-4.56,36.07
497433,98,1544,31.65,12.96,-0.35,-4.48,36.08
497703,98,1544,31.02,12.96,-0.35,-4.60,35.99
497975,98,1544,31.16,12.96,-0.36,-4.70,36.02
498245,98,1544,31.55,12.96,-0.35,-4.51,36.04
498516,98,1544,30.88,12.95,-0.35,-4.53,36.05
498787,98,1544,30.02,12.96,-0.33,-4.26,36.06
499057,98,1544,30.29,12.96,-0.33,-4.31,36.07
499329,98,1544,30.85,12.96,-0.34,-4.45,36.08
499599,98,1544,30.51,12.96,-0.33,-4.28,36.10
499870,98,1544,31.37,12.96,-0.33,-4.32,36.12
500141,98,1544,30.00,12.96,-0.32,-4.17,36.13
500412,98,1544,30.10,12.96,-0.33,-4.22,36.15
500682,98,1544,30.08,12.96,-0.33,-4.27,36.16
500954,98,1544,30.40,12.96,-0.34,-4.41,36.18
501224,98,1544,29.68,12.96,-0.34,-4.35,36.17
501494,98,1544,30.48,12.96,-0.32,-4.19,36.19
501766,98,1544,30.50,12.96,-0.33,-4.34,36.19
502037,98,1544,30.69,12.96,-0.35,-4.47,36.18
502307,98,1544,31.18,12.96,-0.35,-4.50,36.20
502578,98,1544,30.51,12.96,-0.36,-4.61,36.19
502849,98,1544,30.35,12.96,-0.37,-4.82,36.20
503119,98,1544,31.47,12.96,-0.38,-4.90,36.21
503391,98,1544,31.08,12.96,-0.37,-4.79,36.22
503661,98,1544,31.98,12.96,-0.37,-4.78,36.23
503932,98,1544,30.60,12.96,-0.38,-4.87,36.24
504203,98,1544,30.96,12.96,-0.35,-4.57,36.24
504474,98,1544,29.92,12.96,-0.35,-4.58,36.25
504744,98,1544,30.98,12.96,-0.36,-4.69,36.24
505016,98,1544,31.28,12.96,-0.37,-4.79,36.25
505286,98,1544,31.06,12.96,-0.38,-4.87,36.25
505558,98,1544,30.06,12.96,-0.36,-4.67,36.26
505828,98,1544,30.67,12.96,-0.38,-4.86,36.26
506099,98,1544,30.46,12.96,-0.38,-4.94,36.28
506370,98,1544,30.62,12.96,-0.36,-4.73,36.28
506640,98,1544,31.38,12.96,-0.36,-4.73,36.28
506911,98,1544,30.61,12.96,-0.37,-4.82,36.23
507182,98,1544,31.28,12.96,-0.36,-4.71,36.24
507453,98,1544,30.43,12.96,-0.37,-4.81,36.25
507723,98,1544,31.14,12.96,-0.37,-4.80,36.26
507995,98,1544,30.77,12.96,-0.38,-4.89,36.28
508265,98,1544,30.54,12.96,-0.36,-4.68,36.30
508536,98,1544,30.96,12.96,-0.37,-4.78,36.30
508807,98,1544,31.38,12.96,-0.35,-4.58,36.31
509078,98,1544,30.88,12.96,-0.36,-4.69,36.33
509348,98,1544,31.18,12.96,-0.35,-4.50,36.34
509620,98,1544,31.37,12.96,-0.34,-4.42,36.35
509890,98,1544,30.04,12.96,-0.33,-4.26,36.34
510161,98,1544,30.25,12.96,-0.32,-4.21,36.35
510432,98,1544,30.76,12.96,-0.31,-3.97,36.36
510703,98,1544,35.46,12.96,-0.30,-3.95,36.36
510973,98,1544,30.96,12.96,-0.32,-4.12,36.36
511245,98,1544,31.02,12.96,-0.33,-4.28,36.40
511515,98,1544,31.58,12.96,-0.34,-4.42,36.40
511787,98,1544,31.08,12.96,-0.35,-4.54,36.41
512057,98,1544,31.46,12.96,-0.34,-4.46,36.41
512328,98,1544,32.04,12.96,-0.32,-4.10,36.41
512599,98,1544,31.36,12.96,-0.33,-4.26,36.42
512870,98,1544,30.70,12.96,-0.32,-4.21,36.43
513140,98,1544,31.03,12.96,-0.34,-4.35,36.43
513411,98,1544,30.67,12.96,-0.33,-4.30,36.45
513682,98,1544,31.16,12.96,-0.34,-4.43,36.45
513952,98,1544,30.66,12.96,-0.32,-4.17,36.46
514224,98,1544,31.12,12.96,-0.33,-4.23,36.44
514494,98,1544,30.17,12.96,-0.34,-4.37,36.44
514765,98,1544,30.36,12.96,-0.34,-4.40,36.44
515036,98,1544,29.99,12.96,-0.33,-4.34,36.46
515307,98,1544,30.59,12.96,-0.35,-4.47,36.44
515577,98,1544,30.74,12.96,-0.34,-4.40,36.45
515849,98,1544,30.79,12.96,-0.35,-4.53,36.47
516119,98,1544,30.69,12.96,-0.33,-4.26,36.48
516390,98,1544,31.09,12.96,-0.34,-4.40,36.49
516661,98,1544,31.51,12.96,-0.35,-4.53,36.50
516932,98,1544,30.66,12.96,-0.34,-4.45,36.50
517202,98,1544,31.65,12.96,-0.35,-4.57,36.51
517474,98,1544,30.74,12.96,-0.34,-4.39,36.52
517744,98,1544,31.17,12.96,-0.33,-4.23,36.52
518014,98,1544,30.86,12.96,-0.33,-4.28,36.53
518286,98,1544,30.65,12.96,-0.34,-4.42,36.53
518556,98,1544,31.03,12.96,-0.35,-4.55,36.54
518828,98,1544,31.34,12.96,-0.35,-4.56,36.54
519098,98,1544,31.21,12.96,-0.35,-4.48,36.55
519369,98,1544,30.78,12.96,-0.35,-4.60,36.55
519640,98,1544,31.07,12.96,-0.36,-4.61,36.56
519911,98,1544,31.51,12.97,-0.36,-4.72,36.57
520181,98,1544,30.56,12.96,-0.38,-4.91,36.58
520453,98,1544,30.51,12.97,-0.38,-4.99,36.59
520723,98,1544,29.93,12.96,-0.38,-4.96,36.61
520993,98,1544,30.62,12.97,-0.39,-5.03,36.62
521265,98,1544,30.89,12.96,-0.39,-5.00,36.63
521536,98,1544,49.26,12.89,0.42,5.46,36.63
521806,98,1544,26.07,12.90,0.34,4.36,36.63
522077,98,1544,30.44,12.90,0.27,3.45,36.64
522348,98,1544,29.92,12.91,0.20,2.64,36.62
522618,98,1544,30.11,12.91,0.14,1.81,36.61
522890,98,1544,30.91,12.92,0.10,1.26,36.62
523160,98,1544,30.38,12.92,0.05,0.66,36.63
523431,98,1544,31.09,12.93,-0.01,-0.07,36.67
523702,98,1544,30.46,12.93,-0.04,-0.53,36.67
523973,98,1544,30.68,12.93,-0.07,-0.95,36.68
524243,98,1544,30.28,12.93,-0.10,-1.32,36.68
524515,98,1544,30.83,12.94,-0.14,-1.85,36.68
524785,98,1544,30.57,12.94,-0.14,-1.85,36.69
525057,98,1544,30.77,12.94,-0.17,-2.14,36.69
525327,98,1544,31.32,12.94,-0.18,-2.30,36.69
525597,98,1544,31.33,12.94,-0.18,-2.35,36.71
525869,98,1544,31.60,12.94,-0.19,-2.49,36.71
526140,98,1544,31.68,12.95,-0.21,-2.71,36.71
526410,98,1544,31.53,12.95,-0.22,-2.91,36.71
526681,98,1544,31.16,12.95,-0.24,-3.09,36.72
526952,98,1544,30.92,12.95,-0.23,-2.96,36.74
527222,98,1544,31.23,12.95,-0.22,-2.85,36.75
527494,98,1544,30.88,12.95,-0.23,-3.04,36.78
527764,98,1544,30.90,12.95,-0.25,-3.20,36.79
528035,98,1544,31.09,12.95,-0.27,-3.45,36.82
528306,98,1544,30.90,12.95,-0.27,-3.48,36.81
528577,98,1544,33.44,12.95,-0.26,-3.41,36.80
528847,98,1544,30.99,12.95,-0.28,-3.64,36.79
529119,98,1544,30.68,12.95,-0.29,-3.74,36.79
529389,98,1544,30.41,12.95,-0.30,-3.84,36.79
529660,98,1544,30.58,12.95,-0.29,-3.74,36.80
529931,98,1544,31.02,12.95,-0.29,-3.74,36.80
530202,98,1544,30.81,12.95,-0.30,-3.93,36.81
530472,98,1544,31.03,12.95,-0.32,-4.10,36.81
530744,98,1544,30.53,12.95,-0.32,-4.16,36.82
531014,98,1544,30.61,12.96,-0.34,-4.41,36.82
531284,98,1544,31.26,12.95,-0.33,-4.25,36.82
531556,98,1544,30.33,12.96,-0.33,-4.30,36.81
531826,98,1544,31.11,12.96,-0.35,-4.53,36.82
532098,98,1544,48.36,12.94,-0.28,-3.58,36.82
532368,98,1544,27.26,12.94,-0.29,-3.79,36.82
532639,98,1544,30.33,12.94,-0.29,-3.69,36.82
532910,98,1544,30.16,12.94,-0.29,-3.79,36.83
533181,98,1544,30.53,12.94,-0.31,-4.08,36.84
533451,98,1544,29.89,12.94,-0.31,-4.04,36.86
533723,98,1544,30.26,12.94,-0.30,-3.92,36.87
533993,98,1544,29.84,12.94,-0.31,-4.00,36.87
534264,98,1544,30.33,12.95,-0.33,-4.26,36.88
534535,98,1544,29.41,12.95,-0.34,-4.40,36.89
534806,98,1544,30.43,12.95,-0.35,-4.53,36.90
535076,98,1544,30.59,12.95,-0.35,-4.55,36.91
535347,98,1544,31.46,12.95,-0.34,-4.47,36.90
535618,98,1544,30.40,12.95,-0.35,-4.49,36.91
535888,98,1544,30.99,12.95,-0.36,-4.61,36.91
536160,98,1544,30.88,12.95,-0.35,-4.52,36.97
536430,98,1544,30.61,12.95,-0.36,-4.64,36.97
536701,98,1544,30.29,12.96,-0.36,-4.65,36.97
536972,98,1544,30.06,12.96,-0.36,-4.65,36.96
537243,98,1544,29.68,12.96,-0.37,-4.75,36.96
537513,98,1544,30.95,12.96,-0.37,-4.85,36.95
537785,98,1544,29.74,12.96,-0.38,-4.93,36.95
538055,98,1544,30.79,12.96,-0.36,-4.62,36.96
538327,98,1544,30.35,12.96,-0.34,-4.44,36.96
538597,98,1544,31.96,12.96,-0.34,-4.46,36.96
538867,98,1544,30.51,12.96,-0.33,-4.30,36.97
539139,98,1544,31.08,12.96,-0.33,-4.24,37.09
539409,98,1544,30.15,12.96,-0.34,-4.39,37.09
539680,98,1544,30.77,12.96,-0.34,-4.42,37.08
539951,98,1544,30.98,12.96,-0.35,-4.54,37.09
540222,98,1544,29.99,12.96,-0.36,-4.66,37.08
540492,98,1544,30.96,12.96,-0.37,-4.76,37.07
540764,98,1544,30.13,12.96,-0.37,-4.85,37.06
541034,98,1544,31.16,12.96,-0.38,-4.93,37.05
541305,98,1544,30.75,12.96,-0.38,-4.91,37.05
541576,98,1544,29.79,12.96,-0.38,-4.89,37.05
541847,98,1544,30.67,12.96,-0.36,-4.68,37.06
542117,98,1544,30.19,12.96,-0.36,-4.68,37.07
542389,98,1544,30.58,12.96,-0.37,-4.78,37.07
542659,98,1544,30.25,12.96,-0.38,-4.87,37.08
542930,98,1544,30.87,12.96,-0.37,-4.76,37.08
543201,98,1544,29.11,12.96,-0.35,-4.56,37.09
543471,98,1544,30.45,12.96,-0.35,-4.48,37.09
543742,98,1544,29.58,12.96,-0.35,-4.50,37.09
544013,98,1544,30.45,12.96,-0.33,-4.33,37.10
544284,98,1544,29.81,12.96,-0.34,-4.47,37.10
544555,98,1544,31.19,12.96,-0.32,-4.20,37.10
544826,98,1544,30.53,12.96,-0.33,-4.25,37.10
545096,98,1544,29.68,12.96,-0.32,-4.20,37.11
545368,98,1544,30.40,12.96,-0.34,-4.35,37.09
545638,98,1544,29.27,12.96,-0.34,-4.39,37.10
545909,98,1544,29.50,12.96,-0.35,-4.52,37.11
546180,98,1544,29.91,12.96,-0.34,-4.44,37.11
546721,99,1550,35.97,12.96,-0.35,-4.59,37.12
546993,99,1550,43.08,12.96,-0.35,-4.50,37.12
547263,99,1550,41.02,12.96,-0.34,-4.43,37.12
547534,99,1550,40.74,12.96,-0.34,-4.36,37.13
547805,99,1550,40.53,12.96,-0.35,-4.49,37.14
548075,99,1550,40.29,12.96,-0.32,-4.13,37.16
548346,99,1550,40.87,12.96,-0.33,-4.28,37.17
548617,99,1550,39.87,12.96,-0.33,-4.33,37.23
548888,99,1550,42.33,12.96,-0.33,-4.27,37.23
549158,99,1550,39.79,12.96,-0.35,-4.51,37.24
549430,99,1550,41.40,12.96,-0.30,-3.95,37.24
549700,99,1550,41.63,12.96,-0.32,-4.12,37.24
549971,99,1550,40.03,12.96,-0.32,-4.08,37.24
550242,99,1550,42.45,12.96,-0.31,-4.05,37.24
550513,99,1550,42.35,12.96,-0.31,-4.02,37.25
550784,99,1550,41.02,12.96,-0.29,-3.80,37.25
551054,99,1550,38.66,12.96,-0.30,-3.89,37.23
551325,99,1550,42.59,12.96,-0.31,-4.07,37.24
551596,99,1550,43.10,12.96,-0.31,-4.04,37.24
551867,99,1550,39.81,12.96,-0.32,-4.11,37.24
552138,99,1550,42.90,12.96,-0.32,-4.17,37.24
552409,99,1550,38.99,12.96,-0.30,-3.84,37.25
552680,99,1550,41.58,12.96,-0.29,-3.73,37.25
552950,99,1550,37.85,12.96,-0.30,-3.83,37.25
553221,99,1550,41.64,12.96,-0.27,-3.44,37.25
553492,99,1550,40.78,12.96,-0.28,-3.57,37.25
553762,99,1550,42.49,12.96,-0.29,-3.78,37.25
554034,99,1550,44.62,12.96,-0.28,-3.58,37.25
554304,99,1550,41.69,12.96,-0.28,-3.60,37.25
554575,99,1550,42.21,12.96,-0.29,-3.71,37.27
554847,99,1550,42.00,12.95,-0.29,-3.81,37.28
555117,99,1550,42.16,12.95,-0.31,-4.00,37.28
555388,99,1550,41.87,12.95,-0.31,-4.07,37.29
555659,99,1550,43.61,12.96,-0.33,-4.23,37.30
555929,99,1550,40.99,12.96,-0.31,-3.99,37.30
556200,99,1550,40.90,12.96,-0.32,-4.16,37.31
556472,99,1550,41.40,12.96,-0.32,-4.12,37.30
556742,99,1550,42.82,12.96,-0.31,-4.08,37.31
557014,99,1550,40.33,12.96,-0.32,-4.14,37.32
557284,99,1550,42.83,12.96,-0.32,-4.10,37.31
557554,99,1550,41.88,12.96,-0.32,-4.16,37.36
557826,99,1550,42.67,12.96,-0.30,-3.93,37.37
558096,99,1550,42.61,12.95,-0.29,-3.82,37.37
558367,99,1550,40.19,12.95,-0.31,-4.00,37.36
558638,99,1550,42.84,12.95,-0.27,-3.50,37.36
558909,99,1550,42.13,12.95,-0.28,-3.62,37.38
559179,99,1550,41.03,12.95,-0.27,-3.54,37.38
559450,99,1550,42.72,12.95,-0.28,-3.65,37.38
559721,99,1550,43.26,12.95,-0.27,-3.47,37.38
559991,99,1550,43.40,12.95,-0.29,-3.79,37.39
560263,99,1550,43.00,12.96,-0.28,-3.59,37.39
560533,99,1550,40.72,12.96,-0.27,-3.51,37.40
560804,99,1550,41.14,12.96,-0.28,-3.63,37.40
561075,99,1550,39.11,12.96,-0.28,-3.64,37.41
561346,99,1550,42.67,12.96,-0.25,-3.27,37.40
561616,99,1550,43.16,12.96,-0.26,-3.41,37.40
561888,99,1550,42.61,12.96,-0.28,-3.64,37.41
562158,99,1550,41.94,12.96,-0.25,-3.27,37.42
562429,99,1550,41.95,12.96,-0.24,-3.12,37.42
562700,99,1550,40.34,12.96,-0.26,-3.38,37.43
562971,99,1550,40.08,12.96,-0.26,-3.42,37.44
563241,99,1550,42.13,12.96,-0.27,-3.45,37.45
563512,99,1550,40.73,12.96,-0.26,-3.38,37.46
563783,99,1550,42.32,12.96,-0.28,-3.61,37.47
564054,99,1550,43.95,12.96,-0.29,-3.72,37.47
564325,99,1550,42.05,12.96,-0.27,-3.53,37.48
564595,99,1550,39.27,12.95,-0.27,-3.46,37.53
564867,99,1550,43.20,12.95,-0.26,-3.39,37.53
565137,99,1550,39.77,12.95,-0.27,-3.52,37.53
565408,99,1550,42.97,12.95,-0.26,-3.35,37.51
565679,99,1550,42.30,12.95,-0.27,-3.49,37.52
565950,99,1550,41.93,12.95,-0.26,-3.32,37.52
566220,99,1550,41.97,12.95,-0.25,-3.27,37.52
566492,99,1550,41.35,12.95,-0.26,-3.41,37.51
566762,99,1550,40.82,12.96,-0.27,-3.54,37.51
567032,99,1550,42.03,12.96,-0.29,-3.76,37.51
567304,99,1550,42.95,12.96,-0.30,-3.85,37.53
567574,99,1550,42.32,12.96,-0.31,-4.03,37.56
567845,99,1550,45.51,12.96,-0.32,-4.20,37.57
568116,99,1550,63.86,12.96,-0.31,-4.06,37.58
568387,99,1550,41.36,12.96,-0.32,-4.12,37.57
568657,99,1550,44.03,12.96,-0.33,-4.28,37.57
568929,99,1550,41.70,12.96,-0.33,-4.32,37.58
569199,99,1550,42.79,12.96,-0.35,-4.55,37.59
569470,99,1550,45.01,12.95,-0.36,-4.66,37.62
569741,99,1550,42.07,12.95,-0.36,-4.67,37.63
570011,99,1550,42.26,12.95,-0.37,-4.77,37.63
570283,99,1550,42.45,12.96,-0.36,-4.67,37.64
570553,99,1550,43.20,12.96,-0.35,-4.57,37.64
570824,99,1550,44.50,12.96,-0.35,-4.49,37.64
571095,99,1550,43.02,12.96,-0.35,-4.51,37.65
571366,99,1550,42.08,12.96,-0.36,-4.73,37.65
571636,99,1550,43.30,12.96,-0.34,-4.44,37.65
571908,99,1550,43.10,12.96,-0.35,-4.56,37.65
572178,99,1550,41.50,12.96,-0.35,-4.48,37.65
572449,99,1550,43.55,12.96,-0.35,-4.50,37.64
572720,99,1550,42.33,12.96,-0.36,-4.62,37.64
572991,99,1550,43.66,12.96,-0.34,-4.44,37.65
573261,99,1550,39.81,12.96,-0.33,-4.27,37.65
573532,99,1550,42.88,12.96,-0.33,-4.31,37.65
573803,99,1550,44.16,12.96,-0.34,-4.36,37.67
574073,99,1550,42.95,12.96,-0.32,-4.20,37.67
574345,99,1550,41.60,12.96,-0.31,-4.06,37.68
574615,99,1550,40.27,12.96,-0.33,-4.22,37.69
574886,99,1550,43.30,12.96,-0.33,-4.27,37.71
575157,99,1550,42.78,12.96,-0.35,-4.50,37.70
575428,99,1550,40.36,12.96,-0.32,-4.14,37.71
575698,99,1550,41.51,12.95,-0.31,-4.01,37.72
575970,99,1550,41.86,12.95,-0.32,-4.17,37.73
576240,99,1550,41.87,12.95,-0.33,-4.32,37.74
576512,99,1550,41.25,12.95,-0.33,-4.26,37.74
576782,99,1550,42.55,12.95,-0.34,-4.40,37.75
577052,99,1550,42.67,12.95,-0.36,-4.63,37.76
577324,99,1550,42.86,12.96,-0.34,-4.44,37.76
577594,99,1550,40.88,12.96,-0.35,-4.47,37.79
577865,99,1550,40.59,12.95,-0.35,-4.49,37.79
578136,99,1550,42.65,12.95,-0.33,-4.32,37.80
578407,99,1550,42.26,12.96,-0.34,-4.36,37.81
578677,99,1550,42.14,12.96,-0.32,-4.11,37.81
578949,99,1550,39.73,12.96,-0.30,-3.88,37.81
579219,99,1550,42.82,12.96,-0.31,-3.96,37.81
579489,99,1550,39.27,12.96,-0.31,-4.04,37.81
579761,99,1550,41.27,12.95,-0.29,-3.82,37.81
580031,99,1550,41.04,12.95,-0.31,-4.00,37.81
580302,99,1550,37.72,12.95,-0.31,-4.07,37.82
580573,99,1550,41.30,12.95,-0.32,-4.14,37.83
580844,99,1550,40.71,12.96,-0.30,-3.91,37.85
581114,99,1550,43.02,12.96,-0.32,-4.08,37.86
581386,99,1550,42.10,12.96,-0.31,-3.95,37.86
581656,99,1550,39.56,12.96,-0.33,-4.22,37.86
581927,99,1550,42.55,12.96,-0.32,-4.17,37.87
582198,99,1550,42.14,12.96,-0.30,-3.84,37.87
582468,99,1550,42.99,12.96,-0.32,-4.12,37.88
582739,99,1550,42.92,12.96,-0.30,-3.89,37.87
583010,99,1550,40.58,12.96,-0.32,-4.17,37.88
583281,99,1550,40.49,12.95,-0.32,-4.13,37.89
583552,99,1550,40.63,12.95,-0.32,-4.18,37.89
583823,99,1550,42.67,12.96,-0.31,-4.05,37.90
584093,99,1550,40.72,12.96,-0.31,-4.02,37.90
584365,99,1550,41.72,12.96,-0.33,-4.28,37.91
584635,99,1550,42.83,12.96,-0.31,-4.03,37.91
584906,99,1550,42.74,12.96,-0.32,-4.10,37.91
585177,99,1550,40.17,12.96,-0.33,-4.26,37.94
585448,99,1550,41.17,12.96,-0.32,-4.21,37.96
585718,99,1550,43.15,12.96,-0.31,-4.06,37.97
585990,99,1550,44.93,12.96,-0.33,-4.23,37.90
586260,99,1550,49.52,12.96,-0.33,-4.27,37.92
586530,99,1550,40.90,12.96,-0.33,-4.22,37.93
586802,99,1550,43.52,12.96,-0.33,-4.27,37.95
587072,99,1550,43.01,12.96,-0.33,-4.22,37.96
587343,99,1550,42.22,12.96,-0.33,-4.27,37.97
587614,99,1550,43.38,12.96,-0.33,-4.22,37.98
587885,99,1550,41.76,12.96,-0.34,-4.46,37.99
588155,99,1550,43.24,12.95,-0.35,-4.58,38.00
588427,99,1550,42.13,12.96,-0.35,-4.59,38.01
588697,99,1550,40.82,12.96,-0.36,-4.60,38.02
588968,99,1550,41.89,12.96,-0.36,-4.71,38.02
589239,99,1550,43.00,12.96,-0.37,-4.81,38.03
589509,99,1550,37.47,12.96,-0.36,-4.70,38.05
589780,99,1550,42.11,12.96,-0.36,-4.70,38.05
590051,99,1550,41.61,12.96,-0.36,-4.70,38.05
590322,99,1550,40.70,12.96,-0.36,-4.70,38.06
590593,99,1550,42.64,12.96,-0.36,-4.61,38.07
590864,99,1550,43.04,12.96,-0.36,-4.62,38.09
591134,99,1550,42.14,12.96,-0.35,-4.53,38.09
591406,99,1550,41.16,12.96,-0.35,-4.55,38.10
591676,99,1550,42.87,12.96,-0.36,-4.66,38.10
591947,99,1550,42.79,12.96,-0.36,-4.67,38.04
592218,99,1550,39.98,12.96,-0.36,-4.67,38.06
592488,99,1550,42.82,12.96,-0.36,-4.67,38.07
592759,99,1550,40.20,12.96,-0.37,-4.77,38.09
593030,99,1550,40.61,12.96,-0.35,-4.48,38.10
593301,99,1550,39.91,12.96,-0.35,-4.60,38.09
593571,99,1550,41.91,12.96,-0.36,-4.61,38.10
593843,99,1550,42.21,12.95,-0.33,-4.24,38.11
594113,99,1550,41.77,12.95,-0.33,-4.28,38.12
594384,99,1550,40.26,12.95,-0.33,-4.23,38.13
594655,99,1550,43.05,12.95,-0.32,-4.09,38.15
594926,99,1550,41.63,12.95,-0.34,-4.34,38.16
595196,99,1550,41.48,12.95,-0.32,-4.09,38.18
595468,99,1550,40.87,12.95,-0.31,-3.96,38.20
595738,99,1550,41.77,12.95,-0.30,-3.94,38.18
596009,99,1550,42.65,12.95,-0.29,-3.73,38.19
596280,99,1550,43.19,12.95,-0.30,-3.92,38.20
596551,99,1550,40.40,12.95,-0.32,-4.10,38.22
596822,99,1550,44.29,12.95,-0.30,-3.87,38.23
597092,99,1550,42.28,12.95,-0.31,-3.95,38.24
597363,99,1550,42.43,12.95,-0.31,-4.03,38.26
597634,99,1550,44.30,12.95,-0.32,-4.10,38.27
597905,99,1550,43.73,12.95,-0.30,-3.87,38.27
598175,99,1550,45.17,12.95,-0.31,-4.05,38.28
598447,99,1550,43.68,12.95,-0.31,-4.02,38.29
598717,99,1550,43.23,12.95,-0.30,-3.90,38.30
598988,99,1550,42.46,12.95,-0.28,-3.69,38.30
599259,99,1550,42.59,12.95,-0.29,-3.79,38.31
599530,99,1550,42.37,12.95,-0.30,-3.88,38.33
599800,99,1550,41.58,12.95,-0.31,-4.06,38.34
600072,99,1550,43.03,12.95,-0.33,-4.22,38.36
600342,99,1550,44.80,12.95,-0.31,-3.98,38.37
600613,99,1550,41.26,12.95,-0.33,-4.25,38.38
600884,99,1550,41.81,12.95,-0.30,-3.91,38.39
601154,99,1550,40.99,12.95,-0.31,-3.99,38.40
601425,99,1550,43.44,12.95,-0.32,-4.16,38.41
601696,99,1550,42.78,12.95,-0.33,-4.31,38.41
601967,99,1550,40.17,12.95,-0.35,-4.54,38.41
602238,99,1550,38.09,12.95,-0.34,-4.37,38.42
602509,99,1550,42.55,12.95,-0.31,-4.02,38.43
602779,99,1550,41.38,12.95,-0.30,-3.89,38.43
603051,99,1550,43.80,12.95,-0.29,-3.78,38.44
603321,99,1550,42.33,12.95,-0.29,-3.78,38.45
603592,99,1550,43.82,12.95,-0.28,-3.68,38.45
603864,99,1550,43.85,12.95,-0.30,-3.88,38.45
604134,99,1550,48.92,12.94,-0.19,-2.52,38.46
604404,99,1550,42.67,12.94,-0.21,-2.74,38.47
604676,99,1550,43.87,12.95,-0.23,-3.03,38.49
604946,99,1550,42.48,12.95,-0.23,-3.01,38.50
605217,99,1550,42.39,12.95,-0.25,-3.27,38.50
605488,99,1550,40.74,12.95,-0.26,-3.42,38.50
605759,99,1550,41.74,12.95,-0.26,-3.36,38.51
606029,99,1550,41.78,12.95,-0.25,-3.30,38.52
606301,99,1550,43.09,12.95,-0.25,-3.25,38.53
606842,100,1555,46.77,12.95,-0.29,-3.79,38.55
607113,100,1555,52.40,12.95,-0.30,-3.88,38.56
607384,100,1555,53.02,12.95,-0.28,-3.58,38.58
607654,100,1555,71.49,12.92,-0.19,-2.44,38.58
607926,100,1555,49.85,12.93,-0.19,-2.47,38.58
608196,100,1555,53.34,12.93,-0.19,-2.50,38.58
608467,100,1555,52.01,12.93,-0.17,-2.25,38.59
608738,100,1555,51.24,12.93,-0.20,-2.59,38.59
609009,100,1555,52.19,12.93,-0.19,-2.51,38.59
609280,100,1555,52.31,12.94,-0.22,-2.83,38.60
609550,100,1555,52.22,12.94,-0.23,-3.01,38.60
609821,100,1555,51.59,12.94,-0.25,-3.18,38.62
610092,100,1555,51.56,12.94,-0.23,-2.95,38.62
610363,100,1555,51.74,12.94,-0.23,-3.03,38.62
610633,100,1555,51.40,12.94,-0.25,-3.30,38.62
610905,100,1555,51.71,12.94,-0.22,-2.86,38.62
611175,100,1555,51.12,12.95,-0.21,-2.76,38.63
611446,100,1555,51.42,12.95,-0.23,-2.95,38.65
611717,100,1555,51.53,12.95,-0.20,-2.65,38.66
611988,100,1555,51.66,12.95,-0.20,-2.57,38.67
612258,100,1555,50.98,12.95,-0.23,-2.97,38.68
612530,100,1555,51.69,12.95,-0.24,-3.05,38.69
612800,100,1555,52.32,12.95,-0.22,-2.83,38.69
613071,100,1555,52.11,12.95,-0.22,-2.83,38.70
613342,100,1555,51.11,12.95,-0.20,-2.54,38.71
613613,100,1555,51.91,12.95,-0.21,-2.66,38.71
613883,100,1555,50.23,12.95,-0.20,-2.58,38.72
614154,100,1555,51.66,12.95,-0.22,-2.79,38.72
614425,100,1555,51.10,12.95,-0.21,-2.69,38.73
614695,100,1555,51.51,12.95,-0.22,-2.80,38.73
614967,100,1555,50.84,12.95,-0.20,-2.61,38.73
615237,100,1555,51.24,12.95,-0.18,-2.34,38.74
615508,100,1555,50.53,12.95,-0.20,-2.57,38.74
615779,100,1555,50.53,12.95,-0.21,-2.69,38.74
616050,100,1555,51.53,12.95,-0.22,-2.89,38.74
616321,100,1555,50.88,12.95,-0.23,-2.98,38.75
616592,100,1555,51.11,12.95,-0.23,-2.96,38.76
616862,100,1555,52.18,12.95,-0.23,-3.04,38.76
617134,100,1555,51.31,12.95,-0.24,-3.11,38.78
617404,100,1555,51.26,12.95,-0.25,-3.17,38.79
617675,100,1555,51.41,12.95,-0.26,-3.33,38.79
617946,100,1555,51.35,12.95,-0.25,-3.27,38.80
618216,100,1555,50.99,12.95,-0.27,-3.51,38.81
618487,100,1555,51.29,12.95,-0.28,-3.63,38.82
618759,100,1555,51.24,12.95,-0.26,-3.36,38.81
619029,100,1555,51.30,12.95,-0.23,-3.01,38.82
619300,100,1555,51.22,12.95,-0.25,-3.28,38.83
619571,100,1555,52.07,12.95,-0.26,-3.42,38.84
619841,100,1555,50.62,12.95,-0.25,-3.26,38.84
620112,100,1555,51.35,12.95,-0.23,-3.02,38.85
620384,100,1555,51.89,12.95,-0.25,-3.19,38.85
620654,100,1555,51.79,12.95,-0.24,-3.06,38.89
620924,100,1555,51.42,12.95,-0.26,-3.32,38.89
621196,100,1555,51.66,12.95,-0.27,-3.55,38.89
621466,100,1555,51.98,12.95,-0.25,-3.28,38.89
621737,100,1555,50.87,12.95,-0.21,-2.75,38.90
622008,100,1555,50.90,12.95,-0.22,-2.85,38.92
622279,100,1555,50.11,12.95,-0.22,-2.85,38.93
622550,100,1555,51.73,12.95,-0.21,-2.75,38.94
622821,100,1555,51.52,12.95,-0.20,-2.65,38.95
623091,100,1555,51.85,12.95,-0.22,-2.86,38.96
623363,100,1555,50.64,12.95,-0.24,-3.05,38.97
623633,100,1555,51.38,12.95,-0.23,-3.02,38.99
623904,100,1555,51.89,12.95,-0.23,-3.00,38.99
624175,100,1555,51.55,12.95,-0.24,-3.17,38.98
624446,100,1555,51.55,12.95,-0.25,-3.23,38.99
624716,100,1555,51.10,12.95,-0.27,-3.47,39.02
624988,100,1555,50.95,12.95,-0.28,-3.69,39.02
625258,100,1555,77.26,12.92,-0.08,-1.01,39.02
625529,100,1555,48.01,12.92,-0.12,-1.57,38.93
625800,100,1555,51.44,12.92,-0.12,-1.59,38.94
626071,100,1555,51.11,12.92,-0.15,-1.90,38.95
626341,100,1555,51.13,12.93,-0.15,-1.99,38.96
626612,100,1555,51.27,12.93,-0.15,-1.98,38.97
626883,100,1555,51.83,12.93,-0.17,-2.25,38.97
627153,100,1555,51.34,12.93,-0.19,-2.50,38.99
627425,100,1555,51.24,12.94,-0.20,-2.52,39.01
627695,100,1555,51.39,12.94,-0.22,-2.84,39.01
627966,100,1555,51.02,12.93,-0.19,-2.45,39.00
628237,100,1555,51.03,12.94,-0.20,-2.58,39.02
628508,100,1555,51.20,12.94,-0.19,-2.50,39.04
628779,100,1555,53.82,12.94,-0.20,-2.53,39.04
629050,100,1555,77.56,12.94,-0.19,-2.46,39.05
629320,100,1555,51.23,12.94,-0.20,-2.59,39.06
629591,100,1555,52.32,12.94,-0.22,-2.80,39.06
629862,100,1555,51.77,12.94,-0.19,-2.42,39.07
630132,100,1555,50.72,12.94,-0.19,-2.46,39.07
630404,100,1555,50.99,12.94,-0.21,-2.78,39.06
630674,100,1555,51.90,12.94,-0.23,-2.97,39.08
630945,100,1555,52.07,12.94,-0.21,-2.66,39.09
631216,100,1555,51.77,12.95,-0.22,-2.87,39.09
631487,100,1555,50.89,12.95,-0.24,-3.05,39.10
631757,100,1555,51.59,12.95,-0.24,-3.12,39.10
632029,100,1555,51.13,12.95,-0.22,-2.80,39.10
632299,100,1555,51.73,12.95,-0.23,-2.99,39.12
632570,100,1555,59.37,12.95,-0.24,-3.07,39.13
632841,100,1555,51.67,12.95,-0.21,-2.75,39.24
633112,100,1555,51.16,12.95,-0.24,-3.04,39.24
633382,100,1555,49.98,12.95,-0.21,-2.73,39.24
633653,100,1555,50.72,12.95,-0.22,-2.83,39.25
633924,100,1555,50.45,12.95,-0.25,-3.21,39.26
634194,100,1555,51.13,12.95,-0.22,-2.88,39.26
634466,100,1555,50.47,12.95,-0.24,-3.07,39.27
634736,100,1555,51.49,12.95,-0.21,-2.75,39.27
635008,100,1555,51.66,12.95,-0.19,-2.47,39.27
635278,100,1555,51.95,12.95,-0.19,-2.40,39.28
635549,100,1555,51.32,12.95,-0.20,-2.54,39.28
635820,100,1555,53.83,12.96,-0.20,-2.56,39.28
636091,100,1555,68.68,12.96,-0.21,-2.78,39.29
636361,100,1555,50.16,12.96,-0.20,-2.59,39.29
636633,100,1555,50.85,12.96,-0.19,-2.51,39.29
636903,100,1555,50.61,12.95,-0.17,-2.25,39.29
637174,100,1555,50.95,12.95,-0.16,-2.11,39.31
637445,100,1555,51.13,12.95,-0.18,-2.37,39.31
637716,100,1555,51.25,12.95,-0.21,-2.70,39.31
637986,100,1555,50.81,12.95,-0.22,-2.90,39.30
638258,100,1555,50.49,12.95,-0.21,-2.70,39.30
638528,100,1555,51.94,12.95,-0.19,-2.42,39.30
638799,100,1555,51.33,12.95,-0.20,-2.65,39.30
639070,100,1555,51.73,12.95,-0.24,-3.05,39.31
639341,100,1555,49.00,12.95,-0.21,-2.73,39.33
639611,100,1555,51.39,12.95,-0.22,-2.84,39.34
639883,100,1555,49.96,12.95,-0.24,-3.12,39.35
640153,100,1555,50.33,12.95,-0.22,-2.89,39.36
640424,100,1555,51.25,12.95,-0.22,-2.79,39.37
640695,100,1555,50.47,12.95,-0.22,-2.79,39.38
640965,100,1555,50.37,12.95,-0.23,-2.98,39.38
641236,100,1555,50.70,12.95,-0.24,-3.15,39.39
641507,100,1555,51.89,12.95,-0.26,-3.31,39.40
641778,100,1555,51.01,12.95,-0.27,-3.55,39.40
642049,100,1555,51.31,12.95,-0.26,-3.37,39.41
642320,100,1555,52.13,12.95,-0.27,-3.51,39.46
642590,100,1555,50.26,12.95,-0.29,-3.72,39.46
642862,100,1555,51.03,12.95,-0.30,-3.92,39.47
643132,100,1555,51.29,12.95,-0.32,-4.09,39.47
643403,100,1555,50.86,12.95,-0.29,-3.77,39.47
643674,100,1555,50.53,12.95,-0.28,-3.58,39.48
643945,100,1555,51.36,12.95,-0.28,-3.69,39.48
644215,100,1555,51.38,12.95,-0.27,-3.50,39.49
644486,100,1555,52.08,12.95,-0.28,-3.62,39.50
644757,100,1555,52.15,12.95,-0.28,-3.64,39.49
645027,100,1555,51.63,12.95,-0.27,-3.46,39.50
645299,100,1555,50.57,12.96,-0.28,-3.68,39.51
645569,100,1555,51.27,12.95,-0.25,-3.30,39.52
645840,100,1555,50.70,12.95,-0.25,-3.25,39.52
646111,100,1555,50.81,12.95,-0.28,-3.59,39.53
646382,100,1555,50.60,12.96,-0.29,-3.80,39.54
646652,100,1555,52.00,12.96,-0.31,-3.98,39.54
646924,100,1555,50.79,12.96,-0.30,-3.86,39.54
647194,100,1555,52.23,12.95,-0.27,-3.47,39.56
647465,100,1555,51.26,12.95,-0.23,-3.02,39.56
647736,100,1555,52.26,12.95,-0.22,-2.90,39.57
648007,100,1555,50.18,12.95,-0.25,-3.18,39.57
648278,100,1555,51.11,12.95,-0.21,-2.75,39.58
648548,100,1555,51.66,12.95,-0.23,-2.95,39.60
648819,100,1555,50.67,12.95,-0.22,-2.84,39.61
649090,100,1555,50.48,12.95,-0.21,-2.74,39.61
649361,100,1555,51.51,12.95,-0.23,-2.93,39.62
649631,100,1555,50.50,12.95,-0.25,-3.21,39.63
649903,100,1555,50.82,12.95,-0.27,-3.45,39.64
650173,100,1555,51.99,12.95,-0.25,-3.29,39.65
650444,100,1555,50.81,12.95,-0.26,-3.34,39.64
650715,100,1555,51.38,12.95,-0.23,-2.99,39.65
650985,100,1555,52.20,12.95,-0.22,-2.88,39.68
651256,100,1555,51.54,12.95,-0.22,-2.87,39.69
651527,100,1555,51.77,12.95,-0.24,-3.05,39.69
651798,100,1555,51.30,12.95,-0.24,-3.12,39.69
652068,100,1555,52.26,12.95,-0.25,-3.28,39.70
652340,100,1555,51.11,12.95,-0.26,-3.33,39.71
652610,100,1555,52.43,12.95,-0.28,-3.56,39.71
652881,100,1555,51.58,12.95,-0.29,-3.77,39.73
653152,100,1555,51.09,12.95,-0.31,-3.96,39.73
653423,100,1555,52.31,12.95,-0.30,-3.84,39.74
653693,100,1555,52.38,12.95,-0.27,-3.45,39.75
653964,100,1555,51.63,12.95,-0.26,-3.39,39.76
654235,100,1555,51.49,12.95,-0.28,-3.61,39.77
654505,100,1555,51.77,12.95,-0.28,-3.63,39.77
654777,100,1555,52.28,12.95,-0.27,-3.45,39.78
655047,100,1555,51.79,12.95,-0.27,-3.48,39.78
655319,100,1555,52.37,12.95,-0.28,-3.60,39.80
655589,100,1555,52.29,12.95,-0.28,-3.62,39.81
655860,100,1555,51.99,12.95,-0.29,-3.73,39.81
656131,100,1555,51.39,12.95,-0.27,-3.54,39.82
656401,100,1555,52.19,12.95,-0.25,-3.17,39.82
656672,100,1555,52.21,12.95,-0.26,-3.33,39.83
656943,100,1555,52.22,12.95,-0.25,-3.18,39.83
657214,100,1555,52.31,12.95,-0.22,-2.85,39.85
657484,100,1555,51.21,12.95,-0.23,-2.94,39.85
657756,100,1555,51.56,12.95,-0.24,-3.12,39.86
658026,100,1555,51.26,12.95,-0.22,-2.89,39.87
658297,100,1555,51.00,12.95,-0.22,-2.79,39.89
658568,100,1555,50.49,12.95,-0.22,-2.88,39.90
658839,100,1555,50.69,12.95,-0.21,-2.78,39.91
659109,100,1555,50.71,12.95,-0.23,-2.97,39.90
659381,100,1555,51.36,12.95,-0.20,-2.57,39.91
659651,100,1555,51.28,12.95,-0.21,-2.78,39.91
659922,100,1555,52.45,12.96,-0.24,-3.07,39.91
660193,100,1555,51.53,12.96,-0.22,-2.85,39.92
660464,100,1555,52.28,12.96,-0.24,-3.13,39.93
660734,100,1555,52.12,12.95,-0.23,-3.00,39.94
661006,100,1555,52.14,12.95,-0.22,-2.89,39.94
661276,100,1555,59.06,12.95,-0.21,-2.68,39.96
661548,100,1555,52.11,12.95,-0.22,-2.79,39.96
661818,100,1555,52.40,12.95,-0.24,-3.08,39.98
662088,100,1555,52.19,12.95,-0.21,-2.76,39.98
662360,100,1555,50.99,12.95,-0.20,-2.57,39.98
662630,100,1555,51.18,12.95,-0.22,-2.79,40.00
662901,100,1555,50.92,12.95,-0.24,-3.07,40.00
663172,100,1555,52.30,12.95,-0.23,-2.95,40.01
663443,100,1555,51.59,12.95,-0.23,-3.03,40.02
663713,100,1555,51.73,12.95,-0.23,-3.01,40.03
663985,100,1555,52.44,12.95,-0.25,-3.18,40.04
664255,100,1555,51.29,12.95,-0.26,-3.43,40.05
664526,100,1555,51.39,12.95,-0.27,-3.46,39.99
664797,100,1555,52.17,12.95,-0.26,-3.39,40.01
665068,100,1555,50.69,12.95,-0.25,-3.24,40.02
665338,100,1555,51.09,12.95,-0.25,-3.29,40.03
665609,100,1555,50.78,12.95,-0.27,-3.52,40.04
665880,100,1555,52.26,12.95,-0.25,-3.26,40.05
666150,100,1555,52.35,12.95,-0.23,-2.92,40.06
666422,100,1555,51.70,12.95,-0.25,-3.29,40.08
666963,101,1561,54.94,12.95,-0.23,-3.01,40.13
667234,101,1561,58.81,12.95,-0.21,-2.70,40.13
667505,101,1561,58.89,12.95,-0.22,-2.80,40.13
667776,101,1561,58.10,12.96,-0.22,-2.90,40.14
668047,101,1561,58.37,12.95,-0.24,-3.08,40.16
668317,101,1561,58.49,12.95,-0.25,-3.24,40.17
668589,101,1561,58.20,12.95,-0.24,-3.10,40.16
668859,101,1561,58.87,12.95,-0.24,-3.07,40.17
669130,101,1561,58.81,12.95,-0.26,-3.33,40.18
669401,101,1561,58.15,12.95,-0.27,-3.47,40.19
669671,101,1561,58.60,12.95,-0.27,-3.50,40.20
669942,101,1561,58.71,12.95,-0.27,-3.52,40.21
670213,101,1561,57.39,12.95,-0.24,-3.06,40.21
670484,101,1561,58.19,12.95,-0.24,-3.13,40.22
670754,101,1561,57.74,12.95,-0.22,-2.81,40.24
671026,101,1561,58.35,12.95,-0.23,-3.00,40.24
671296,101,1561,58.28,12.95,-0.21,-2.69,40.24
671567,101,1561,58.50,12.95,-0.23,-2.99,40.24
671838,101,1561,58.89,12.95,-0.24,-3.07,40.26
672109,101,1561,58.41,12.95,-0.26,-3.42,40.27
672379,101,1561,58.12,12.95,-0.27,-3.55,40.29
672651,101,1561,58.43,12.95,-0.29,-3.76,40.29
672921,101,1561,58.34,12.95,-0.28,-3.57,40.30
673192,101,1561,57.99,12.95,-0.24,-3.11,40.29
673463,101,1561,57.70,12.95,-0.23,-2.98,40.24
673733,101,1561,58.66,12.95,-0.24,-3.15,40.25
674004,101,1561,58.17,12.95,-0.26,-3.31,40.27
674275,101,1561,58.59,12.95,-0.27,-3.54,40.28
674546,101,1561,58.46,12.95,-0.29,-3.76,40.29
674817,101,1561,58.84,12.95,-0.28,-3.66,40.29
675088,101,1561,58.42,12.95,-0.30,-3.86,40.30
675358,101,1561,58.42,12.95,-0.26,-3.37,40.31
675630,101,1561,62.74,12.95,-0.27,-3.50,40.32
675900,101,1561,85.56,12.95,-0.29,-3.82,40.33
676171,101,1561,58.75,12.95,-0.31,-4.00,40.34
676442,101,1561,58.56,12.95,-0.32,-4.17,40.34
676713,101,1561,58.49,12.95,-0.33,-4.32,40.36
676983,101,1561,58.64,12.95,-0.33,-4.26,40.38
677254,101,1561,58.76,12.95,-0.30,-3.92,40.40
677525,101,1561,58.23,12.95,-0.28,-3.62,40.43
677796,101,1561,58.15,12.95,-0.26,-3.34,40.42
678067,101,1561,59.21,12.95,-0.25,-3.19,40.42
678338,101,1561,58.57,12.95,-0.22,-2.86,40.43
678608,101,1561,57.49,12.95,-0.24,-3.05,40.44
678879,101,1561,56.77,12.95,-0.23,-2.93,40.45
679150,101,1561,64.21,12.94,-0.14,-1.86,40.46
679420,101,1561,57.63,12.94,-0.14,-1.85,40.47
679692,101,1561,57.40,12.94,-0.17,-2.23,40.48
679962,101,1561,56.70,12.94,-0.20,-2.58,40.48
680233,101,1561,56.35,12.94,-0.18,-2.31,40.49
680504,101,1561,57.50,12.95,-0.17,-2.17,40.49
680775,101,1561,57.32,12.95,-0.18,-2.33,40.50
681046,101,1561,57.55,12.95,-0.20,-2.56,40.50
681317,101,1561,57.41,12.95,-0.16,-2.11,40.51
681587,101,1561,57.82,12.95,-0.15,-1.98,40.51
681859,101,1561,56.92,12.95,-0.18,-2.35,40.51
682129,101,1561,57.52,12.95,-0.19,-2.49,40.53
682400,101,1561,57.26,12.95,-0.21,-2.71,40.54
682671,101,1561,57.96,12.95,-0.21,-2.72,40.46
682941,101,1561,57.19,12.95,-0.20,-2.63,40.48
683212,101,1561,57.24,12.95,-0.22,-2.84,40.50
683483,101,1561,58.12,12.95,-0.21,-2.74,40.52
683754,101,1561,56.97,12.95,-0.17,-2.26,40.54
684024,101,1561,57.64,12.95,-0.19,-2.41,40.54
684296,101,1561,57.58,12.95,-0.17,-2.26,40.55
684566,101,1561,57.26,12.95,-0.19,-2.50,40.55
684837,101,1561,57.63,12.95,-0.22,-2.82,40.56
685108,101,1561,57.35,12.95,-0.24,-3.11,40.57
685379,101,1561,57.06,12.95,-0.24,-3.17,40.58
685649,101,1561,57.52,12.95,-0.23,-3.04,40.59
685921,101,1561,56.95,12.95,-0.20,-2.53,40.62
686191,101,1561,60.71,12.95,-0.18,-2.37,40.64
686462,101,1561,80.51,12.95,-0.19,-2.50,40.64
686733,101,1561,58.54,12.95,-0.20,-2.53,40.66
687003,101,1561,58.56,12.95,-0.18,-2.37,40.67
687275,101,1561,57.71,12.95,-0.19,-2.51,40.69
687545,101,1561,58.88,12.95,-0.17,-2.25,40.71
687816,101,1561,58.62,12.95,-0.20,-2.59,40.72
688087,101,1561,58.74,12.95,-0.20,-2.61,40.73
688358,101,1561,58.51,12.95,-0.22,-2.82,40.74
688628,101,1561,57.98,12.95,-0.22,-2.82,40.73
688900,101,1561,57.98,12.95,-0.19,-2.43,40.73
689170,101,1561,58.89,12.95,-0.20,-2.56,40.74
689441,101,1561,58.33,12.95,-0.19,-2.49,40.74
689712,101,1561,58.07,12.95,-0.21,-2.71,40.75
689983,101,1561,57.32,12.95,-0.22,-2.91,40.76
690253,101,1561,57.91,12.95,-0.22,-2.80,40.76
690525,101,1561,57.33,12.95,-0.18,-2.32,40.77
690795,101,1561,57.54,12.95,-0.18,-2.37,40.79
691066,101,1561,58.03,12.95,-0.17,-2.22,40.80
691337,101,1561,58.06,12.95,-0.15,-1.89,40.82
691607,101,1561,58.05,12.95,-0.13,-1.69,40.83
691878,101,1561,58.45,12.95,-0.15,-2.00,40.84
692149,101,1561,57.71,12.95,-0.15,-1.98,40.85
692420,101,1561,58.93,12.95,-0.17,-2.16,40.85
692690,101,1561,59.30,12.95,-0.17,-2.22,40.86
692962,101,1561,58.48,12.95,-0.18,-2.37,40.87
693232,101,1561,59.27,12.95,-0.19,-2.51,40.81
693504,101,1561,58.77,12.95,-0.17,-2.15,40.82
693774,101,1561,59.16,12.95,-0.18,-2.31,40.84
694045,101,1561,57.80,12.95,-0.15,-1.98,40.85
694316,101,1561,58.82,12.95,-0.17,-2.25,40.86
694587,101,1561,58.99,12.95,-0.17,-2.21,40.87
694857,101,1561,57.82,12.95,-0.20,-2.55,40.88
695129,101,1561,57.81,12.95,-0.18,-2.39,40.88
695399,101,1561,57.28,12.95,-0.17,-2.23,40.89
695670,101,1561,58.08,12.95,-0.20,-2.58,40.91
695941,101,1561,57.72,12.95,-0.22,-2.89,40.93
696212,101,1561,58.53,12.95,-0.24,-3.17,40.93
696482,101,1561,58.61,12.95,-0.20,-2.65,40.93
696753,101,1561,57.65,12.95,-0.21,-2.66,40.93
697024,101,1561,57.78,12.95,-0.18,-2.39,40.95
697294,101,1561,57.21,12.95,-0.15,-1.95,40.96
697566,101,1561,57.75,12.95,-0.15,-1.94,40.98
697836,101,1561,57.95,12.95,-0.12,-1.54,40.99
698107,101,1561,58.01,12.95,-0.14,-1.86,40.98
698378,101,1561,57.92,12.95,-0.13,-1.66,40.99
698649,101,1561,57.74,12.95,-0.17,-2.16,41.00
698919,101,1561,58.99,12.95,-0.16,-2.03,41.01
699191,101,1561,58.77,12.95,-0.18,-2.30,41.03
699461,101,1561,57.26,12.95,-0.19,-2.44,41.05
699732,101,1561,57.87,12.95,-0.20,-2.57,41.10
700003,101,1561,56.85,12.95,-0.22,-2.79,41.10
700274,101,1561,58.21,12.95,-0.22,-2.88,41.11
700545,101,1561,58.38,12.95,-0.23,-2.97,41.12
700816,101,1561,59.87,12.95,-0.24,-3.14,41.13
701086,101,1561,58.50,12.95,-0.23,-3.01,41.14
701358,101,1561,58.85,12.95,-0.21,-2.70,41.15
701628,101,1561,57.92,12.95,-0.19,-2.52,41.14
701899,101,1561,57.45,12.95,-0.21,-2.74,41.15
702170,101,1561,57.66,12.95,-0.22,-2.84,41.14
702440,101,1561,58.75,12.95,-0.22,-2.83,41.14
702711,101,1561,58.28,12.95,-0.23,-3.02,41.17
702982,101,1561,58.65,12.95,-0.21,-2.71,41.18
703253,101,1561,58.89,12.95,-0.21,-2.72,41.18
703523,101,1561,58.33,12.95,-0.20,-2.63,41.17
703795,101,1561,58.65,12.95,-0.18,-2.36,41.18
704065,101,1561,58.27,12.95,-0.19,-2.50,41.18
704336,101,1561,90.24,12.69,1.57,19.89,41.19
704607,101,1561,53.48,12.72,1.37,17.48,41.19
704878,101,1561,58.25,12.74,1.22,15.58,41.19
705148,101,1561,58.15,12.76,1.06,13.58,41.21
705420,101,1561,58.26,12.78,0.91,11.68,41.21
705690,101,1561,58.86,12.80,0.82,10.44,41.21
705960,101,1561,58.81,12.81,0.72,9.23,41.23
706232,101,1561,57.76,12.83,0.60,7.66,41.24
706502,101,1561,58.97,12.84,0.51,6.53,41.24
706774,101,1561,59.37,12.85,0.42,5.41,41.24
707044,101,1561,59.22,12.86,0.39,4.98,41.24
707315,101,1561,58.68,12.87,0.33,4.21,41.24
707586,101,1561,58.37,12.88,0.25,3.22,41.23
707857,101,1561,57.86,12.89,0.18,2.34,41.25
708127,101,1561,57.92,12.89,0.13,1.64,41.23
708399,101,1561,58.89,12.90,0.10,1.29,41.24
708669,101,1561,58.66,12.91,0.07,0.89,41.27
708940,101,1561,58.55,12.91,0.06,0.81,41.28
709211,101,1561,57.30,12.91,0.04,0.54,41.29
709482,101,1561,57.84,12.92,0.02,0.21,41.29
709752,101,1561,57.68,12.92,0.01,0.10,41.30
710024,101,1561,57.32,12.92,-0.02,-0.28,41.31
710294,101,1561,57.42,12.93,-0.06,-0.82,41.33
710565,101,1561,57.70,12.93,-0.09,-1.21,41.34
710836,101,1561,58.11,12.93,-0.09,-1.17,41.36
711106,101,1561,57.68,12.93,-0.07,-0.95,41.36
711377,101,1561,57.85,12.94,-0.09,-1.14,41.37
711648,101,1561,57.41,12.94,-0.11,-1.40,41.39
711919,101,1561,57.94,12.94,-0.08,-1.06,41.40
712189,101,1561,57.96,12.94,-0.10,-1.23,41.41
712461,101,1561,58.22,12.94,-0.10,-1.29,41.39
712731,101,1561,58.59,12.94,-0.09,-1.15,41.39
713003,101,1561,58.38,12.94,-0.11,-1.41,41.40
713273,101,1561,58.41,12.94,-0.12,-1.55,41.41
713544,101,1561,57.57,12.94,-0.15,-1.96,41.42
713815,101,1561,58.03,12.94,-0.18,-2.33,41.42
714086,101,1561,57.77,12.95,-0.18,-2.38,41.43
714356,101,1561,58.48,12.95,-0.20,-2.61,41.44
714628,101,1561,58.58,12.95,-0.21,-2.72,41.44
714898,101,1561,58.90,12.94,-0.17,-2.16,41.45
715169,101,1561,57.71,12.94,-0.16,-2.03,41.45
715440,101,1561,57.09,12.94,-0.15,-1.91,41.47
715711,101,1561,57.99,12.94,-0.15,-1.90,41.46
715981,101,1561,57.53,12.95,-0.13,-1.70,41.49
716253,101,1561,57.95,12.95,-0.16,-2.10,41.51
716523,101,1561,57.22,12.95,-0.17,-2.17,41.52
716794,101,1561,57.35,12.95,-0.16,-2.14,41.53
717065,101,1561,56.47,12.95,-0.15,-1.91,41.54
717336,101,1561,57.69,12.95,-0.17,-2.19,41.55
717606,101,1561,56.87,12.95,-0.17,-2.16,41.56
717878,101,1561,57.10,12.95,-0.14,-1.84,41.57
718526,101,1561,59.73,12.95,-0.13,-1.74,41.57
718796,101,1561,57.32,12.95,-0.10,-1.27,41.58
719068,101,1561,58.10,12.94,-0.10,-1.33,41.58
719338,101,1561,57.62,12.94,-0.11,-1.38,41.59
719608,101,1561,57.56,12.94,-0.10,-1.33,41.59
719880,101,1561,88.67,12.64,1.96,24.77,41.60
720150,101,1561,55.07,12.67,1.73,21.89,41.60
720421,101,1561,58.21,12.69,1.57,19.93,41.61
720692,101,1561,58.60,12.72,1.41,17.98,41.61
720963,101,1561,58.03,12.74,1.26,16.03,41.62
721233,101,1561,58.85,12.76,1.16,14.74,41.64
721505,101,1561,58.62,12.77,1.05,13.39,41.64
721775,101,1561,58.52,12.79,0.98,12.54,41.65
722046,101,1561,57.88,12.80,0.87,11.12,41.65
722317,101,1561,57.31,12.82,0.77,9.84,41.65
722588,101,1561,57.93,12.83,0.67,8.59,41.66
722859,101,1561,57.94,12.84,0.62,7.93,41.67
723130,101,1561,59.04,12.85,0.59,7.53,41.67
723400,101,1561,58.26,12.86,0.52,6.70,41.68
723672,101,1561,58.90,12.87,0.45,5.85,41.67
723942,101,1561,58.41,12.88,0.45,5.85,41.68
724212,101,1561,58.44,12.88,0.40,5.18,41.69
724484,101,1561,58.19,12.89,0.39,5.06,41.70
724754,101,1561,59.03,12.90,0.34,4.37,41.71
725025,101,1561,58.04,12.90,0.32,4.14,41.71
725296,101,1561,58.46,12.91,0.27,3.54,41.72
725567,101,1561,57.41,12.91,0.24,3.10,41.72
725838,101,1561,58.62,12.91,0.20,2.61,41.73
726109,101,1561,58.52,12.91,0.20,2.64,41.73
726380,101,1561,58.90,12.91,0.18,2.39,41.75
726650,101,1561,61.17,12.92,0.20,2.64,41.77
727192,102,1566,64.40,12.92,0.18,2.35,41.78
727463,102,1566,69.59,12.93,0.20,2.61,41.79
727734,102,1566,68.87,12.93,0.20,2.55,41.80
728004,102,1566,71.06,12.93,0.19,2.40,41.81
728275,102,1566,70.46,12.93,0.16,2.07,41.82
728546,102,1566,68.42,12.93,0.12,1.58,41.82
728817,102,1566,70.13,12.93,0.10,1.34,41.83
729088,102,1566,69.07,12.93,0.08,1.02,41.84
729359,102,1566,69.30,12.93,0.06,0.83,41.84
729629,102,1566,69.86,12.93,0.06,0.76,41.85
729901,102,1566,71.94,12.93,0.04,0.50,41.85
730171,102,1566,68.11,12.93,0.07,0.84,41.86
730442,102,1566,67.99,12.93,0.04,0.57,41.86
730713,102,1566,69.16,12.93,0.04,0.53,41.87
730984,102,1566,70.04,12.93,0.03,0.39,41.87
731254,102,1566,67.68,12.93,0.03,0.45,41.88
731526,102,1566,68.62,12.93,0.06,0.80,41.88
731796,102,1566,68.26,12.93,0.09,1.21,41.90
732067,102,1566,69.34,12.93,0.11,1.48,41.90
732338,102,1566,68.18,12.93,0.11,1.43,41.90
732609,102,1566,68.07,12.93,0.09,1.11,41.91
732879,102,1566,66.87,12.93,0.11,1.48,41.94
733151,102,1566,68.44,12.93,0.14,1.82,41.95
733421,102,1566,68.66,12.93,0.12,1.55,41.96
733692,102,1566,85.02,12.93,0.13,1.69,41.97
733963,102,1566,68.35,12.93,0.11,1.44,41.98
734234,102,1566,66.87,12.93,0.09,1.21,41.98
734504,102,1566,67.61,12.93,0.08,1.10,41.99
734776,102,1566,68.42,12.93,0.10,1.28,42.01
735046,102,1566,68.75,12.93,0.08,0.97,42.01
735318,102,1566,69.90,12.93,0.11,1.46,42.01
735588,102,1566,67.92,12.93,0.09,1.22,42.02
735859,102,1566,67.82,12.94,0.09,1.11,42.02
736130,102,1566,69.17,12.94,0.11,1.49,42.02
736401,102,1566,68.04,12.94,0.10,1.25,42.04
736671,102,1566,67.12,12.94,0.12,1.61,42.04
736943,102,1566,67.77,12.94,0.16,2.04,42.05
737213,102,1566,67.65,12.94,0.11,1.46,42.12
737484,102,1566,66.61,12.94,0.09,1.23,42.11
737755,102,1566,66.42,12.94,0.09,1.21,42.12
738026,102,1566,66.52,12.94,0.12,1.57,42.18
738296,102,1566,68.80,12.94,0.15,2.00,42.17
738568,102,1566,67.02,12.94,0.16,2.10,42.17
738838,102,1566,69.49,12.94,0.18,2.28,42.16
739109,102,1566,67.41,12.94,0.17,2.25,42.16
739380,102,1566,65.84,12.93,0.19,2.42,42.16
739651,102,1566,66.94,12.94,0.15,1.90,42.16
739921,102,1566,67.94,12.94,0.14,1.81,42.16
740193,102,1566,67.70,12.94,0.13,1.64,42.17
740463,102,1566,67.56,12.94,0.17,2.25,42.17
740734,102,1566,68.41,12.94,0.19,2.51,42.17
741005,102,1566,69.16,12.94,0.21,2.75,42.17
741276,102,1566,67.61,12.94,0.23,2.96,42.13
741547,102,1566,67.61,12.94,0.24,3.15,42.14
741818,102,1566,66.70,12.94,0.25,3.23,42.14
742088,102,1566,70.79,12.94,0.24,3.11,42.14
742360,102,1566,67.35,12.93,0.22,2.90,42.15
742630,102,1566,67.40,12.94,0.20,2.52,42.15
742901,102,1566,66.33,12.94,0.21,2.76,42.15
743172,102,1566,67.56,12.93,0.19,2.40,42.16
743443,102,1566,68.16,12.93,0.21,2.74,42.17
743713,102,1566,68.09,12.94,0.20,2.57,42.15
743985,102,1566,72.67,12.93,0.21,2.70,42.16
744255,102,1566,98.57,12.93,0.20,2.63,42.18
744526,102,1566,68.59,12.93,0.18,2.38,42.18
744798,102,1566,67.07,12.93,0.15,1.96,42.19
745068,102,1566,69.47,12.94,0.12,1.58,42.16
745339,102,1566,67.31,12.93,0.11,1.43,42.17
745610,102,1566,67.86,12.94,0.13,1.68,42.18
745880,102,1566,67.87,12.94,0.13,1.71,42.19
746151,102,1566,67.11,12.94,0.10,1.36,42.21
746423,102,1566,68.34,12.94,0.13,1.71,42.22
746693,102,1566,67.95,12.94,0.10,1.36,42.23
746964,102,1566,67.08,12.94,0.09,1.13,42.24
747235,102,1566,66.70,12.94,0.06,0.74,42.25
747505,102,1566,67.15,12.94,0.06,0.77,42.25
747777,102,1566,69.67,12.94,0.09,1.18,42.27
748047,102,1566,66.90,12.94,0.11,1.46,42.29
748318,102,1566,66.53,12.94,0.13,1.70,42.31
748590,102,1566,69.34,12.94,0.15,1.92,42.31
748860,102,1566,68.82,12.93,0.16,2.12,42.32
749131,102,1566,69.33,12.93,0.15,1.92,42.34
749402,102,1566,69.53,12.93,0.15,1.93,42.35
749672,102,1566,68.19,12.93,0.15,1.93,42.36
749943,102,1566,66.34,12.93,0.16,2.13,42.37
750214,102,1566,68.21,12.93,0.13,1.74,42.38
750485,102,1566,68.84,12.93,0.14,1.76,42.38
750756,102,1566,76.20,12.93,0.12,1.50,42.39
751027,102,1566,66.15,12.93,0.10,1.26,42.40
751298,102,1566,67.88,12.93,0.10,1.34,42.40
751568,102,1566,66.34,12.93,0.09,1.21,42.41
751840,102,1566,65.87,12.93,0.10,1.29,42.41
752110,102,1566,64.26,12.93,0.08,1.07,42.42
752381,102,1566,65.13,12.93,0.07,0.88,42.42
752652,102,1566,65.20,12.93,0.06,0.80,42.42
752923,102,1566,64.66,12.94,0.06,0.73,42.43
753193,102,1566,65.18,12.94,0.04,0.57,42.43
753465,102,1566,67.42,12.94,0.07,0.90,42.43
753735,102,1566,65.38,12.94,0.08,1.01,42.43
754007,102,1566,64.93,12.93,0.11,1.40,42.45
754277,102,1566,65.88,12.93,0.11,1.46,42.45
754548,102,1566,66.24,12.93,0.12,1.61,42.46
754819,102,1566,66.56,12.93,0.11,1.46,42.48
755090,102,1566,67.04,12.93,0.12,1.51,42.49
755360,102,1566,65.20,12.93,0.08,1.08,42.50
755632,102,1566,67.99,12.93,0.10,1.27,42.51
755902,102,1566,66.92,12.93,0.07,0.96,42.50
756173,102,1566,67.26,12.94,0.07,0.97,42.51
756444,102,1566,67.27,12.93,0.10,1.26,42.52
756715,102,1566,65.18,12.94,0.12,1.53,42.53
756985,102,1566,64.08,12.94,0.10,1.29,42.53
757257,102,1566,65.47,12.94,0.13,1.65,42.54
757527,102,1566,67.66,12.94,0.14,1.88,42.54
757798,102,1566,66.80,12.94,0.13,1.70,42.55
758069,102,1566,68.09,12.94,0.13,1.73,42.55
758340,102,1566,67.65,12.94,0.11,1.37,42.56
758610,102,1566,66.65,12.94,0.11,1.43,42.57
758882,102,1566,67.17,12.94,0.13,1.68,42.59
759152,102,1566,66.40,12.94,0.11,1.43,42.59
759424,102,1566,66.69,12.93,0.11,1.39,42.60
759694,102,1566,67.50,12.93,0.11,1.45,42.62
759965,102,1566,66.95,12.93,0.09,1.22,42.63
760236,102,1566,67.28,12.93,0.09,1.20,42.64
760507,102,1566,66.87,12.93,0.06,0.80,42.65
760777,102,1566,65.88,12.93,0.04,0.54,42.64
761049,102,1566,68.30,12.93,0.03,0.40,42.65
761319,102,1566,66.39,12.93,0.07,0.85,42.66
761590,102,1566,66.48,12.93,0.05,0.67,42.66
761861,102,1566,65.36,12.93,0.08,1.09,42.67
762132,102,1566,66.08,12.93,0.11,1.38,42.68
762402,102,1566,66.51,12.93,0.10,1.25,42.68
762674,102,1566,67.18,12.93,0.09,1.23,42.69
762944,102,1566,66.97,12.93,0.09,1.11,42.69
763214,102,1566,66.63,12.93,0.10,1.30,42.71
763486,102,1566,65.63,12.93,0.09,1.18,42.71
763757,102,1566,67.75,12.93,0.10,1.26,42.73
764027,102,1566,65.27,12.93,0.07,0.95,42.74
764299,102,1566,66.38,12.93,0.09,1.15,42.75
764569,102,1566,64.37,12.93,0.07,0.95,42.76
764840,102,1566,67.60,12.94,0.07,0.96,42.77
765111,102,1566,65.04,12.94,0.06,0.78,42.78
765381,102,1566,67.35,12.93,0.07,0.90,42.78
765652,102,1566,68.16,12.93,0.05,0.63,42.77
765923,102,1566,67.50,12.94,0.03,0.38,42.78
766194,102,1566,65.98,12.93,0.08,1.02,42.79
766465,102,1566,66.07,12.93,0.06,0.74,42.80
766736,102,1566,67.53,12.93,0.07,0.86,42.80
767006,102,1566,69.35,12.93,0.10,1.26,42.81
767278,102,1566,66.71,12.94,0.12,1.53,42.82
767548,102,1566,67.03,12.94,0.08,1.00,42.82
767819,102,1566,68.00,12.94,0.08,1.01,42.74
768090,102,1566,66.22,12.94,0.08,1.01,42.77
768361,102,1566,68.55,12.94,0.11,1.40,42.79
768631,102,1566,67.63,12.94,0.09,1.17,42.80
768903,102,1566,66.79,12.94,0.12,1.54,42.81
769173,102,1566,67.47,12.94,0.12,1.49,42.83
769444,102,1566,68.29,12.93,0.09,1.16,42.83
769715,102,1566,68.65,12.94,0.08,1.05,42.85
769986,102,1566,68.89,12.94,0.07,0.96,42.83
770256,102,1566,65.19,12.94,0.06,0.77,42.84
770528,102,1566,65.01,12.94,0.09,1.18,42.85
770798,102,1566,66.42,12.94,0.07,0.88,42.87
771069,102,1566,67.59,12.94,0.08,1.09,42.87
771340,102,1566,66.83,12.94,0.07,0.89,42.88
771611,102,1566,91.46,12.90,0.40,5.11,42.89
771881,102,1566,65.19,12.90,0.35,4.51,42.90
772153,102,1566,66.86,12.91,0.32,4.17,42.91
772423,102,1566,66.07,12.91,0.29,3.76,42.92
772695,102,1566,62.65,12.91,0.26,3.39,42.96
772965,102,1566,66.48,12.91,0.22,2.87,42.96
773236,102,1566,65.74,12.92,0.20,2.59,42.98
773507,102,1566,65.09,12.92,0.20,2.54,43.05
773778,102,1566,64.83,12.93,0.16,2.00,43.06
774048,102,1566,65.34,12.93,0.16,2.10,43.07
774320,102,1566,65.87,12.93,0.18,2.28,43.07
774590,102,1566,64.70,12.93,0.14,1.77,43.08
774861,102,1566,93.24,12.92,0.15,1.99,43.09
775132,102,1566,64.22,12.92,0.14,1.80,43.05
775403,102,1566,67.35,12.93,0.13,1.72,43.06
775673,102,1566,65.64,12.93,0.11,1.46,43.07
775945,102,1566,65.67,12.93,0.15,2.00,43.07
776215,102,1566,65.09,12.93,0.15,2.00,43.19
776486,102,1566,65.69,12.93,0.15,1.90,43.18
776757,102,1566,65.12,12.93,0.13,1.72,43.18
777028,102,1566,66.01,12.93,0.14,1.75,43.18
777298,102,1566,66.79,12.93,0.16,2.06,43.19
777570,102,1566,64.19,12.93,0.13,1.67,43.19
777840,102,1566,67.77,12.93,0.15,1.99,43.19
778112,102,1566,64.42,12.93,0.14,1.80,43.20
778382,102,1566,64.74,12.93,0.13,1.73,43.21
778653,102,1566,66.31,12.92,0.19,2.42,43.21
778924,102,1566,65.35,12.93,0.17,2.19,43.22
779195,102,1566,66.98,12.93,0.14,1.79,43.25
779465,102,1566,66.78,12.93,0.16,2.10,43.25
779737,102,1566,65.20,12.93,0.18,2.28,43.21
780007,102,1566,65.00,12.93,0.17,2.25,43.22
780278,102,1566,65.67,12.93,0.16,2.04,43.23
780549,102,1566,65.37,12.93,0.13,1.74,43.23
780820,102,1566,67.00,12.94,0.12,1.58,43.24
781091,102,1566,67.10,12.94,0.13,1.62,43.24
781362,102,1566,66.64,12.94,0.13,1.66,43.24
781633,102,1566,66.03,12.94,0.15,1.89,43.27
781903,102,1566,64.51,12.94,0.11,1.42,43.27
782175,102,1566,66.05,12.93,0.14,1.86,43.27
782445,102,1566,64.76,12.93,0.15,1.97,43.27
782716,102,1566,66.10,12.93,0.16,2.07,43.27
782987,102,1566,62.54,12.93,0.15,1.97,43.27
783258,102,1566,64.69,12.93,0.14,1.87,43.27
783528,102,1566,65.84,12.93,0.14,1.79,43.27
783800,102,1566,66.40,12.94,0.12,1.53,43.27
784070,102,1566,64.60,12.94,0.09,1.19,43.29
784340,102,1566,62.15,12.94,0.06,0.79,43.30
784612,102,1566,64.26,12.94,0.06,0.82,43.31
784883,102,1566,63.81,12.94,0.05,0.65,43.31
785154,102,1566,91.78,12.89,0.25,3.26,43.32
785425,102,1566,61.34,12.90,0.21,2.66,43.31
785695,102,1566,64.61,12.90,0.21,2.69,43.32
785967,102,1566,64.48,12.91,0.18,2.34,43.32
786237,102,1566,62.43,12.91,0.20,2.59,43.33
786508,102,1566,64.38,12.91,0.17,2.24,43.34
786779,102,1566,66.29,12.92,0.16,2.12,43.34
787320,103,1572,70.26,12.91,0.21,2.73,43.34
787592,103,1572,76.35,12.91,0.23,2.94,43.35
787862,103,1572,75.11,12.91,0.24,3.14,43.36
788133,103,1572,75.85,12.91,0.23,2.93,43.36
788404,103,1572,76.62,12.92,0.22,2.84,43.37
788675,103,1572,75.29,12.92,0.23,2.94,43.37
788945,103,1572,74.97,12.92,0.23,2.95,43.38
789217,103,1572,74.16,12.92,0.22,2.85,43.38
789487,103,1572,75.18,12.92,0.22,2.86,43.38
789758,103,1572,74.88,12.92,0.24,3.06,43.38
790029,103,1572,74.18,12.92,0.21,2.76,43.39
790300,103,1572,74.28,12.92,0.19,2.40,43.39
790571,103,1572,74.72,12.92,0.17,2.17,43.41
790842,103,1572,74.70,12.92,0.17,2.25,43.42
791112,103,1572,74.71,12.92,0.19,2.51,43.42
791384,103,1572,74.92,12.92,0.20,2.56,43.43
791654,103,1572,75.80,12.92,0.22,2.79,43.44
791925,103,1572,79.82,12.92,0.23,3.00,43.45
792196,103,1572,73.60,12.92,0.26,3.38,43.46
792467,103,1572,74.69,12.92,0.21,2.66,43.47
792737,103,1572,73.91,12.93,0.19,2.50,43.47
793009,103,1572,73.99,12.93,0.16,2.07,43.46
793279,103,1572,74.04,12.93,0.16,2.06,43.47
793550,103,1572,74.38,12.92,0.21,2.73,43.48
793821,103,1572,74.26,12.93,0.21,2.75,43.48
794092,103,1572,74.84,12.93,0.18,2.39,43.49
794362,103,1572,73.47,12.93,0.17,2.16,43.50
794634,103,1572,74.42,12.93,0.14,1.76,43.50
794904,103,1572,73.91,12.93,0.15,1.97,43.51
795175,103,1572,73.33,12.92,0.18,2.26,43.51
795446,103,1572,74.59,12.92,0.14,1.86,43.51
795717,103,1572,74.69,12.93,0.14,1.77,43.52
795987,103,1572,74.61,12.92,0.15,1.89,43.52
796259,103,1572,73.67,12.92,0.13,1.71,43.54
796529,103,1572,75.27,12.92,0.14,1.84,43.55
796801,103,1572,74.27,12.92,0.11,1.47,43.55
797071,103,1572,74.48,12.93,0.15,1.91,43.66
797342,103,1572,74.95,12.93,0.13,1.63,43.65
797613,103,1572,74.61,12.93,0.11,1.47,43.65
797884,103,1572,75.49,12.92,0.14,1.81,43.66
798154,103,1572,75.51,12.92,0.12,1.55,43.66
798426,103,1572,74.21,12.93,0.12,1.50,43.66
798696,103,1572,73.82,12.93,0.13,1.74,43.66
798967,103,1572,75.29,12.93,0.17,2.24,43.67
799239,103,1572,75.60,12.93,0.22,2.79,43.67
799509,103,1572,75.44,12.93,0.22,2.81,43.67
799779,103,1572,74.22,12.93,0.23,3.02,43.67
800051,103,1572,74.31,12.93,0.21,2.72,43.69
800321,103,1572,73.60,12.93,0.21,2.75,43.69
800592,103,1572,73.67,12.93,0.18,2.38,43.71
800863,103,1572,74.06,12.93,0.17,2.25,43.72
801134,103,1572,73.21,12.93,0.15,1.94,43.72
801404,103,1572,74.00,12.93,0.17,2.23,43.73
801676,103,1572,72.67,12.93,0.22,2.78,43.74
801946,103,1572,73.31,12.93,0.20,2.61,43.75
802217,103,1572,73.45,12.93,0.17,2.26,43.75
802488,103,1572,75.05,12.93,0.17,2.14,43.76
802759,103,1572,74.97,12.93,0.16,2.03,43.75
803030,103,1572,73.69,12.93,0.16,2.03,43.76
803301,103,1572,73.12,12.93,0.13,1.64,43.75
803572,103,1572,73.20,12.93,0.11,1.39,43.76
803843,103,1572,74.18,12.93,0.13,1.64,43.77
804114,103,1572,73.92,12.93,0.16,2.06,43.76
804384,103,1572,74.35,12.93,0.15,1.96,43.76
804656,103,1572,74.49,12.93,0.17,2.25,43.77
804926,103,1572,73.93,12.93,0.15,1.94,43.78
805196,103,1572,74.33,12.93,0.17,2.23,43.78
805468,103,1572,81.31,12.93,0.16,2.11,43.77
805739,103,1572,74.52,12.93,0.14,1.82,43.79
806009,103,1572,73.93,12.93,0.16,2.03,43.79
806281,103,1572,74.72,12.93,0.16,2.02,43.80
806551,103,1572,74.65,12.93,0.13,1.73,43.80
806822,103,1572,74.90,12.93,0.17,2.14,43.80
807093,103,1572,74.50,12.93,0.18,2.32,43.82
807364,103,1572,72.67,12.93,0.19,2.48,43.83
807634,103,1572,73.76,12.93,0.20,2.53,43.84
807906,103,1572,75.15,12.93,0.21,2.67,43.85
808176,103,1572,74.55,12.93,0.19,2.41,43.85
808448,103,1572,74.00,12.93,0.21,2.75,43.86
808718,103,1572,78.19,12.93,0.18,2.39,43.87
808989,103,1572,101.92,12.93,0.15,1.97,43.87
809261,103,1572,74.04,12.93,0.15,1.97,43.88
809531,103,1572,74.72,12.93,0.18,2.36,43.88
809802,103,1572,73.06,12.93,0.16,2.03,43.89
810073,103,1572,73.61,12.93,0.13,1.74,43.90
810344,103,1572,73.41,12.92,0.16,2.06,43.89
810614,103,1572,74.03,12.93,0.16,2.05,43.90
810886,103,1572,74.40,12.93,0.17,2.14,43.90
811156,103,1572,75.41,12.93,0.16,2.03,43.92
811427,103,1572,74.50,12.93,0.19,2.51,43.93
811698,103,1572,74.89,12.93,0.18,2.27,43.93
811969,103,1572,73.42,12.92,0.20,2.62,43.95
812239,103,1572,74.01,12.93,0.19,2.46,43.95
812511,103,1572,74.80,12.93,0.20,2.61,43.96
812781,103,1572,74.88,12.93,0.17,2.26,43.98
813052,103,1572,75.80,12.93,0.14,1.85,43.99
813323,103,1572,76.07,12.93,0.14,1.87,44.00
813594,103,1572,75.04,12.93,0.13,1.69,44.01
813864,103,1572,75.24,12.93,0.11,1.43,44.00
814136,103,1572,75.73,12.93,0.11,1.40,44.01
814406,103,1572,75.89,12.93,0.11,1.36,44.02
814678,103,1572,76.23,12.93,0.07,0.95,44.01
814948,103,1572,77.08,12.93,0.08,1.05,44.02
815219,103,1572,76.67,12.93,0.07,0.95,44.03
815490,103,1572,76.75,12.93,0.07,0.87,44.04
815761,103,1572,77.52,12.93,0.08,1.08,44.04
816031,103,1572,76.65,12.93,0.06,0.79,44.05
816303,103,1572,76.83,12.93,0.09,1.20,44.05
816573,103,1572,76.53,12.93,0.11,1.47,44.07
816844,103,1572,78.07,12.93,0.14,1.81,44.09
817115,103,1572,76.84,12.93,0.13,1.64,44.10
817386,103,1572,78.77,12.93,0.10,1.29,44.11
817656,103,1572,78.08,12.93,0.10,1.27,44.13
817928,103,1572,78.59,12.93,0.10,1.34,44.14
818198,103,1572,78.35,12.93,0.14,1.79,44.15
818469,103,1572,79.23,12.93,0.12,1.52,44.14
818740,103,1572,78.31,12.93,0.14,1.86,44.14
819011,103,1572,77.97,12.93,0.14,1.78,44.06
819281,103,1572,76.30,12.93,0.13,1.70,44.08
819553,103,1572,78.96,12.93,0.14,1.83,44.08
819823,103,1572,77.62,12.93,0.16,2.04,44.10
820094,103,1572,77.65,12.93,0.15,1.94,44.10
820365,103,1572,77.51,12.93,0.18,2.33,44.11
820636,103,1572,77.87,12.93,0.16,2.01,44.12
820907,103,1572,77.84,12.93,0.19,2.49,44.13
821178,103,1572,78.75,12.93,0.17,2.25,44.14
821448,103,1572,78.68,12.93,0.14,1.84,44.15
821720,103,1572,77.58,12.93,0.17,2.14,44.16
821990,103,1572,77.95,12.93,0.13,1.65,44.17
822261,103,1572,77.40,12.93,0.13,1.68,44.17
822532,103,1572,77.63,12.93,0.12,1.52,44.19
822803,103,1572,76.85,12.93,0.15,1.96,44.21
823073,103,1572,77.85,12.93,0.17,2.15,44.23
823345,103,1572,77.14,12.93,0.15,1.94,44.24
823615,103,1572,77.18,12.93,0.16,2.05,44.25
823886,103,1572,76.74,12.93,0.17,2.14,44.26
824157,103,1572,78.64,12.93,0.13,1.74,44.28
824428,103,1572,77.57,12.93,0.12,1.58,44.27
824698,103,1572,78.47,12.93,0.14,1.81,44.29
824970,103,1572,76.60,12.93,0.13,1.73,44.29
825240,103,1572,77.36,12.93,0.16,2.05,44.30
825511,103,1572,77.92,12.93,0.17,2.14,44.29
825782,103,1572,77.33,12.93,0.21,2.70,44.30
826053,103,1572,94.85,12.93,0.24,3.11,44.29
826323,103,1572,79.44,12.93,0.24,3.09,44.30
826595,103,1572,78.74,12.93,0.26,3.37,44.31
826865,103,1572,79.72,12.93,0.21,2.66,44.31
827137,103,1572,79.69,12.93,0.22,2.78,44.32
827407,103,1572,79.07,12.93,0.19,2.42,44.32
827678,103,1572,79.95,12.93,0.17,2.18,44.33
827949,103,1572,78.99,12.93,0.20,2.55,44.33
828220,103,1572,78.84,12.93,0.21,2.69,44.33
828490,103,1572,79.01,12.93,0.23,3.00,44.34
828762,103,1572,78.73,12.93,0.22,2.80,44.31
829033,103,1572,78.51,12.93,0.19,2.44,44.33
829303,103,1572,79.65,12.92,0.20,2.58,44.35
829575,103,1572,90.67,12.92,0.17,2.24,44.32
829845,103,1572,80.44,12.93,0.16,2.02,44.34
830115,103,1572,80.63,12.93,0.13,1.73,44.36
830387,103,1572,78.96,12.93,0.15,1.95,44.37
830658,103,1572,80.10,12.93,0.16,2.05,44.39
830928,103,1572,78.92,12.93,0.17,2.24,44.40
831200,103,1572,78.58,12.93,0.16,2.02,44.41
831470,103,1572,79.95,12.93,0.14,1.83,44.42
831741,103,1572,79.25,12.93,0.11,1.37,44.43
832012,103,1572,79.08,12.93,0.09,1.15,44.44
832283,103,1572,79.22,12.92,0.15,1.90,44.44
832553,103,1572,78.33,12.92,0.16,2.01,44.45
832825,103,1572,79.46,12.93,0.13,1.72,44.45
833095,103,1572,78.22,12.93,0.15,1.94,44.47
833367,103,1572,79.83,12.93,0.13,1.66,44.48
833637,103,1572,78.45,12.93,0.11,1.40,44.48
833908,103,1572,78.24,12.93,0.08,0.99,44.48
834179,103,1572,78.41,12.93,0.09,1.18,44.50
834450,103,1572,78.54,12.93,0.12,1.55,44.50
834720,103,1572,78.95,12.93,0.11,1.41,44.51
834992,103,1572,79.52,12.93,0.14,1.85,44.53
835262,103,1572,78.74,12.93,0.13,1.67,44.52
835533,103,1572,77.53,12.93,0.13,1.71,44.54
835804,103,1572,78.12,12.93,0.11,1.45,44.53
836075,103,1572,78.34,12.93,0.09,1.12,44.54
836345,103,1572,91.96,12.91,0.38,4.94,44.55
836617,103,1572,77.76,12.91,0.37,4.74,44.56
836887,103,1572,80.48,12.91,0.38,4.85,44.57
837158,103,1572,79.46,12.91,0.34,4.37,44.58
837429,103,1572,80.16,12.92,0.30,3.85,44.58
837700,103,1572,78.59,12.92,0.24,3.09,44.59
837970,103,1572,79.25,12.92,0.19,2.50,44.59
838242,103,1572,80.47,12.92,0.23,2.93,44.60
838512,103,1572,79.95,12.92,0.18,2.36,44.60
838784,103,1572,80.63,12.92,0.19,2.42,44.61
839054,103,1572,80.74,12.92,0.21,2.76,44.61
839324,103,1572,81.15,12.92,0.22,2.78,44.61
839596,103,1572,81.07,12.92,0.22,2.80,44.62
839866,103,1572,81.89,12.92,0.25,3.20,44.62
840137,103,1572,81.45,12.92,0.25,3.27,44.64
840408,103,1572,80.87,12.92,0.25,3.24,44.64
840679,103,1572,82.63,12.92,0.24,3.11,44.64
840949,103,1572,82.09,12.92,0.22,2.81,44.64
841221,103,1572,81.27,12.92,0.19,2.44,44.65
841491,103,1572,80.04,12.92,0.18,2.30,44.66
841762,103,1572,79.35,12.92,0.20,2.56,44.68
842033,103,1572,79.86,12.93,0.22,2.79,44.69
842304,103,1572,78.19,12.93,0.20,2.62,44.69
842574,103,1572,79.81,12.93,0.17,2.17,44.70
842846,103,1572,78.80,12.93,0.17,2.16,44.71
843116,103,1572,79.01,12.93,0.19,2.43,44.72
843387,103,1572,79.26,12.93,0.20,2.58,44.71
843658,103,1572,78.39,12.92,0.18,2.33,44.70
843929,103,1572,79.34,12.92,0.16,2.01,44.70
844199,103,1572,80.01,12.92,0.13,1.62,44.71
844471,103,1572,78.50,12.92,0.16,2.04,44.71
844741,103,1572,79.64,12.92,0.20,2.61,44.72
845012,103,1572,78.03,12.93,0.17,2.17,44.72
845283,103,1572,79.81,12.93,0.19,2.44,44.73
845554,103,1572,77.72,12.93,0.19,2.40,44.74
845825,103,1572,78.81,12.93,0.20,2.55,44.74
846096,103,1572,77.33,12.93,0.19,2.40,44.76
846366,103,1572,78.26,12.93,0.18,2.36,44.76
846638,103,1572,77.20,12.93,0.18,2.32,44.77
846908,103,1572,77.99,12.93,0.21,2.67,44.78
847450,104,1577,81.00,12.93,0.21,2.65,44.79
847721,104,1577,83.96,12.93,0.21,2.68,44.79
847991,104,1577,83.91,12.93,0.18,2.33,44.80
848263,104,1577,82.88,12.93,0.19,2.49,44.81
848533,104,1577,83.17,12.93,0.20,2.53,44.81
848804,104,1577,82.17,12.93,0.16,2.10,44.81
849075,104,1577,83.80,12.93,0.18,2.28,44.82
849346,104,1577,82.07,12.93,0.20,2.63,44.83
849616,104,1577,83.24,12.93,0.24,3.05,44.82
849888,104,1577,81.66,12.93,0.23,2.94,44.83
850158,104,1577,103.10,12.93,0.24,3.14,44.83
850429,104,1577,84.36,12.93,0.24,3.12,44.83
850700,104,1577,84.67,12.92,0.28,3.68,44.84
850971,104,1577,84.17,12.92,0.27,3.51,44.85
851241,104,1577,83.84,12.93,0.25,3.17,44.86
851513,104,1577,82.27,12.93,0.25,3.24,44.86
851783,104,1577,83.97,12.93,0.29,3.69,44.87
852055,104,1577,83.30,12.92,0.28,3.62,44.89
852325,104,1577,84.05,12.92,0.31,4.03,44.89
852596,104,1577,85.19,12.92,0.32,4.12,44.91
852867,104,1577,83.97,12.92,0.31,4.00,44.91
853138,104,1577,84.05,12.92,0.32,4.18,44.92
853408,104,1577,86.71,12.92,0.27,3.48,45.02
853680,104,1577,84.64,12.92,0.23,2.95,45.02
853950,104,1577,85.03,12.92,0.21,2.67,45.02
854221,104,1577,82.62,12.92,0.22,2.79,45.03
854492,104,1577,83.09,12.93,0.25,3.19,45.03
854763,104,1577,83.85,12.93,0.25,3.17,45.03
855033,104,1577,82.88,12.93,0.24,3.05,45.03
855305,104,1577,82.36,12.93,0.27,3.52,45.02
855575,104,1577,83.37,12.93,0.24,3.08,45.02
855846,104,1577,83.47,12.93,0.22,2.88,45.03
856117,104,1577,83.40,12.93,0.22,2.79,45.03
856388,104,1577,84.09,12.93,0.23,3.00,45.03
856658,104,1577,82.45,12.92,0.26,3.38,45.03
856930,104,1577,83.78,12.92,0.28,3.62,45.04
857200,104,1577,82.77,12.92,0.33,4.32,45.04
857472,104,1577,84.87,12.92,0.29,3.71,45.05
857742,104,1577,84.36,12.93,0.32,4.11,45.07
858013,104,1577,82.69,12.92,0.29,3.80,45.08
858284,104,1577,85.52,12.92,0.32,4.20,45.08
858555,104,1577,85.17,12.92,0.35,4.55,45.07
858825,104,1577,83.72,12.92,0.35,4.49,45.08
859097,104,1577,85.18,12.92,0.31,3.95,45.10
859367,104,1577,84.44,12.92,0.30,3.85,45.10
859638,104,1577,84.30,12.92,0.28,3.57,45.11
859909,104,1577,83.87,12.92,0.29,3.80,45.12
860180,104,1577,85.32,12.92,0.25,3.24,45.10
860450,104,1577,85.15,12.93,0.24,3.11,45.10
860722,104,1577,84.52,12.93,0.23,3.00,45.09
860992,104,1577,85.76,12.92,0.21,2.71,45.10
861263,104,1577,84.01,12.92,0.24,3.12,45.11
861534,104,1577,83.74,12.93,0.25,3.29,45.12
861805,104,1577,84.31,12.93,0.26,3.36,45.12
862075,104,1577,84.87,12.92,0.28,3.60,45.13
862347,104,1577,84.25,12.92,0.25,3.25,45.14
862617,104,1577,84.67,12.92,0.26,3.32,45.14
862888,104,1577,84.31,12.93,0.28,3.67,45.15
863159,104,1577,84.66,12.93,0.24,3.12,45.16
863430,104,1577,83.71,12.93,0.21,2.72,45.18
863700,104,1577,99.01,12.93,0.25,3.22,45.18
863972,104,1577,83.81,12.93,0.22,2.91,45.20
864243,104,1577,86.76,12.93,0.25,3.20,45.19
864514,104,1577,85.52,12.93,0.27,3.46,45.19
864785,104,1577,84.21,12.93,0.23,2.93,45.21
865055,104,1577,83.96,12.93,0.19,2.46,45.27
865327,104,1577,83.80,12.93,0.20,2.60,45.28
865597,104,1577,83.19,12.93,0.23,3.02,45.28
865868,104,1577,84.33,12.92,0.22,2.82,45.29
866139,104,1577,85.19,12.93,0.20,2.55,45.29
866410,104,1577,84.33,12.92,0.19,2.40,45.29
866680,104,1577,85.08,12.92,0.22,2.84,45.30
866952,104,1577,85.75,12.92,0.21,2.66,45.30
867222,104,1577,83.67,12.92,0.21,2.69,45.32
867492,104,1577,84.15,12.92,0.20,2.62,45.32
867764,104,1577,83.39,12.92,0.24,3.13,45.32
868034,104,1577,83.72,12.93,0.24,3.12,45.32
868305,104,1577,83.96,12.93,0.21,2.72,45.32
868576,104,1577,83.74,12.93,0.22,2.84,45.33
868847,104,1577,82.39,12.93,0.21,2.66,45.35
869117,104,1577,82.68,12.93,0.19,2.40,45.34
869389,104,1577,82.88,12.93,0.16,2.07,45.36
869659,104,1577,83.16,12.93,0.19,2.45,45.37
869931,104,1577,83.77,12.93,0.20,2.60,45.38
870201,104,1577,84.74,12.93,0.20,2.54,45.38
870472,104,1577,82.54,12.93,0.21,2.77,45.39
870743,104,1577,87.42,12.93,0.22,2.79,45.40
871014,104,1577,82.77,12.93,0.25,3.19,45.41
871284,104,1577,82.64,12.93,0.22,2.88,45.41
871556,104,1577,83.07,12.93,0.20,2.60,45.43
871826,104,1577,83.42,12.93,0.16,2.06,45.43
872097,104,1577,82.27,12.93,0.14,1.86,45.44
872369,104,1577,82.98,12.93,0.14,1.78,45.44
872639,104,1577,81.77,12.93,0.18,2.38,45.44
872909,104,1577,81.55,12.93,0.20,2.53,45.44
873181,104,1577,81.73,12.93,0.24,3.05,45.44
873451,104,1577,83.22,12.93,0.27,3.52,45.45
873722,104,1577,82.51,12.93,0.24,3.08,45.45
873994,104,1577,87.83,12.93,0.22,2.88,45.45
874264,104,1577,82.93,12.93,0.22,2.79,45.46
874535,104,1577,83.37,12.93,0.20,2.52,45.48
874806,104,1577,84.31,12.93,0.18,2.37,45.49
875077,104,1577,83.54,12.93,0.19,2.43,45.50
875347,104,1577,82.93,12.93,0.20,2.58,45.51
875618,104,1577,82.38,12.93,0.18,2.33,45.51
875889,104,1577,83.92,12.93,0.19,2.39,45.43
876160,104,1577,83.98,12.93,0.18,2.35,45.45
876431,104,1577,84.12,12.93,0.19,2.51,45.46
876701,104,1577,82.87,12.93,0.18,2.27,45.48
876973,104,1577,82.83,12.93,0.22,2.82,45.49
877243,104,1577,81.42,12.93,0.22,2.83,45.50
877514,104,1577,83.52,12.93,0.18,2.36,45.51
877785,104,1577,83.16,12.93,0.20,2.62,45.52
878056,104,1577,83.05,12.93,0.22,2.84,45.53
878326,104,1577,84.17,12.93,0.22,2.85,45.53
878598,104,1577,81.97,12.93,0.23,2.96,45.54
878868,104,1577,82.68,12.93,0.24,3.06,45.55
879139,104,1577,83.17,12.93,0.25,3.24,45.47
879410,104,1577,81.87,12.93,0.29,3.78,45.48
879681,104,1577,82.29,12.93,0.26,3.32,45.49
879951,104,1577,82.57,12.93,0.27,3.47,45.50
880223,104,1577,82.69,12.93,0.30,3.90,45.53
880493,104,1577,82.94,12.93,0.32,4.19,45.53
880764,104,1577,82.79,12.93,0.34,4.45,45.54
881035,104,1577,84.66,12.93,0.34,4.40,45.56
881306,104,1577,83.04,12.93,0.31,3.97,45.58
881576,104,1577,83.13,12.93,0.30,3.87,45.58
881848,104,1577,83.22,12.93,0.30,3.87,45.60
882118,104,1577,83.64,12.93,0.30,3.88,45.64
882390,104,1577,83.25,12.93,0.26,3.40,45.65
882660,104,1577,82.49,12.93,0.24,3.17,45.66
882931,104,1577,82.85,12.93,0.23,2.95,45.66
883202,104,1577,82.70,12.93,0.21,2.76,45.66
883473,104,1577,82.71,12.93,0.19,2.50,45.66
883743,104,1577,83.85,12.94,0.20,2.64,45.67
884015,104,1577,82.94,12.93,0.23,2.96,45.68
884285,104,1577,82.98,12.93,0.21,2.77,45.68
884556,104,1577,83.62,12.93,0.19,2.40,45.69
884827,104,1577,82.84,12.93,0.20,2.55,45.71
885098,104,1577,81.59,12.93,0.22,2.88,45.72
885368,104,1577,82.34,12.93,0.25,3.18,45.70
885640,104,1577,82.32,12.93,0.24,3.15,45.72
885910,104,1577,82.45,12.93,0.26,3.33,45.72
886181,104,1577,81.54,12.93,0.28,3.58,45.73
886452,104,1577,83.78,12.93,0.23,3.04,45.73
886723,104,1577,81.70,12.93,0.20,2.65,45.73
886993,104,1577,82.63,12.93,0.17,2.20,45.73
887265,104,1577,83.09,12.93,0.18,2.28,45.75
887535,104,1577,83.04,12.93,0.20,2.53,45.76
887806,104,1577,81.80,12.93,0.18,2.29,45.77
888077,104,1577,82.80,12.93,0.18,2.36,45.78
888348,104,1577,82.82,12.93,0.15,1.94,45.79
888619,104,1577,81.84,12.93,0.14,1.75,45.80
888889,104,1577,82.01,12.93,0.12,1.49,45.82
889160,104,1577,82.19,12.93,0.11,1.45,45.82
889431,104,1577,81.30,12.93,0.14,1.79,45.83
889702,104,1577,82.90,12.93,0.13,1.62,45.83
889972,104,1577,83.22,12.93,0.11,1.37,45.84
890244,104,1577,82.25,12.93,0.07,0.95,45.84
890515,104,1577,81.17,12.93,0.05,0.68,45.84
890785,104,1577,82.24,12.93,0.08,1.10,45.85
891056,104,1577,82.61,12.93,0.13,1.67,45.85
891327,104,1577,86.27,12.93,0.12,1.51,45.85
891597,104,1577,84.13,12.93,0.16,2.04,45.85
891869,104,1577,83.49,12.93,0.21,2.70,45.86
892139,104,1577,82.88,12.93,0.24,3.11,45.86
892410,104,1577,82.80,12.93,0.24,3.10,45.86
892681,104,1577,83.21,12.93,0.22,2.89,45.86
892952,104,1577,82.53,12.93,0.22,2.80,45.86
893222,104,1577,83.70,12.93,0.22,2.82,45.86
893494,104,1577,84.93,12.93,0.22,2.83,45.88
893764,104,1577,83.49,12.92,0.21,2.75,45.89
894035,104,1577,83.88,12.92,0.25,3.25,45.90
894306,104,1577,83.93,12.92,0.20,2.64,45.91
894577,104,1577,86.60,12.92,0.22,2.87,45.92
894848,104,1577,84.20,12.92,0.22,2.88,45.93
895119,104,1577,84.68,12.92,0.22,2.88,45.94
895389,104,1577,84.52,12.92,0.22,2.80,45.95
895661,104,1577,84.46,12.92,0.22,2.81,45.95
895931,104,1577,83.26,12.92,0.23,2.92,45.96
896202,104,1577,82.38,12.92,0.25,3.21,45.95
896474,104,1577,82.56,12.92,0.27,3.47,45.96
896744,104,1577,82.75,12.92,0.23,2.94,45.96
897014,104,1577,82.64,12.92,0.26,3.33,45.97
897286,104,1577,81.45,12.92,0.25,3.20,45.98
897556,104,1577,83.15,12.92,0.25,3.17,45.99
897827,104,1577,82.59,12.92,0.27,3.44,45.99
898098,104,1577,82.26,12.92,0.27,3.48,45.99
898369,104,1577,83.69,12.92,0.26,3.34,46.01
898640,104,1577,82.08,12.92,0.25,3.20,46.01
898911,104,1577,81.93,12.92,0.22,2.89,46.02
899182,104,1577,82.36,12.92,0.24,3.09,46.02
899452,104,1577,83.32,12.93,0.22,2.79,46.03
899724,104,1577,81.43,12.93,0.23,3.00,46.04
899994,104,1577,81.48,12.93,0.22,2.80,46.04
900265,104,1577,81.65,12.93,0.19,2.44,46.05
900536,104,1577,81.84,12.93,0.17,2.20,46.05
900807,104,1577,79.91,12.93,0.21,2.66,46.06
901078,104,1577,80.13,12.93,0.24,3.07,46.06
901349,104,1577,79.77,12.93,0.25,3.25,46.06
901619,104,1577,78.92,12.92,0.25,3.22,46.07
901891,104,1577,79.33,12.93,0.25,3.20,46.06
902161,104,1577,79.70,12.93,0.22,2.89,46.06
902432,104,1577,80.40,12.93,0.19,2.41,46.07
902703,104,1577,79.76,12.93,0.20,2.56,46.07
902974,104,1577,80.41,12.93,0.20,2.60,46.08
903244,104,1577,81.10,12.93,0.17,2.16,46.09
903516,104,1577,80.84,12.93,0.17,2.14,46.09
903786,104,1577,81.77,12.93,0.19,2.51,46.10
904057,104,1577,79.41,12.93,0.24,3.13,46.10
904328,104,1577,79.07,12.93,0.20,2.64,46.11
904599,104,1577,77.97,12.92,0.17,2.19,46.11
904869,104,1577,79.08,12.92,0.15,1.98,46.11
905141,104,1577,78.72,12.92,0.21,2.65,46.12
905411,104,1577,78.23,12.92,0.20,2.59,46.13
905682,104,1577,77.65,12.93,0.22,2.82,46.15
905953,104,1577,78.21,12.93,0.23,3.02,46.16
906224,104,1577,80.11,12.93,0.26,3.30,46.16
906494,104,1577,79.11,12.93,0.22,2.88,46.17
906766,104,1577,78.99,12.93,0.19,2.41,46.17
907036,104,1577,80.80,12.93,0.15,1.99,46.18
907578,105,1583,87.50,12.93,0.19,2.48,46.20
907849,105,1583,97.06,12.93,0.20,2.53,46.21
908120,105,1583,96.09,12.92,0.24,3.14,46.22
908391,105,1583,104.17,12.92,0.22,2.84,46.22
908661,105,1583,97.30,12.92,0.24,3.04,46.21
908933,105,1583,95.87,12.92,0.23,3.03,46.22
909203,105,1583,94.51,12.92,0.26,3.31,46.23
909474,105,1583,94.77,12.92,0.27,3.47,46.23
909745,105,1583,95.08,12.91,0.29,3.70,46.24
910016,105,1583,94.80,12.92,0.25,3.25,46.24
910286,105,1583,96.12,12.91,0.26,3.41,46.25
910558,105,1583,95.10,12.92,0.30,3.94,46.25
910828,105,1583,97.28,12.92,0.26,3.36,46.25
911099,105,1583,98.65,12.92,0.23,2.94,46.27
911370,105,1583,98.04,12.92,0.25,3.23,46.27
911641,105,1583,98.00,12.92,0.23,3.01,46.27
911911,105,1583,97.00,12.91,0.26,3.38,46.27
912183,105,1583,98.42,12.92,0.27,3.53,46.27
912453,105,1583,98.55,12.92,0.25,3.28,46.27
912724,105,1583,97.47,12.92,0.26,3.35,46.30
912996,105,1583,98.39,12.92,0.33,4.27,46.31
913266,105,1583,96.19,12.92,0.36,4.71,46.31
913538,105,1583,96.77,12.92,0.35,4.53,46.32
913808,105,1583,95.82,12.92,0.38,4.95,46.33
914079,105,1583,97.31,12.92,0.40,5.13,46.33
914350,105,1583,94.88,12.92,0.35,4.53,46.34
914621,105,1583,97.82,12.92,0.32,4.18,46.34
914891,105,1583,97.68,12.92,0.37,4.83,46.35
915163,105,1583,98.82,12.92,0.37,4.73,46.36
915433,105,1583,97.45,12.92,0.37,4.75,46.36
915704,105,1583,98.55,12.92,0.38,4.86,46.37
915975,105,1583,97.48,12.92,0.35,4.47,46.37
916246,105,1583,96.27,12.92,0.41,5.28,46.38
916516,105,1583,97.41,12.91,0.44,5.62,46.38
916788,105,1583,97.91,12.91,0.41,5.26,46.39
917058,105,1583,97.15,12.91,0.41,5.31,46.39
917329,105,1583,99.03,12.92,0.36,4.60,46.39
917600,105,1583,101.24,12.91,0.39,5.01,46.40
917871,105,1583,99.63,12.91,0.33,4.23,46.40
918141,105,1583,96.80,12.91,0.35,4.58,46.41
918413,105,1583,98.64,12.91,0.33,4.23,46.41
918683,105,1583,98.52,12.91,0.28,3.62,46.43
918955,105,1583,97.94,12.91,0.28,3.56,46.43
919225,105,1583,100.06,12.91,0.24,3.11,46.44
919496,105,1583,98.40,12.91,0.23,2.91,46.45
919767,105,1583,99.70,12.91,0.26,3.39,46.46
920038,105,1583,98.84,12.91,0.29,3.73,46.47
920308,105,1583,98.96,12.91,0.33,4.22,46.48
920580,105,1583,100.08,12.91,0.30,3.81,46.47
920850,105,1583,99.25,12.91,0.32,4.11,46.48
921121,105,1583,102.07,12.91,0.34,4.37,46.49
921392,105,1583,102.06,12.91,0.34,4.33,46.50
921663,105,1583,101.13,12.91,0.35,4.48,46.50
921933,105,1583,143.23,12.91,0.30,3.85,46.51
922205,105,1583,95.64,12.91,0.26,3.38,46.53
922476,105,1583,102.08,12.91,0.23,2.95,46.54
922746,105,1583,100.51,12.91,0.20,2.57,46.54
923018,105,1583,101.17,12.91,0.19,2.51,46.54
923288,105,1583,101.77,12.91,0.19,2.46,46.56
923559,105,1583,101.20,12.91,0.18,2.32,46.57
923830,105,1583,102.00,12.91,0.18,2.29,46.57
924101,105,1583,100.85,12.91,0.19,2.45,46.58
924371,105,1583,99.95,12.91,0.20,2.60,46.59
924643,105,1583,100.88,12.91,0.19,2.44,46.63
924913,105,1583,101.36,12.91,0.21,2.68,46.64
925185,105,1583,106.36,12.91,0.19,2.42,46.64
925455,105,1583,139.30,12.91,0.24,3.05,46.65
925726,105,1583,103.53,12.91,0.18,2.37,46.65
925997,105,1583,104.73,12.91,0.22,2.81,46.66
926268,105,1583,102.66,12.91,0.18,2.35,46.66
926538,105,1583,103.50,12.91,0.20,2.60,46.66
926810,105,1583,102.67,12.91,0.23,2.92,46.68
927080,105,1583,103.71,12.91,0.29,3.79,46.68
927351,105,1583,102.97,12.91,0.30,3.89,46.68
927622,105,1583,104.26,12.91,0.27,3.51,46.72
927893,105,1583,102.80,12.91,0.26,3.36,46.72
928163,105,1583,102.32,12.91,0.22,2.84,46.73
928435,105,1583,103.03,12.91,0.18,2.38,46.70
928705,105,1583,102.62,12.91,0.23,3.01,46.71
928976,105,1583,102.16,12.91,0.30,3.86,46.72
929247,105,1583,103.00,12.91,0.26,3.29,46.74
929518,105,1583,101.28,12.91,0.22,2.88,46.74
929788,105,1583,102.62,12.91,0.28,3.65,46.75
930060,105,1583,102.69,12.91,0.24,3.10,46.76
930330,105,1583,102.98,12.92,0.25,3.28,46.77
930601,105,1583,102.89,12.91,0.30,3.92,46.76
930872,105,1583,102.05,12.92,0.27,3.44,46.77
931143,105,1583,102.89,12.91,0.31,3.96,46.77
931414,105,1583,101.91,12.91,0.32,4.15,46.78
931685,105,1583,101.09,12.91,0.35,4.51,46.78
931955,105,1583,100.22,12.91,0.32,4.16,46.79
932227,105,1583,98.99,12.91,0.34,4.33,46.81
932497,105,1583,101.00,12.91,0.34,4.38,46.81
932768,105,1583,100.89,12.91,0.39,5.00,46.74
933039,105,1583,99.65,12.91,0.39,4.99,46.76
933310,105,1583,101.32,12.91,0.35,4.50,46.77
933580,105,1583,101.92,12.91,0.34,4.34,46.79
933852,105,1583,102.36,12.91,0.30,3.92,46.79
934122,105,1583,101.23,12.91,0.27,3.44,46.81
934393,105,1583,101.14,12.91,0.23,3.01,46.81
934664,105,1583,100.39,12.91,0.27,3.48,46.81
934935,105,1583,101.38,12.91,0.28,3.62,46.83
935205,105,1583,100.50,12.91,0.30,3.94,46.84
935477,105,1583,110.06,12.91,0.32,4.13,46.86
935747,105,1583,99.86,12.91,0.37,4.77,46.87
936018,105,1583,99.25,12.91,0.34,4.40,46.88
936289,105,1583,100.56,12.91,0.31,3.97,46.89
936560,105,1583,100.98,12.91,0.28,3.68,46.89
936830,105,1583,100.24,12.91,0.27,3.51,46.90
937102,105,1583,101.88,12.91,0.25,3.26,46.92
937372,105,1583,100.76,12.91,0.29,3.71,46.91
937644,105,1583,101.36,12.91,0.33,4.30,46.93
937914,105,1583,100.68,12.91,0.28,3.59,46.95
938185,105,1583,100.09,12.91,0.26,3.34,46.96
938457,105,1583,100.16,12.91,0.26,3.30,46.96
938727,105,1583,105.74,12.91,0.21,2.69,46.98
938998,105,1583,129.59,12.91,0.20,2.53,46.99
939269,105,1583,99.59,12.91,0.20,2.57,47.00
939540,105,1583,100.36,12.91,0.21,2.70,47.01
939810,105,1583,99.92,12.91,0.17,2.16,47.02
940082,105,1583,99.86,12.91,0.17,2.24,47.03
940352,105,1583,99.69,12.91,0.24,3.07,47.04
940623,105,1583,100.37,12.91,0.26,3.35,47.06
940894,105,1583,100.55,12.91,0.24,3.12,47.07
941165,105,1583,101.62,12.91,0.23,2.91,47.09
941435,105,1583,102.12,12.91,0.20,2.63,47.09
941707,105,1583,100.27,12.91,0.18,2.28,47.09
941977,105,1583,99.51,12.91,0.22,2.82,47.09
942248,105,1583,98.97,12.91,0.25,3.22,47.09
942519,105,1583,100.90,12.92,0.28,3.67,47.11
942790,105,1583,97.95,12.91,0.32,4.17,47.12
943060,105,1583,98.84,12.91,0.35,4.53,47.13
943332,105,1583,99.56,12.91,0.32,4.09,47.14
943602,105,1583,98.63,12.91,0.32,4.16,47.22
943874,105,1583,100.20,12.91,0.34,4.33,47.22
944144,105,1583,99.85,12.91,0.32,4.10,47.23
944415,105,1583,101.10,12.91,0.29,3.70,47.23
944686,105,1583,100.88,12.91,0.35,4.48,47.23
944957,105,1583,101.12,12.91,0.38,4.90,47.24
945227,105,1583,99.85,12.91,0.42,5.47,47.24
945499,105,1583,100.88,12.91,0.39,5.03,47.24
945769,105,1583,102.62,12.90,0.39,5.01,47.24
946040,105,1583,99.17,12.90,0.37,4.81,47.24
946311,105,1583,96.51,12.90,0.40,5.10,47.25
946582,105,1583,99.16,12.90,0.38,4.88,47.27
946852,105,1583,102.76,12.91,0.33,4.31,47.26
947124,105,1583,101.28,12.91,0.36,4.65,47.28
947394,105,1583,101.88,12.91,0.31,4.00,47.29
947665,105,1583,101.08,12.91,0.32,4.09,47.29
947936,105,1583,101.33,12.91,0.34,4.36,47.30
948207,105,1583,99.90,12.91,0.30,3.84,47.31
948477,105,1583,102.11,12.91,0.28,3.56,47.32
948749,105,1583,101.91,12.91,0.26,3.40,47.32
949019,105,1583,100.90,12.91,0.25,3.26,47.33
949291,105,1583,100.27,12.91,0.24,3.04,47.39
949561,105,1583,100.31,12.91,0.27,3.51,47.39
949832,105,1583,100.10,12.91,0.27,3.45,47.38
950103,105,1583,101.88,12.91,0.29,3.79,47.38
950374,105,1583,101.84,12.91,0.27,3.51,47.40
950644,105,1583,101.54,12.91,0.22,2.88,47.39
950916,105,1583,101.32,12.91,0.23,2.99,47.41
951186,105,1583,103.37,12.91,0.23,2.98,47.42
951457,105,1583,102.42,12.91,0.26,3.36,47.43
951729,105,1583,100.99,12.91,0.29,3.80,47.44
951999,105,1583,103.40,12.91,0.27,3.52,47.44
952270,105,1583,101.49,12.91,0.26,3.37,47.45
952541,105,1583,101.85,12.91,0.24,3.04,47.44
952812,105,1583,101.53,12.91,0.24,3.13,47.45
953082,105,1583,102.28,12.91,0.31,3.97,47.46
953354,105,1583,102.47,12.91,0.31,3.97,47.46
953624,105,1583,101.78,12.91,0.28,3.67,47.47
953895,105,1583,100.76,12.91,0.25,3.22,47.48
954166,105,1583,100.96,12.91,0.21,2.72,47.49
954437,105,1583,101.29,12.91,0.20,2.55,47.50
954707,105,1583,100.89,12.91,0.17,2.21,47.50
954979,105,1583,102.11,12.91,0.16,2.09,47.52
955249,105,1583,101.70,12.91,0.21,2.75,47.61
955521,105,1583,99.80,12.91,0.25,3.25,47.62
955791,105,1583,103.61,12.90,0.34,4.36,47.62
956062,105,1583,101.14,12.90,0.38,4.89,47.62
956333,105,1583,100.53,12.90,0.36,4.70,47.63
956604,105,1583,100.90,12.90,0.32,4.14,47.61
956874,105,1583,101.06,12.90,0.31,4.02,47.62
957146,105,1583,101.16,12.90,0.29,3.72,47.62
957416,105,1583,100.78,12.90,0.27,3.46,47.62
957687,105,1583,99.61,12.91,0.32,4.08,47.63
957958,105,1583,100.42,12.91,0.27,3.49,47.59
958229,105,1583,101.20,12.91,0.30,3.91,47.59
958500,105,1583,101.68,12.91,0.29,3.72,47.60
958771,105,1583,100.17,12.91,0.27,3.45,47.60
959042,105,1583,111.76,12.91,0.26,3.40,47.62
959312,105,1583,100.83,12.91,0.23,2.97,47.63
959584,105,1583,99.52,12.91,0.22,2.78,47.64
959854,105,1583,99.46,12.91,0.25,3.18,47.66
960125,105,1583,99.99,12.91,0.22,2.87,47.67
960396,105,1583,101.34,12.91,0.26,3.36,47.68
960667,105,1583,101.18,12.90,0.27,3.51,47.69
960937,105,1583,101.59,12.90,0.25,3.26,47.70
961209,105,1583,101.09,12.91,0.29,3.80,47.71
961479,105,1583,100.83,12.91,0.26,3.34,47.72
961751,105,1583,100.91,12.91,0.30,3.87,47.72
962021,105,1583,101.21,12.91,0.26,3.40,47.73
962292,105,1583,103.80,12.91,0.29,3.74,47.75
962564,105,1583,132.24,12.91,0.27,3.47,47.75
962834,105,1583,98.08,12.91,0.26,3.32,47.77
963105,105,1583,100.29,12.91,0.29,3.76,47.78
963376,105,1583,97.05,12.91,0.29,3.68,47.79
963647,105,1583,100.30,12.91,0.27,3.51,47.80
963917,105,1583,97.55,12.91,0.25,3.17,47.81
964189,105,1583,100.09,12.91,0.22,2.86,47.82
964459,105,1583,98.61,12.91,0.26,3.35,47.83
964730,105,1583,99.29,12.91,0.31,3.98,47.84
965001,105,1583,99.07,12.91,0.27,3.50,47.85
965272,105,1583,99.23,12.91,0.23,2.96,47.86
965542,105,1583,102.96,12.91,0.21,2.68,47.86
965814,105,1583,99.82,12.91,0.19,2.42,47.87
966085,105,1583,100.21,12.91,0.22,2.85,47.87
966355,105,1583,98.32,12.91,0.21,2.77,47.88
966627,105,1583,97.99,12.91,0.21,2.69,47.88
966897,105,1583,99.40,12.91,0.20,2.62,47.89
967169,105,1583,100.00,12.92,0.20,2.56,47.89
967710,106,1588,102.07,12.92,0.21,2.67,47.90
967981,106,1588,106.51,12.91,0.18,2.32,47.93
968252,106,1588,104.66,12.91,0.18,2.29,47.94
968522,106,1588,104.89,12.91,0.20,2.64,47.94
968794,106,1588,105.66,12.91,0.26,3.34,47.95
969064,106,1588,103.74,12.91,0.26,3.30,47.95
969335,106,1588,102.63,12.91,0.30,3.94,48.05
969606,106,1588,104.53,12.91,0.31,4.03,48.05
969877,106,1588,105.17,12.91,0.36,4.59,48.06
970147,106,1588,106.89,12.91,0.39,5.10,48.06
970419,106,1588,105.19,12.91,0.36,4.69,48.07
970689,106,1588,104.02,12.91,0.42,5.47,48.07
970960,106,1588,105.09,12.91,0.38,4.94,48.07
971232,106,1588,103.74,12.91,0.41,5.31,48.07
971502,106,1588,105.81,12.91,0.44,5.74,48.07
971773,106,1588,106.27,12.91,0.49,6.32,48.07
972044,106,1588,105.97,12.91,0.51,6.56,48.06
972315,106,1588,106.40,12.90,0.52,6.68,48.08
972585,106,1588,105.99,12.90,0.50,6.50,48.08
972857,106,1588,105.35,12.90,0.54,7.00,48.07
973127,106,1588,102.62,12.91,0.49,6.31,48.09
973399,106,1588,103.30,12.90,0.46,5.88,48.10
973669,106,1588,105.67,12.90,0.46,5.87,48.09
973940,106,1588,107.48,12.90,0.46,5.96,48.10
974211,106,1588,105.06,12.90,0.42,5.38,48.11
974482,106,1588,103.86,12.90,0.40,5.13,48.12
974752,106,1588,105.46,12.91,0.40,5.20,48.13
975024,106,1588,103.53,12.91,0.40,5.17,48.14
975294,106,1588,103.07,12.91,0.41,5.23,48.14
975565,106,1588,120.71,12.91,0.44,5.67,48.15
975836,106,1588,103.95,12.91,0.39,5.02,48.15
976107,106,1588,104.62,12.91,0.43,5.58,48.16
976378,106,1588,103.09,12.91,0.41,5.32,48.17
976649,106,1588,105.26,12.91,0.46,5.94,48.19
976920,106,1588,106.09,12.91,0.42,5.45,48.19
977190,106,1588,107.30,12.91,0.40,5.11,48.19
977462,106,1588,106.16,12.91,0.39,4.99,48.19
977732,106,1588,106.04,12.91,0.35,4.50,48.21
978003,106,1588,106.03,12.91,0.37,4.72,48.20
978274,106,1588,105.43,12.91,0.40,5.22,48.22
978545,106,1588,106.19,12.91,0.36,4.70,48.23
978817,106,1588,111.01,12.90,0.34,4.43,48.23
979087,106,1588,105.82,12.90,0.32,4.09,48.24
979358,106,1588,105.05,12.90,0.35,4.55,48.25
979629,106,1588,104.19,12.90,0.40,5.16,48.25
979900,106,1588,105.96,12.90,0.44,5.70,48.26
980170,106,1588,105.08,12.90,0.40,5.14,48.30
980442,106,1588,105.24,12.90,0.40,5.11,48.30
980712,106,1588,106.51,12.90,0.39,4.99,48.29
980983,106,1588,105.11,12.90,0.42,5.46,48.29
981254,106,1588,107.89,12.90,0.48,6.26,48.30
981525,106,1588,105.33,12.91,0.44,5.74,48.30
981795,106,1588,104.58,12.91,0.45,5.75,48.30
982067,106,1588,109.04,12.91,0.45,5.75,48.31
982337,106,1588,107.82,12.91,0.42,5.47,48.32
982608,106,1588,108.34,12.91,0.37,4.84,48.34
982879,106,1588,106.53,12.90,0.36,4.65,48.35
983150,106,1588,105.31,12.90,0.36,4.67,48.36
983420,106,1588,107.15,12.90,0.43,5.55,48.37
983692,106,1588,107.61,12.90,0.41,5.29,48.38
983962,106,1588,108.09,12.90,0.43,5.53,48.39
984233,106,1588,108.74,12.91,0.41,5.28,48.40
984504,106,1588,105.96,12.91,0.47,6.10,48.41
984775,106,1588,106.97,12.90,0.46,5.97,48.43
985046,106,1588,106.48,12.90,0.48,6.24,48.43
985317,106,1588,108.85,12.90,0.46,5.92,48.50
985587,106,1588,119.23,12.90,0.43,5.52,48.50
985859,106,1588,107.01,12.90,0.45,5.84,48.51
986130,106,1588,105.22,12.90,0.49,6.32,48.52
986400,106,1588,104.79,12.90,0.43,5.50,48.53
986672,106,1588,104.96,12.90,0.46,5.91,48.52
986942,106,1588,104.22,12.90,0.47,6.10,48.53
987213,106,1588,105.31,12.90,0.44,5.69,48.52
987484,106,1588,105.09,12.90,0.40,5.22,48.53
987755,106,1588,105.63,12.90,0.45,5.76,48.53
988025,106,1588,104.57,12.90,0.45,5.86,48.53
988297,106,1588,105.14,12.90,0.39,5.00,48.54
988567,106,1588,105.37,12.90,0.36,4.60,48.55
988838,106,1588,135.80,12.82,1.32,16.94,48.55
989109,106,1588,103.47,12.83,1.22,15.64,48.56
989380,106,1588,107.11,12.83,1.09,14.00,48.56
989650,106,1588,104.53,12.84,1.06,13.57,48.57
989922,106,1588,105.47,12.85,0.97,12.51,48.57
990192,106,1588,106.18,12.86,0.89,11.47,48.59
990464,106,1588,106.23,12.86,0.79,10.14,48.60
990734,106,1588,105.66,12.86,0.72,9.23,48.62
991005,106,1588,106.44,12.87,0.68,8.80,48.63
991276,106,1588,108.43,12.87,0.62,8.02,48.64
991547,106,1588,109.10,12.88,0.57,7.33,48.64
991817,106,1588,110.92,12.88,0.54,6.89,48.65
992089,106,1588,110.63,12.88,0.49,6.31,48.60
992359,106,1588,109.70,12.88,0.45,5.78,48.62
992630,106,1588,109.27,12.88,0.49,6.36,48.62
992902,106,1588,109.75,12.88,0.47,6.11,48.62
993172,106,1588,110.00,12.89,0.52,6.75,48.63
993443,106,1588,110.90,12.89,0.49,6.37,48.64
993714,106,1588,110.34,12.89,0.48,6.22,48.65
993984,106,1588,112.14,12.89,0.47,6.08,48.66
994255,106,1588,112.50,12.89,0.50,6.44,48.67
994526,106,1588,110.93,12.89,0.45,5.81,48.69
994797,106,1588,111.38,12.89,0.47,6.00,48.69
995067,106,1588,112.23,12.89,0.43,5.60,48.70
995339,106,1588,111.62,12.89,0.41,5.24,48.70
995609,106,1588,110.86,12.90,0.37,4.72,48.71
995880,106,1588,109.39,12.89,0.40,5.12,48.72
996151,106,1588,108.33,12.90,0.39,5.00,48.73
996422,106,1588,111.11,12.90,0.33,4.32,48.81
996692,106,1588,109.92,12.90,0.38,4.85,48.83
996964,106,1588,109.90,12.90,0.38,4.85,48.84
997234,106,1588,108.76,12.90,0.41,5.33,48.84
997506,106,1588,109.09,12.90,0.38,4.90,48.83
997776,106,1588,108.14,12.90,0.39,4.99,48.84
998047,106,1588,109.13,12.90,0.39,4.98,48.84
998318,106,1588,109.12,12.89,0.45,5.83,48.83
998589,106,1588,108.67,12.90,0.44,5.73,48.83
998859,106,1588,108.78,12.90,0.41,5.26,48.84
999131,106,1588,107.70,12.90,0.38,4.84,48.83
999401,106,1588,108.37,12.90,0.37,4.75,48.75
999672,106,1588,106.61,12.90,0.35,4.57,48.77
999943,106,1588,106.20,12.90,0.38,4.88,48.79
1000214,106,1588,107.30,12.90,0.37,4.79,48.80
1000484,106,1588,106.68,12.90,0.34,4.41,48.82
1000756,106,1588,106.42,12.90,0.38,4.93,48.84
1001027,106,1588,105.64,12.90,0.35,4.55,48.94
1001297,106,1588,105.79,12.90,0.33,4.20,48.89
1001569,106,1588,103.09,12.90,0.31,3.98,48.91
1001839,106,1588,104.43,12.90,0.30,3.87,48.92
1002110,106,1588,106.06,12.90,0.37,4.83,48.94
1002381,106,1588,111.19,12.89,0.52,6.74,48.95
1002652,106,1588,106.78,12.90,0.50,6.46,48.95
1002923,106,1588,106.57,12.90,0.50,6.40,48.96
1003194,106,1588,106.13,12.90,0.44,5.67,48.97
1003464,106,1588,106.07,12.90,0.46,5.97,48.97
1003736,106,1588,107.51,12.90,0.40,5.19,48.98
1004006,106,1588,106.23,12.90,0.38,4.87,48.98
1004277,106,1588,107.64,12.90,0.36,4.59,48.98
1004548,106,1588,104.91,12.90,0.40,5.19,48.99
1004819,106,1588,104.48,12.90,0.36,4.68,48.99
1005090,106,1588,104.44,12.90,0.33,4.31,49.01
1005361,106,1588,106.43,12.90,0.35,4.46,49.02
1005632,106,1588,130.21,12.90,0.33,4.22,49.02
1005902,106,1588,106.57,12.90,0.38,4.95,49.03
1006174,106,1588,106.56,12.90,0.37,4.75,49.03
1006444,106,1588,106.85,12.90,0.33,4.28,49.03
1006715,106,1588,106.34,12.90,0.34,4.44,49.03
1006986,106,1588,105.99,12.90,0.35,4.58,49.04
1007257,106,1588,105.40,12.90,0.34,4.41,49.00
1007528,106,1588,106.42,12.90,0.32,4.08,49.01
1007799,106,1588,104.70,12.90,0.33,4.25,49.01
1008070,106,1588,104.62,12.90,0.34,4.41,49.03
1008340,106,1588,107.10,12.90,0.33,4.26,49.04
1008612,106,1588,106.80,12.90,0.35,4.51,49.05
1008882,106,1588,115.05,12.90,0.41,5.31,49.10
1009154,106,1588,106.17,12.89,0.37,4.79,49.11
1009424,106,1588,106.69,12.90,0.42,5.46,49.11
1009695,106,1588,106.43,12.89,0.45,5.78,49.13
1009966,106,1588,106.66,12.89,0.41,5.31,49.15
1010237,106,1588,106.54,12.90,0.36,4.69,49.15
1010507,106,1588,107.32,12.89,0.41,5.28,49.16
1010779,106,1588,109.31,12.90,0.42,5.43,49.16
1011049,106,1588,108.51,12.90,0.40,5.18,49.16
1011320,106,1588,108.66,12.90,0.38,4.87,49.17
1011591,106,1588,109.13,12.90,0.41,5.34,49.18
1011862,106,1588,108.02,12.90,0.45,5.87,49.19
1012132,106,1588,107.74,12.90,0.41,5.29,49.20
1012404,106,1588,108.98,12.90,0.43,5.54,49.20
1012674,106,1588,110.73,12.90,0.42,5.37,49.21
1012945,106,1588,109.29,12.90,0.38,4.94,49.18
1013216,106,1588,110.14,12.90,0.38,4.93,49.19
1013487,106,1588,109.49,12.90,0.39,5.02,49.24
1013757,106,1588,109.56,12.90,0.35,4.53,49.26
1014029,106,1588,109.55,12.90,0.37,4.75,49.26
1014299,106,1588,109.51,12.90,0.41,5.24,49.26
1014571,106,1588,110.42,12.90,0.46,5.87,49.27
1014841,106,1588,109.69,12.90,0.44,5.68,49.28
1015112,106,1588,108.12,12.90,0.43,5.59,49.30
1015383,106,1588,108.30,12.90,0.41,5.24,49.31
1015654,106,1588,123.50,12.90,0.36,4.62,49.35
1015924,106,1588,108.49,12.90,0.35,4.46,49.36
1016196,106,1588,107.79,12.90,0.32,4.12,49.35
1016466,106,1588,105.54,12.90,0.31,4.00,49.36
1016737,106,1588,106.61,12.90,0.35,4.47,49.36
1017008,106,1588,106.49,12.90,0.33,4.22,49.37
1017279,106,1588,108.95,12.90,0.40,5.14,49.38
1017549,106,1588,109.67,12.90,0.36,4.64,49.38
1017821,106,1588,108.93,12.90,0.38,4.95,49.39
1018091,106,1588,108.40,12.90,0.37,4.75,49.40
1018362,106,1588,110.41,12.90,0.35,4.57,49.41
1018633,106,1588,108.91,12.90,0.30,3.93,49.42
1018904,106,1588,107.79,12.90,0.27,3.55,49.44
1019174,106,1588,107.27,12.90,0.28,3.58,49.45
1019446,106,1588,106.97,12.90,0.27,3.42,49.45
1019717,106,1588,107.71,12.90,0.24,3.09,49.46
1019987,106,1588,107.68,12.90,0.22,2.79,49.45
1020259,106,1588,108.31,12.90,0.24,3.09,49.47
1020529,106,1588,107.52,12.90,0.25,3.27,49.48
1020801,106,1588,106.80,12.90,0.25,3.24,49.48
1021071,106,1588,104.17,12.90,0.30,3.88,49.49
1021342,106,1588,105.76,12.90,0.29,3.69,49.49
1021613,106,1588,105.40,12.90,0.31,4.00,49.48
1021884,106,1588,105.38,12.90,0.33,4.28,49.46
1022154,106,1588,105.42,12.90,0.33,4.24,49.46
1022426,106,1588,123.84,12.87,0.63,8.10,49.47
1022696,106,1588,106.15,12.87,0.58,7.49,49.48
1022967,106,1588,104.23,12.87,0.54,6.95,49.49
1023238,106,1588,105.89,12.88,0.50,6.45,49.49
1023509,106,1588,105.34,12.88,0.53,6.87,49.53
1023779,106,1588,106.03,12.88,0.52,6.76,49.53
1024051,106,1588,105.05,12.88,0.53,6.86,49.53
1024322,106,1588,106.42,12.88,0.53,6.85,49.54
1024592,106,1588,107.49,12.89,0.50,6.46,49.54
1024864,106,1588,105.88,12.89,0.45,5.82,49.54
1025134,106,1588,108.15,12.89,0.41,5.25,49.56
1025404,106,1588,108.52,12.90,0.37,4.83,49.56
1025676,106,1588,133.62,12.90,0.37,4.83,49.57
1025947,106,1588,107.01,12.90,0.35,4.55,49.59
1026217,106,1588,109.60,12.90,0.33,4.30,49.60
1026489,106,1588,107.96,12.90,0.31,3.97,49.61
1026759,106,1588,108.09,12.90,0.27,3.49,49.62
1027031,106,1588,109.25,12.90,0.26,3.34,49.62
1027301,106,1588,110.50,12.90,0.26,3.40,49.63
1027843,107,1594,112.24,12.90,0.28,3.58,49.64
1028114,107,1594,117.92,12.90,0.27,3.52,49.65
1028384,107,1594,114.80,12.90,0.25,3.17,49.67
1028655,107,1594,115.79,12.90,0.25,3.25,49.63
1028926,107,1594,116.79,12.90,0.26,3.41,49.64
1029196,107,1594,114.65,12.90,0.24,3.08,49.64
1029468,107,1594,115.07,12.90,0.27,3.54,49.65
1029738,107,1594,113.68,12.90,0.23,3.00,49.67
1030009,107,1594,113.38,12.90,0.21,2.71,49.69
1030280,107,1594,112.69,12.90,0.26,3.40,49.69
1030551,107,1594,114.60,12.90,0.28,3.55,49.70
1030821,107,1594,113.95,12.90,0.27,3.49,49.71
1031093,107,1594,112.94,12.90,0.33,4.30,49.73
1031363,107,1594,113.16,12.90,0.40,5.21,49.74
1031634,107,1594,115.02,12.90,0.50,6.42,49.75
1031905,107,1594,113.61,12.90,0.54,7.03,49.76
1032176,107,1594,113.48,12.90,0.57,7.38,49.76
1032446,107,1594,113.79,12.90,0.55,7.13,49.77
1032718,107,1594,114.98,12.90,0.51,6.62,49.78
1032988,107,1594,113.91,12.89,0.57,7.30,49.78
1033260,107,1594,116.61,12.90,0.52,6.68,49.79
1033531,107,1594,114.69,12.90,0.48,6.21,49.79
1033801,107,1594,115.54,12.90,0.46,5.98,49.80
1034072,107,1594,115.10,12.89,0.47,6.06,49.82
1034343,107,1594,115.45,12.90,0.50,6.51,49.83
1034613,107,1594,115.23,12.90,0.46,5.96,49.85
1034885,107,1594,115.48,12.90,0.41,5.28,49.86
1035155,107,1594,115.36,12.90,0.45,5.81,49.87
1035426,107,1594,116.07,12.90,0.41,5.33,49.88
1035697,107,1594,116.80,12.89,0.48,6.15,49.88
1035968,107,1594,119.97,12.89,0.56,7.16,49.89
1036238,107,1594,152.75,12.89,0.54,6.93,49.89
1036510,107,1594,114.46,12.89,0.54,6.92,49.90
1036780,107,1594,114.97,12.89,0.59,7.57,49.91
1037051,107,1594,114.80,12.89,0.65,8.35,49.92
1037322,107,1594,115.50,12.90,0.58,7.52,49.92
1037593,107,1594,116.04,12.90,0.52,6.69,49.93
1037863,107,1594,116.42,12.89,0.56,7.17,49.93
1038135,107,1594,116.60,12.90,0.56,7.23,49.94
1038405,107,1594,115.92,12.90,0.56,7.18,49.95
1038676,107,1594,115.83,12.90,0.59,7.62,49.97
1038947,107,1594,117.04,12.90,0.54,6.96,49.98
1039218,107,1594,116.13,12.90,0.58,7.51,50.00
1039489,107,1594,140.04,12.84,1.37,17.58,50.01
1039760,107,1594,115.98,12.84,1.28,16.50,50.02
1040030,107,1594,116.47,12.85,1.17,15.06,50.03
1040302,107,1594,116.98,12.85,1.09,14.04,50.02
1040572,107,1594,120.21,12.85,1.08,13.88,50.03
1040843,107,1594,119.20,12.86,0.97,12.51,50.04
1041114,107,1594,118.48,12.86,0.88,11.37,50.03
1041385,107,1594,118.48,12.87,0.83,10.62,50.04
1041655,107,1594,117.65,12.87,0.75,9.66,50.05
1041927,107,1594,117.60,12.87,0.68,8.71,50.05
1042197,107,1594,119.58,12.88,0.67,8.61,50.06
1042468,107,1594,117.70,12.88,0.65,8.33,50.06
1042739,107,1594,117.76,12.88,0.62,7.99,50.07
1043010,107,1594,118.03,12.88,0.57,7.39,50.07
1043280,107,1594,116.99,12.88,0.53,6.85,50.08
1043552,107,1594,116.53,12.89,0.52,6.65,50.09
1043822,107,1594,116.58,12.89,0.47,6.00,50.09
1044093,107,1594,117.01,12.89,0.46,5.98,50.11
1044364,107,1594,116.51,12.89,0.51,6.54,50.12
1044634,107,1594,115.52,12.89,0.46,5.89,50.14
1044905,107,1594,114.78,12.89,0.46,5.88,50.15
1045176,107,1594,115.26,12.89,0.49,6.35,50.16
1045447,107,1594,116.53,12.89,0.50,6.49,50.17
1045718,107,1594,117.85,12.89,0.46,5.95,50.17
1045989,107,1594,119.34,12.89,0.42,5.46,50.18
1046259,107,1594,118.69,12.89,0.43,5.49,50.19
1046531,107,1594,118.64,12.89,0.39,5.05,50.19
1046801,107,1594,119.56,12.89,0.43,5.60,50.21
1047072,107,1594,119.66,12.89,0.41,5.24,50.22
1047343,107,1594,119.92,12.89,0.43,5.49,50.22
1047614,107,1594,120.45,12.89,0.38,4.85,50.24
1047884,107,1594,121.35,12.90,0.38,4.86,50.24
1048156,107,1594,121.08,12.89,0.43,5.52,50.24
1048426,107,1594,118.01,12.89,0.39,5.07,50.24
1048697,107,1594,119.01,12.90,0.38,4.86,50.24
1048968,107,1594,119.63,12.90,0.35,4.48,50.25
1049239,107,1594,120.77,12.90,0.33,4.23,50.27
1049509,107,1594,119.37,12.90,0.38,4.87,50.28
1049781,107,1594,121.94,12.90,0.40,5.15,50.29
1050051,107,1594,120.95,12.90,0.43,5.60,50.30
1050322,107,1594,119.95,12.90,0.38,4.96,50.31
1050593,107,1594,118.44,12.90,0.37,4.76,50.31
1050864,107,1594,119.65,12.90,0.36,4.67,50.32
1051134,107,1594,120.54,12.90,0.33,4.31,50.33
1051406,107,1594,122.67,12.90,0.37,4.75,50.33
1051676,107,1594,121.04,12.90,0.35,4.47,50.34
1051948,107,1594,120.91,12.90,0.36,4.61,50.33
1052218,107,1594,120.17,12.90,0.35,4.54,50.33
1052489,107,1594,121.67,12.90,0.37,4.76,50.35
1052760,107,1594,120.47,12.90,0.37,4.77,50.36
1053031,107,1594,118.28,12.90,0.38,4.87,50.37
1053301,107,1594,117.78,12.90,0.35,4.49,50.37
1053573,107,1594,116.34,12.90,0.33,4.24,50.37
1053843,107,1594,116.92,12.90,0.29,3.73,50.39
1054114,107,1594,118.23,12.90,0.36,4.70,50.40
1054385,107,1594,117.98,12.90,0.40,5.10,50.41
1054656,107,1594,117.80,12.90,0.42,5.36,50.42
1054926,107,1594,117.29,12.90,0.38,4.93,50.43
1055198,107,1594,118.42,12.90,0.43,5.50,50.44
1055468,107,1594,116.14,12.90,0.50,6.48,50.45
1055739,107,1594,117.52,12.90,0.46,5.94,50.46
1056010,107,1594,117.48,12.90,0.40,5.16,50.46
1056281,107,1594,116.91,12.90,0.45,5.80,50.48
1056551,107,1594,114.86,12.90,0.43,5.52,50.50
1056823,107,1594,116.41,12.90,0.39,4.98,50.50
1057093,107,1594,116.28,12.90,0.39,5.06,50.50
1057364,107,1594,118.21,12.90,0.38,4.94,50.52
1057635,107,1594,118.97,12.90,0.43,5.51,50.53
1057906,107,1594,117.77,12.90,0.39,5.06,50.55
1058177,107,1594,119.15,12.90,0.46,5.90,50.56
1058448,107,1594,118.67,12.90,0.49,6.28,50.57
1058718,107,1594,118.00,12.90,0.51,6.52,50.58
1058990,107,1594,118.43,12.90,0.46,5.87,50.58
1059260,107,1594,117.76,12.90,0.46,5.96,50.59
1059531,107,1594,115.95,12.90,0.43,5.57,50.60
1059802,107,1594,116.14,12.90,0.50,6.45,50.60
1060073,107,1594,119.99,12.90,0.50,6.48,50.62
1060343,107,1594,118.46,12.90,0.47,6.04,50.63
1060615,107,1594,119.40,12.90,0.46,5.92,50.64
1060885,107,1594,119.62,12.90,0.50,6.39,50.64
1061156,107,1594,118.71,12.90,0.49,6.33,50.65
1061427,107,1594,119.51,12.90,0.53,6.85,50.66
1061698,107,1594,119.15,12.90,0.52,6.65,50.67
1061968,107,1594,117.42,12.90,0.53,6.86,50.69
1062240,107,1594,117.91,12.90,0.51,6.56,50.70
1062510,107,1594,115.09,12.90,0.56,7.25,50.71
1062781,107,1594,117.20,12.90,0.51,6.63,50.71
1063052,107,1594,117.89,12.90,0.47,6.07,50.72
1063323,107,1594,116.42,12.90,0.47,6.05,50.73
1063593,107,1594,116.37,12.90,0.46,5.93,50.74
1063865,107,1594,117.05,12.90,0.43,5.53,50.74
1064135,107,1594,115.32,12.90,0.48,6.14,50.71
1064407,107,1594,116.22,12.90,0.45,5.82,50.71
1064677,107,1594,117.09,12.90,0.45,5.82,50.72
1064948,107,1594,116.57,12.90,0.41,5.34,50.73
1065219,107,1594,117.05,12.89,0.46,5.96,50.74
1065490,107,1594,117.24,12.90,0.49,6.33,50.74
1065760,107,1594,115.95,12.89,0.53,6.85,50.76
1066032,107,1594,119.75,12.90,0.55,7.13,50.78
1066302,107,1594,118.81,12.90,0.56,7.19,50.79
1066572,107,1594,117.12,12.90,0.52,6.67,50.81
1066844,107,1594,118.84,12.89,0.54,6.96,50.82
1067115,107,1594,122.43,12.90,0.49,6.37,50.83
1067385,107,1594,130.25,12.90,0.51,6.60,50.84
1067657,107,1594,118.67,12.89,0.52,6.71,50.85
1067927,107,1594,118.65,12.89,0.48,6.24,50.91
1068197,107,1594,117.88,12.89,0.44,5.63,50.91
1068469,107,1594,116.73,12.89,0.38,4.88,50.98
1068740,107,1594,116.25,12.89,0.37,4.78,50.98
1069010,107,1594,117.15,12.89,0.33,4.32,50.97
1069282,107,1594,118.23,12.90,0.39,5.04,50.97
1069552,107,1594,117.59,12.90,0.43,5.50,50.98
1069822,107,1594,117.71,12.90,0.49,6.30,50.97
1070094,107,1594,114.60,12.90,0.50,6.44,50.97
1070364,107,1594,116.17,12.90,0.52,6.66,50.98
1070636,107,1594,115.14,12.89,0.53,6.86,50.97
1070906,107,1594,116.06,12.90,0.49,6.38,50.97
1071177,107,1594,116.71,12.90,0.52,6.70,50.97
1071448,107,1594,116.83,12.90,0.59,7.67,50.98
1071719,107,1594,117.04,12.90,0.59,7.58,50.98
1071989,107,1594,117.46,12.90,0.57,7.30,50.99
1072261,107,1594,115.70,12.90,0.60,7.73,51.00
1072531,107,1594,116.02,12.90,0.55,7.06,51.01
1072802,107,1594,117.38,12.90,0.52,6.75,51.01
1073073,107,1594,114.31,12.90,0.49,6.27,51.03
1073344,107,1594,115.53,12.90,0.53,6.89,51.04
1073614,107,1594,117.92,12.90,0.49,6.31,51.04
1073886,107,1594,115.50,12.90,0.51,6.55,51.04
1074156,107,1594,115.93,12.90,0.49,6.38,51.04
1074427,107,1594,126.19,12.90,0.52,6.70,51.06
1074698,107,1594,115.85,12.90,0.56,7.28,51.06
1074969,107,1594,114.06,12.90,0.61,7.81,51.06
1075239,107,1594,112.06,12.90,0.57,7.42,51.08
1075511,107,1594,113.50,12.90,0.56,7.26,51.09
1075781,107,1594,115.01,12.90,0.52,6.73,51.10
1076052,107,1594,114.20,12.90,0.48,6.16,51.11
1076323,107,1594,113.60,12.90,0.50,6.41,51.12
1076594,107,1594,112.49,12.90,0.47,6.07,51.11
1076865,107,1594,114.97,12.90,0.44,5.66,51.12
1077136,107,1594,114.11,12.90,0.39,5.01,51.13
1077406,107,1594,114.10,12.90,0.44,5.66,51.14
1077678,107,1594,112.46,12.90,0.43,5.49,51.14
1077948,107,1594,115.63,12.90,0.43,5.52,51.15
1078219,107,1594,114.28,12.90,0.47,6.12,51.16
1078490,107,1594,113.87,12.90,0.44,5.71,51.16
1078761,107,1594,116.14,12.90,0.46,5.91,51.27
1079031,107,1594,115.16,12.90,0.49,6.28,51.28
1079303,107,1594,113.47,12.89,0.52,6.71,51.29
1079573,107,1594,113.13,12.90,0.48,6.15,51.29
1079844,107,1594,112.69,12.90,0.43,5.54,51.28
1080115,107,1594,113.08,12.90,0.45,5.76,51.28
1080386,107,1594,112.75,12.90,0.42,5.48,51.28
1080656,107,1594,112.65,12.90,0.49,6.28,51.29
1080928,107,1594,109.68,12.90,0.44,5.66,51.29
1081198,107,1594,109.29,12.90,0.39,5.01,51.30
1081469,107,1594,113.26,12.90,0.35,4.51,51.32
1081740,107,1594,111.29,12.89,0.37,4.83,51.32
1082011,107,1594,111.36,12.89,0.40,5.22,51.32
1082281,107,1594,107.81,12.89,0.44,5.66,51.32
1082553,107,1594,108.33,12.89,0.48,6.15,51.34
1082823,107,1594,108.81,12.90,0.46,5.93,51.34
1083095,107,1594,110.13,12.90,0.42,5.44,51.34
1083365,107,1594,113.40,12.90,0.44,5.67,51.35
1083636,107,1594,112.95,12.90,0.45,5.78,51.35
1083907,107,1594,111.67,12.90,0.46,5.88,51.35
1084178,107,1594,112.79,12.90,0.39,5.01,51.35
1084448,107,1594,110.98,12.90,0.41,5.29,51.35
1084720,107,1594,131.73,12.86,0.69,8.84,51.35
1084990,107,1594,110.67,12.86,0.65,8.35,51.35
1085261,107,1594,107.19,12.86,0.61,7.81,51.24
1085532,107,1594,110.43,12.87,0.61,7.90,51.26
1085803,107,1594,111.17,12.87,0.55,7.12,51.25
1086073,107,1594,108.06,12.87,0.50,6.42,51.26
1086345,107,1594,113.51,12.88,0.44,5.69,51.27
1086615,107,1594,110.14,12.88,0.43,5.51,51.29
1086886,107,1594,109.87,12.88,0.47,6.02,51.31
1087157,107,1594,108.52,12.88,0.50,6.48,51.33
1087428,107,1594,110.73,12.88,0.52,6.70,51.33
1087970,108,1600,120.55,12.89,0.55,7.11,51.37
1088240,108,1600,131.00,12.89,0.56,7.17,51.38
1088512,108,1600,130.99,12.89,0.52,6.66,51.40
1088782,108,1600,131.78,12.89,0.48,6.19,51.41
1089053,108,1600,128.19,12.89,0.45,5.77,51.42
1089324,108,1600,128.94,12.89,0.41,5.30,51.44
1089595,108,1600,128.32,12.89,0.38,4.87,51.44
1089865,108,1600,130.86,12.89,0.37,4.78,51.46
1090137,108,1600,133.23,12.89,0.41,5.26,51.46
1090407,108,1600,129.99,12.89,0.50,6.46,51.48
1090678,108,1600,129.44,12.89,0.55,7.07,51.49
1090949,108,1600,130.28,12.89,0.57,7.32,51.50
1091220,108,1600,130.06,12.89,0.62,8.03,51.51
1091490,108,1600,176.83,12.89,0.57,7.33,51.52
1091762,108,1600,132.84,12.89,0.53,6.80,51.53
1092032,108,1600,133.39,12.89,0.59,7.65,51.54
1092303,108,1600,129.04,12.89,0.62,7.95,51.55
1092574,108,1600,127.67,12.89,0.58,7.45,51.57
1092845,108,1600,129.66,12.89,0.55,7.09,51.57
1093115,108,1600,130.77,12.89,0.58,7.44,51.59
1093387,108,1600,130.90,12.89,0.65,8.42,51.59
1093657,108,1600,130.36,12.89,0.63,8.16,51.57
1093928,108,1600,128.50,12.89,0.66,8.50,51.59
1094199,108,1600,127.88,12.89,0.67,8.61,51.60
1094470,108,1600,129.81,12.89,0.71,9.10,51.62
1094740,108,1600,129.78,12.89,0.63,8.10,51.63
1095012,108,1600,129.19,12.89,0.60,7.78,51.64
1095282,108,1600,130.04,12.89,0.63,8.06,51.75
1095554,108,1600,129.27,12.89,0.60,7.74,51.75
1095824,108,1600,130.89,12.89,0.66,8.50,51.75
1096095,108,1600,128.34,12.89,0.68,8.80,51.75
1096366,108,1600,130.23,12.89,0.63,8.12,51.75
1096637,108,1600,129.62,12.89,0.58,7.42,51.76
1096907,108,1600,130.31,12.89,0.63,8.11,51.76
1097179,108,1600,130.27,12.89,0.68,8.74,51.77
1097449,108,1600,129.11,12.89,0.66,8.45,51.79
1097720,108,1600,129.49,12.89,0.60,7.71,51.78
1097991,108,1600,131.09,12.89,0.52,6.75,51.79
1098262,108,1600,130.86,12.89,0.57,7.33,51.79
1098532,108,1600,128.63,12.89,0.59,7.56,51.80
1098804,108,1600,129.84,12.89,0.56,7.19,51.79
1099074,108,1600,131.02,12.89,0.51,6.58,51.80
1099345,108,1600,131.50,12.88,0.53,6.88,51.81
1099616,108,1600,133.93,12.88,0.54,6.97,51.82
1099887,108,1600,132.57,12.88,0.50,6.47,51.83
1100157,108,1600,132.57,12.89,0.50,6.40,51.83
1100429,108,1600,132.29,12.89,0.46,5.87,51.84
1100699,108,1600,135.93,12.89,0.46,5.96,51.86
1100971,108,1600,135.41,12.89,0.45,5.75,51.86
1101241,108,1600,134.46,12.89,0.41,5.28,51.86
1101512,108,1600,133.49,12.89,0.43,5.53,51.86
1101783,108,1600,132.74,12.89,0.39,4.98,51.88
1102054,108,1600,134.03,12.89,0.42,5.45,51.88
1102324,108,1600,136.49,12.89,0.44,5.67,51.89
1102596,108,1600,133.44,12.89,0.49,6.36,51.91
1102866,108,1600,134.90,12.89,0.54,6.97,51.92
1103137,108,1600,134.75,12.89,0.49,6.38,51.93
1103408,108,1600,133.68,12.89,0.46,5.94,51.94
1103679,108,1600,133.23,12.89,0.48,6.21,51.95
1103949,108,1600,134.99,12.88,0.52,6.74,51.96
1104221,108,1600,135.85,12.88,0.57,7.32,51.96
1104491,108,1600,136.68,12.88,0.62,7.93,51.97
1104762,108,1600,136.17,12.88,0.62,8.00,51.99
1105033,108,1600,133.58,12.88,0.57,7.40,51.99
1105304,108,1600,132.54,12.88,0.58,7.43,51.99
1105574,108,1600,135.24,12.88,0.52,6.70,52.01
1105846,108,1600,135.26,12.88,0.54,6.90,52.01
1106116,108,1600,137.01,12.88,0.55,7.07,52.03
1106387,108,1600,138.09,12.88,0.61,7.80,52.04
1106658,108,1600,139.08,12.88,0.57,7.32,52.05
1106929,108,1600,136.57,12.88,0.65,8.41,52.06
1107200,108,1600,138.43,12.88,0.63,8.05,52.07
1107471,108,1600,140.37,12.88,0.67,8.69,52.08
1107741,108,1600,139.01,12.88,0.73,9.35,52.09
1108013,108,1600,138.63,12.88,0.77,9.95,52.10
1108284,108,1600,136.61,12.88,0.74,9.54,52.10
1108554,108,1600,136.82,12.88,0.71,9.16,52.11
1108826,108,1600,137.93,12.88,0.66,8.45,52.13
1109096,108,1600,137.81,12.88,0.64,8.28,52.13
1109367,108,1600,136.59,12.88,0.59,7.56,52.13
1109638,108,1600,136.32,12.88,0.57,7.38,52.14
1109909,108,1600,135.55,12.88,0.55,7.13,52.15
1110179,108,1600,134.83,12.88,0.60,7.66,52.17
1110451,108,1600,136.50,12.88,0.65,8.43,52.17
1110721,108,1600,135.60,12.88,0.63,8.17,52.18
1110992,108,1600,137.05,12.88,0.70,8.98,52.19
1111263,108,1600,137.63,12.88,0.64,8.19,52.19
1111534,108,1600,138.80,12.88,0.61,7.86,52.20
1111804,108,1600,138.31,12.89,0.67,8.61,52.22
1112075,108,1600,137.42,12.89,0.61,7.86,52.26
1112346,108,1600,140.33,12.89,0.56,7.17,52.26
1112616,108,1600,137.83,12.89,0.58,7.51,52.26
1112888,108,1600,138.93,12.89,0.56,7.25,52.28
1113158,108,1600,137.61,12.89,0.59,7.58,52.28
1113430,108,1600,136.50,12.89,0.63,8.07,52.30
1113700,108,1600,137.05,12.89,0.58,7.46,52.30
1113971,108,1600,136.41,12.89,0.54,6.92,52.31
1114242,108,1600,137.57,12.89,0.59,7.67,52.31
1114513,108,1600,136.21,12.89,0.60,7.67,52.32
1114783,108,1600,137.63,12.89,0.63,8.15,52.33
1115055,108,1600,135.74,12.89,0.62,8.01,52.34
1115325,108,1600,133.39,12.89,0.57,7.32,52.35
1115596,108,1600,157.54,12.89,0.53,6.79,52.36
1115867,108,1600,135.40,12.89,0.48,6.21,52.37
1116138,108,1600,137.65,12.89,0.46,5.88,52.37
1116408,108,1600,135.66,12.89,0.43,5.50,52.38
1116680,108,1600,135.09,12.89,0.47,6.01,52.40
1116950,108,1600,136.19,12.89,0.52,6.75,52.40
1117221,108,1600,139.68,12.90,0.51,6.56,52.41
1117492,108,1600,138.61,12.90,0.50,6.49,52.42
1117763,108,1600,138.11,12.90,0.47,6.04,52.44
1118033,108,1600,138.15,12.89,0.54,6.97,52.45
1118305,108,1600,134.69,12.90,0.52,6.67,52.46
1118575,108,1600,133.87,12.90,0.55,7.06,52.47
1118846,108,1600,133.90,12.89,0.52,6.74,52.48
1119117,108,1600,135.30,12.90,0.57,7.32,52.49
1119388,108,1600,135.17,12.89,0.53,6.88,52.43
1119659,108,1600,134.59,12.89,0.49,6.30,52.46
1119930,108,1600,135.01,12.89,0.46,5.87,52.47
1120200,108,1600,137.24,12.89,0.50,6.43,52.49
1120472,108,1600,136.89,12.89,0.53,6.85,52.50
1120742,108,1600,136.33,12.89,0.49,6.36,52.52
1121013,108,1600,135.03,12.89,0.45,5.83,52.54
1121284,108,1600,137.15,12.89,0.44,5.73,52.54
1121555,108,1600,134.66,12.89,0.50,6.51,52.55
1121825,108,1600,131.59,12.89,0.52,6.72,52.55
1122096,108,1600,131.05,12.89,0.53,6.82,52.55
1122367,108,1600,131.83,12.89,0.54,6.91,52.57
1122637,108,1600,131.62,12.89,0.59,7.66,52.58
1122909,108,1600,129.74,12.89,0.55,7.10,52.59
1123179,108,1600,131.32,12.89,0.56,7.25,52.60
1123450,108,1600,131.77,12.89,0.55,7.11,52.61
1123721,108,1600,129.84,12.89,0.60,7.74,52.64
1123992,108,1600,131.77,12.89,0.56,7.17,52.66
1124262,108,1600,129.75,12.89,0.53,6.84,52.66
1124534,108,1600,131.08,12.89,0.48,6.17,52.68
1124804,108,1600,129.16,12.90,0.42,5.37,52.70
1125075,108,1600,131.40,12.90,0.49,6.37,52.70
1125346,108,1600,128.74,12.90,0.45,5.74,52.71
1125617,108,1600,132.34,12.90,0.51,6.61,52.73
1125888,108,1600,130.66,12.90,0.49,6.34,52.74
1126159,108,1600,139.34,12.90,0.46,5.90,52.75
1126429,108,1600,129.33,12.89,0.49,6.28,52.76
1126701,108,1600,131.59,12.89,0.56,7.18,52.77
1126971,108,1600,130.00,12.89,0.54,6.95,52.77
1127242,108,1600,127.82,12.89,0.52,6.65,52.71
1127513,108,1600,128.37,12.89,0.57,7.33,52.73
1127784,108,1600,128.01,12.89,0.52,6.70,52.75
1128054,108,1600,129.26,12.89,0.51,6.61,52.76
1128326,108,1600,130.01,12.90,0.49,6.34,52.77
1128597,108,1600,127.71,12.89,0.53,6.86,52.79
1128867,108,1600,131.14,12.89,0.52,6.76,52.80
1129139,108,1600,132.20,12.89,0.57,7.33,52.81
1129409,108,1600,130.54,12.89,0.59,7.66,52.83
1129680,108,1600,130.74,12.89,0.62,7.95,52.83
1129951,108,1600,128.97,12.89,0.59,7.55,52.85
1130222,108,1600,128.68,12.89,0.62,7.94,52.87
1130492,108,1600,131.37,12.89,0.60,7.73,52.88
1130764,108,1600,129.96,12.89,0.55,7.06,52.89
1131034,108,1600,129.48,12.89,0.52,6.75,52.90
1131304,108,1600,131.28,12.90,0.48,6.18,52.91
1131576,108,1600,130.44,12.89,0.53,6.81,52.92
1131846,108,1600,130.19,12.89,0.56,7.28,52.92
1132118,108,1600,131.09,12.89,0.56,7.23,52.94
1132388,108,1600,131.58,12.89,0.54,6.99,52.96
1132659,108,1600,130.33,12.89,0.61,7.83,52.98
1132931,108,1600,132.68,12.90,0.55,7.15,52.98
1133201,108,1600,147.61,12.89,0.60,7.78,52.99
1133472,108,1600,132.95,12.90,0.59,7.59,53.00
1133743,108,1600,132.81,12.90,0.62,7.98,53.01
1134014,108,1600,131.21,12.90,0.61,7.86,53.02
1134284,108,1600,135.74,12.90,0.59,7.66,53.03
1134556,108,1600,131.99,12.90,0.56,7.28,53.07
1134826,108,1600,131.60,12.90,0.55,7.14,53.07
1135097,108,1600,130.88,12.89,0.64,8.24,53.08
1135368,108,1600,133.97,12.89,0.65,8.38,53.08
1135639,108,1600,134.62,12.89,0.59,7.65,53.09
1135909,108,1600,131.49,12.89,0.52,6.70,53.10
1136181,108,1600,131.29,12.89,0.55,7.09,53.12
1136451,108,1600,129.91,12.89,0.49,6.29,53.13
1136722,108,1600,130.81,12.89,0.54,6.91,53.13
1136993,108,1600,134.72,12.89,0.61,7.85,53.14
1137264,108,1600,131.48,12.89,0.63,8.13,53.15
1137534,108,1600,132.34,12.89,0.62,7.99,53.16
1137806,108,1600,130.29,12.89,0.64,8.25,53.09
1138076,108,1600,132.38,12.89,0.67,8.67,53.11
1138348,108,1600,133.23,12.89,0.64,8.20,53.12
1138618,108,1600,130.07,12.89,0.57,7.29,53.15
1138889,108,1600,129.72,12.89,0.52,6.76,53.17
1139160,108,1600,131.33,12.90,0.50,6.38,53.18
1139431,108,1600,131.78,12.90,0.46,5.95,53.19
1139701,108,1600,129.87,12.89,0.55,7.08,53.19
1139973,108,1600,132.00,12.90,0.51,6.57,53.21
1140243,108,1600,133.31,12.89,0.56,7.26,53.22
1140514,108,1600,131.90,12.89,0.49,6.35,53.24
1140785,108,1600,132.08,12.90,0.46,5.92,53.25
1141056,108,1600,133.20,12.90,0.47,6.10,53.26
1141326,108,1600,130.67,12.90,0.42,5.40,53.26
1141598,108,1600,132.98,12.89,0.47,6.01,53.26
1141868,108,1600,134.99,12.89,0.54,6.95,53.28
1142139,108,1600,134.24,12.89,0.53,6.83,53.29
1142410,108,1600,136.13,12.89,0.49,6.35,53.30
1142681,108,1600,132.57,12.89,0.45,5.82,53.31
1142951,108,1600,135.02,12.89,0.44,5.63,53.32
1143223,108,1600,132.71,12.89,0.50,6.41,53.32
1143493,108,1600,131.88,12.89,0.47,6.06,53.33
1143764,108,1600,132.51,12.89,0.45,5.75,53.34
1144035,108,1600,133.51,12.89,0.40,5.18,53.35
1144306,108,1600,136.61,12.89,0.42,5.44,53.37
1144577,108,1600,133.09,12.89,0.38,4.90,53.39
1144848,108,1600,133.48,12.89,0.37,4.80,53.40
1145118,108,1600,132.90,12.89,0.41,5.29,53.41
1145390,108,1600,132.90,12.89,0.44,5.63,53.43
1145660,108,1600,133.81,12.89,0.44,5.65,53.44
1145931,108,1600,133.23,12.89,0.48,6.24,53.44
1146202,108,1600,136.84,12.89,0.49,6.29,53.44
1146473,108,1600,132.12,12.89,0.48,6.24,53.45
1146743,108,1600,135.58,12.89,0.47,6.10,53.46
1147015,108,1600,132.77,12.89,0.51,6.55,53.46
1147285,108,1600,132.11,12.89,0.55,7.05,53.47
1147556,108,1600,133.89,12.89,0.60,7.79,53.48
1148098,109,1605,143.69,12.89,0.58,7.52,53.51
1148368,109,1605,149.78,12.89,0.58,7.44,53.53
1148640,109,1605,149.17,12.89,0.53,6.80,53.53
1148910,109,1605,151.14,12.89,0.50,6.42,53.54
1149181,109,1605,150.68,12.89,0.57,7.31,53.55
1149452,109,1605,151.50,12.89,0.56,7.16,53.56
1149723,109,1605,152.36,12.89,0.53,6.84,53.56
1149993,109,1605,151.73,12.89,0.61,7.88,53.57
1150264,109,1605,151.73,12.89,0.64,8.24,53.58
1150535,109,1605,150.74,12.88,0.61,7.81,53.59
1150806,109,1605,151.97,12.88,0.61,7.80,53.60
1151077,109,1605,149.80,12.88,0.61,7.89,53.60
1151347,109,1605,150.70,12.88,0.66,8.44,53.61
1151619,109,1605,150.15,12.88,0.66,8.46,53.61
1151889,109,1605,149.30,12.88,0.63,8.10,53.63
1152160,109,1605,149.28,12.88,0.57,7.40,53.58
1152431,109,1605,149.32,12.88,0.58,7.53,53.59
1152702,109,1605,149.15,12.88,0.51,6.59,53.65
1152973,109,1605,147.88,12.88,0.48,6.13,53.67
1153244,109,1605,146.90,12.89,0.52,6.67,53.68
1153515,109,1605,149.53,12.89,0.47,6.11,53.69
1153785,109,1605,147.74,12.89,0.53,6.84,53.70
1154057,109,1605,145.48,12.89,0.52,6.74,53.71
1154327,109,1605,148.33,12.89,0.54,6.93,53.79
1154598,109,1605,147.49,12.89,0.49,6.34,53.80
1154869,109,1605,148.32,12.89,0.56,7.25,53.80
1155140,109,1605,148.30,12.89,0.55,7.10,53.80
1155410,109,1605,145.52,12.89,0.57,7.36,53.80
1155682,109,1605,149.17,12.88,0.56,7.20,53.82
1155952,109,1605,148.45,12.89,0.53,6.87,53.82
1156224,109,1605,147.81,12.89,0.59,7.62,53.81
1156494,109,1605,147.65,12.89,0.67,8.59,53.83
1156765,109,1605,145.14,12.89,0.64,8.21,53.82
1157036,109,1605,147.20,12.89,0.59,7.59,53.83
1157307,109,1605,146.02,12.89,0.59,7.61,53.85
1157577,109,1605,148.17,12.89,0.64,8.19,53.85
1157849,109,1605,151.35,12.89,0.62,8.05,53.86
1158119,109,1605,148.96,12.88,0.67,8.68,53.87
1158390,109,1605,149.63,12.89,0.64,8.21,53.88
1158661,109,1605,150.57,12.89,0.60,7.68,53.88
1158932,109,1605,150.65,12.88,0.66,8.54,53.89
1159202,109,1605,152.15,12.88,0.60,7.79,53.89
1159474,109,1605,153.39,12.88,0.67,8.64,53.90
1159745,109,1605,152.62,12.88,0.75,9.60,53.90
1160015,109,1605,151.41,12.88,0.70,9.03,53.91
1160287,109,1605,150.58,12.88,0.76,9.85,53.91
1160557,109,1605,152.74,12.88,0.73,9.35,53.86
1160828,109,1605,154.18,12.88,0.76,9.76,53.88
1161099,109,1605,151.64,12.88,0.78,10.03,53.90
1161370,109,1605,153.12,12.88,0.82,10.56,53.92
1161640,109,1605,151.46,12.88,0.89,11.42,53.92
1161912,109,1605,150.23,12.88,0.93,12.01,53.93
1162182,109,1605,150.05,12.89,0.93,11.96,53.95
1162454,109,1605,153.10,12.88,0.97,12.49,53.95
1162724,109,1605,151.30,12.89,0.90,11.64,53.96
1162995,109,1605,152.97,12.89,0.92,11.82,53.97
1163266,109,1605,151.81,12.89,0.84,10.84,53.98
1163537,109,1605,152.40,12.89,0.79,10.24,53.99
1163807,109,1605,150.44,12.89,0.83,10.75,54.01
1164079,109,1605,150.85,12.89,0.78,10.07,54.03
1164349,109,1605,150.40,12.88,0.80,10.30,54.04
1164620,109,1605,149.40,12.88,0.73,9.38,54.04
1164891,109,1605,149.44,12.88,0.77,9.98,54.06
1165162,109,1605,150.23,12.88,0.82,10.51,54.07
1165432,109,1605,149.98,12.88,0.82,10.62,54.07
1165704,109,1605,150.30,12.88,0.86,11.09,54.07
1165974,109,1605,148.16,12.88,0.87,11.23,54.09
1166245,109,1605,150.36,12.89,0.79,10.12,54.09
1166516,109,1605,149.55,12.88,0.75,9.69,54.10
1166787,109,1605,149.78,12.88,0.77,9.87,54.11
1167057,109,1605,154.16,12.89,0.72,9.28,54.12
1167329,109,1605,184.15,12.89,0.72,9.22,54.13
1167599,109,1605,148.35,12.88,0.73,9.45,54.14
1167870,109,1605,146.07,12.89,0.78,10.04,54.14
1168141,109,1605,146.69,12.89,0.77,9.90,54.15
1168412,109,1605,149.16,12.89,0.83,10.64,54.16
1168683,109,1605,146.74,12.89,0.75,9.68,54.18
1168954,109,1605,146.91,12.89,0.80,10.25,54.19
1169224,109,1605,147.28,12.89,0.75,9.61,54.21
1169496,109,1605,147.63,12.88,0.73,9.42,54.22
1169766,109,1605,148.24,12.88,0.76,9.82,54.22
1170037,109,1605,147.45,12.88,0.72,9.23,54.22
1170308,109,1605,147.03,12.89,0.65,8.41,54.23
1170579,109,1605,172.29,12.80,1.72,22.04,54.24
1170849,109,1605,148.76,12.81,1.60,20.51,54.25
1171121,109,1605,149.24,12.81,1.47,18.86,54.26
1171391,109,1605,146.46,12.82,1.36,17.47,54.24
1171662,109,1605,144.11,12.83,1.23,15.74,54.26
1171934,109,1605,147.34,12.84,1.10,14.09,54.26
1172204,109,1605,145.53,12.85,1.00,12.79,54.27
1172475,109,1605,146.88,12.85,0.98,12.57,54.28
1172746,109,1605,150.31,12.86,0.90,11.52,54.30
1173017,109,1605,146.91,12.86,0.84,10.85,54.32
1173287,109,1605,146.86,12.86,0.79,10.16,54.32
1173559,109,1605,150.12,12.87,0.73,9.35,54.34
1173830,109,1605,178.68,12.87,0.66,8.52,54.37
1174100,109,1605,146.54,12.87,0.60,7.77,54.38
1174372,109,1605,145.49,12.87,0.66,8.43,54.39
1174642,109,1605,142.68,12.87,0.61,7.88,54.40
1174914,109,1605,144.53,12.87,0.64,8.25,54.41
1175184,109,1605,147.30,12.87,0.71,9.15,54.41
1175455,109,1605,146.55,12.87,0.67,8.62,54.42
1175726,109,1605,145.78,12.87,0.71,9.10,54.43
1175997,109,1605,147.85,12.87,0.79,10.20,54.45
1176268,109,1605,145.65,12.88,0.72,9.29,54.45
1176539,109,1605,146.65,12.88,0.67,8.66,54.45
1176810,109,1605,157.65,12.88,0.61,7.80,54.46
1177080,109,1605,149.51,12.88,0.57,7.32,54.46
1177352,109,1605,146.60,12.88,0.59,7.55,54.48
1177622,109,1605,146.63,12.88,0.55,7.09,54.48
1177893,109,1605,148.54,12.88,0.57,7.34,54.49
1178164,109,1605,147.37,12.88,0.54,7.00,54.50
1178435,109,1605,147.94,12.88,0.61,7.83,54.52
1178705,109,1605,145.86,12.88,0.67,8.59,54.53
1178977,109,1605,148.33,12.88,0.68,8.78,54.54
1179247,109,1605,146.63,12.88,0.64,8.20,54.54
1179518,109,1605,143.71,12.88,0.58,7.48,54.55
1179789,109,1605,145.28,12.88,0.59,7.60,54.56
1180060,109,1605,146.95,12.88,0.65,8.38,54.56
1180331,109,1605,146.48,12.88,0.61,7.84,54.57
1180602,109,1605,147.28,12.88,0.68,8.78,54.58
1180872,109,1605,147.07,12.88,0.71,9.15,54.59
1181144,109,1605,144.11,12.88,0.69,8.91,54.65
1181414,109,1605,146.63,12.88,0.69,8.89,54.66
1181685,109,1605,150.36,12.88,0.64,8.29,54.67
1181957,109,1605,148.17,12.88,0.71,9.09,54.68
1182227,109,1605,149.51,12.88,0.70,8.96,54.69
1182498,109,1605,150.09,12.88,0.66,8.55,54.68
1182769,109,1605,149.61,12.89,0.62,7.99,54.67
1183040,109,1605,148.83,12.89,0.58,7.49,54.68
1183310,109,1605,149.25,12.89,0.55,7.03,54.69
1183582,109,1605,148.66,12.89,0.52,6.72,54.70
1183852,109,1605,147.31,12.88,0.57,7.30,54.72
1184123,109,1605,147.29,12.89,0.61,7.91,54.72
1184394,109,1605,149.14,12.89,0.57,7.32,54.72
1184665,109,1605,148.19,12.89,0.55,7.07,54.73
1184935,109,1605,146.85,12.89,0.58,7.52,54.73
1185207,109,1605,146.62,12.89,0.54,6.97,54.73
1185477,109,1605,143.93,12.89,0.61,7.91,54.74
1185748,109,1605,146.98,12.89,0.55,7.12,54.74
1186019,109,1605,149.81,12.89,0.65,8.42,54.75
1186290,109,1605,148.49,12.89,0.69,8.93,54.75
1186561,109,1605,147.53,12.89,0.63,8.14,54.75
1186832,109,1605,157.55,12.89,0.69,8.86,54.75
1187102,109,1605,146.80,12.89,0.72,9.32,54.76
1187374,109,1605,146.53,12.89,0.66,8.49,54.77
1187645,109,1605,145.94,12.89,0.61,7.84,54.75
1187915,109,1605,147.81,12.89,0.56,7.16,54.75
1188187,109,1605,144.23,12.89,0.54,6.93,54.75
1188458,109,1605,145.05,12.88,0.56,7.20,54.77
1188728,109,1605,146.06,12.88,0.55,7.06,54.78
1189000,109,1605,143.52,12.88,0.52,6.74,54.78
1189270,109,1605,143.97,12.88,0.53,6.84,54.79
1189541,109,1605,142.65,12.89,0.57,7.31,54.79
1189812,109,1605,141.45,12.88,0.54,6.97,54.80
1190083,109,1605,149.74,12.87,0.72,9.23,54.81
1190353,109,1605,141.46,12.87,0.78,10.03,54.83
1190625,109,1605,143.08,12.88,0.84,10.76,54.84
1190895,109,1605,142.40,12.88,0.78,10.07,54.84
1191166,109,1605,142.04,12.88,0.75,9.65,54.86
1191437,109,1605,142.10,12.88,0.74,9.55,54.88
1191708,109,1605,141.48,12.88,0.68,8.79,54.88
1191979,109,1605,142.17,12.88,0.64,8.31,54.89
1192250,109,1605,143.60,12.88,0.66,8.44,54.91
1192521,109,1605,145.43,12.89,0.61,7.80,54.91
1192792,109,1605,143.87,12.89,0.57,7.41,54.92
1193063,109,1605,137.57,12.89,0.56,7.15,54.93
1193333,109,1605,142.64,12.89,0.57,7.40,54.93
1193604,109,1605,145.89,12.89,0.65,8.39,54.94
1193875,109,1605,144.47,12.88,0.70,9.08,54.95
1194146,109,1605,144.37,12.88,0.78,10.09,54.96
1194417,109,1605,145.66,12.88,0.75,9.66,54.96
1194688,109,1605,143.05,12.88,0.80,10.32,54.97
1194958,109,1605,145.87,12.88,0.77,9.97,54.98
1195230,109,1605,140.92,12.88,0.76,9.74,54.99
1195500,109,1605,144.70,12.88,0.75,9.63,55.00
1195771,109,1605,146.64,12.88,0.72,9.25,55.02
1196042,109,1605,143.50,12.88,0.72,9.29,55.03
1196313,109,1605,144.36,12.88,0.75,9.61,55.02
1196583,109,1605,145.33,12.89,0.72,9.33,55.03
1196855,109,1605,156.99,12.89,0.67,8.69,55.05
1197125,109,1605,148.56,12.89,0.70,9.07,55.06
1197396,109,1605,145.07,12.89,0.78,10.08,55.07
1197667,109,1605,142.88,12.89,0.78,10.04,55.06
1197938,109,1605,145.63,12.89,0.71,9.14,55.08
1198209,109,1605,146.08,12.89,0.71,9.19,55.08
1198480,109,1605,145.45,12.89,0.72,9.23,55.09
1198750,109,1605,144.30,12.89,0.75,9.65,55.10
1199022,109,1605,147.42,12.89,0.71,9.18,55.11
1199292,109,1605,144.31,12.89,0.65,8.36,55.13
1199563,109,1605,144.74,12.89,0.70,9.06,55.14
1199834,109,1605,145.34,12.89,0.70,9.02,55.15
1200105,109,1605,164.46,12.86,0.96,12.30,55.15
1200376,109,1605,144.18,12.86,0.84,10.79,55.16
1200647,109,1605,147.08,12.86,0.77,9.92,55.18
1200918,109,1605,146.41,12.86,0.78,10.08,55.19
1201188,109,1605,143.81,12.87,0.71,9.17,55.20
1201459,109,1605,146.67,12.87,0.65,8.36,55.20
1201730,109,1605,146.75,12.87,0.61,7.82,55.20
1202001,109,1605,141.83,12.87,0.64,8.29,55.21
1202272,109,1605,145.01,12.87,0.64,8.23,55.20
1202543,109,1605,143.30,12.88,0.65,8.37,55.21
1202813,109,1605,143.72,12.88,0.59,7.54,55.22
1203085,109,1605,142.09,12.88,0.54,6.99,55.23
1203355,109,1605,166.90,12.88,0.57,7.35,55.24
1203627,109,1605,138.89,12.88,0.56,7.19,55.24
1203897,109,1605,144.38,12.88,0.58,7.44,55.25
1204168,109,1605,140.07,12.87,0.62,7.94,55.24
1204439,109,1605,137.98,12.88,0.62,8.01,55.25
1204710,109,1605,143.03,12.88,0.62,7.98,55.27
1204980,109,1605,137.71,12.88,0.57,7.29,55.27
1205252,109,1605,139.25,12.88,0.53,6.86,55.27
1205523,109,1605,138.63,12.88,0.59,7.61,55.28
1205793,109,1605,138.06,12.88,0.67,8.58,55.28
1206065,109,1605,134.85,12.88,0.64,8.21,55.30
1206335,109,1605,135.76,12.88,0.68,8.73,55.30
1206606,109,1605,139.44,12.88,0.63,8.15,55.30
1206877,109,1605,138.57,12.88,0.69,8.87,55.31
1207148,109,1605,138.51,12.88,0.69,8.95,55.32
1207418,109,1605,141.96,12.88,0.71,9.20,55.34
1207690,109,1605,135.23,12.88,0.75,9.63,55.35
1208231,110,1611,144.05,12.89,0.62,8.00,55.36
1208502,110,1611,152.53,12.88,0.59,7.59,55.37
1208773,110,1611,154.23,12.88,0.65,8.37,55.38
1209043,110,1611,151.32,12.88,0.68,8.78,55.39
1209315,110,1611,153.34,12.88,0.72,9.34,55.40
1209585,110,1611,153.59,12.88,0.79,10.13,55.41
1209857,110,1611,153.70,12.88,0.73,9.41,55.41
1210127,110,1611,154.21,12.88,0.80,10.29,55.41
1210398,110,1611,154.68,12.89,0.76,9.75,55.42
1210669,110,1611,155.70,12.88,0.79,10.21,55.43
1210940,110,1611,154.14,12.88,0.85,10.92,55.43
1211210,110,1611,156.37,12.88,0.82,10.60,55.43
1211482,110,1611,152.85,12.88,0.86,11.07,55.45
1211752,110,1611,153.85,12.88,0.93,11.98,55.46
1212023,110,1611,154.21,12.88,0.95,12.22,55.46
1212294,110,1611,154.24,12.88,0.92,11.86,55.46
1212565,110,1611,154.99,12.88,0.90,11.64,55.47
1212835,110,1611,155.30,12.88,0.86,11.05,55.48
1213107,110,1611,158.13,12.88,0.87,11.20,55.52
1213378,110,1611,174.10,12.88,0.88,11.33,55.52
1213648,110,1611,158.02,12.88,0.81,10.39,55.53
1213920,110,1611,160.24,12.88,0.74,9.55,55.53
1214190,110,1611,158.88,12.88,0.79,10.13,55.54
1214461,110,1611,159.90,12.88,0.80,10.27,55.54
1214732,110,1611,163.38,12.88,0.73,9.44,55.56
1215003,110,1611,163.97,12.88,0.68,8.70,55.57
1215273,110,1611,162.51,12.88,0.75,9.65,55.56
1215545,110,1611,162.19,12.88,0.80,10.32,55.62
1215815,110,1611,161.56,12.88,0.83,10.72,55.63
1216087,110,1611,160.54,12.88,0.86,11.09,55.62
1216357,110,1611,161.68,12.88,0.92,11.80,55.63
1216628,110,1611,160.41,12.88,0.94,12.06,55.64
1216899,110,1611,161.98,12.87,0.93,12.00,55.65
1217170,110,1611,161.18,12.88,0.91,11.67,55.65
1217441,110,1611,162.70,12.88,0.88,11.28,55.61
1217712,110,1611,160.58,12.87,0.85,10.92,55.62
1217983,110,1611,160.07,12.87,0.79,10.22,55.63
1218253,110,1611,159.62,12.88,0.74,9.49,55.63
1218524,110,1611,161.73,12.88,0.70,9.03,55.64
1218795,110,1611,159.09,12.88,0.67,8.61,55.65
1219065,110,1611,160.43,12.88,0.63,8.14,55.66
1219337,110,1611,158.45,12.88,0.59,7.62,55.66
1219607,110,1611,156.86,12.88,0.60,7.73,55.67
1219878,110,1611,157.76,12.88,0.65,8.40,55.67
1220149,110,1611,157.73,12.88,0.70,8.99,55.69
1220420,110,1611,156.29,12.88,0.68,8.77,55.69
1220691,110,1611,157.91,12.88,0.74,9.52,55.69
1220962,110,1611,158.79,12.88,0.78,10.01,55.71
1221233,110,1611,160.08,12.88,0.83,10.64,55.72
1221504,110,1611,159.49,12.88,0.86,11.11,55.72
1221775,110,1611,157.52,12.88,0.78,10.10,55.74
1222045,110,1611,156.02,12.88,0.77,9.86,55.75
1222317,110,1611,156.47,12.88,0.80,10.31,55.76
1222587,110,1611,158.49,12.88,0.80,10.25,55.77
1222858,110,1611,155.77,12.88,0.74,9.52,55.78
1223129,110,1611,157.69,12.88,0.81,10.39,55.78
1223400,110,1611,159.38,12.88,0.76,9.74,55.79
1223670,110,1611,158.72,12.88,0.74,9.54,55.80
1223942,110,1611,160.02,12.88,0.79,10.12,55.82
1224212,110,1611,159.04,12.88,0.84,10.83,55.82
1224483,110,1611,160.47,12.88,0.90,11.57,55.82
1224754,110,1611,160.68,12.88,0.86,11.09,55.82
1225025,110,1611,163.03,12.88,0.81,10.37,55.83
1225295,110,1611,162.16,12.88,0.90,11.63,55.83
1225567,110,1611,159.67,12.88,0.85,10.95,55.83
1225837,110,1611,159.27,12.88,0.88,11.39,55.85
1226108,110,1611,160.67,12.88,0.82,10.55,55.86
1226379,110,1611,158.82,12.88,0.83,10.74,55.87
1226650,110,1611,157.37,12.88,0.94,12.06,55.87
1226920,110,1611,159.68,12.88,0.89,11.44,55.88
1227192,110,1611,157.01,12.88,0.87,11.25,55.89
1227462,110,1611,159.36,12.88,0.90,11.57,55.90
1227734,110,1611,157.16,12.88,0.88,11.28,55.93
1228004,110,1611,158.15,12.88,0.89,11.49,55.93
1228275,110,1611,155.55,12.88,0.82,10.54,55.92
1228546,110,1611,158.06,12.88,0.86,11.02,55.93
1228817,110,1611,157.64,12.88,0.79,10.12,55.94
1229087,110,1611,158.23,12.88,0.74,9.60,55.94
1229359,110,1611,160.73,12.88,0.68,8.74,55.95
1229629,110,1611,158.19,12.88,0.73,9.40,55.96
1229900,110,1611,157.14,12.88,0.68,8.76,55.97
1230171,110,1611,154.95,12.88,0.66,8.56,55.97
1230442,110,1611,158.21,12.88,0.66,8.47,55.98
1230712,110,1611,158.45,12.88,0.67,8.59,55.96
1230984,110,1611,157.31,12.88,0.62,8.02,55.96
1231254,110,1611,160.11,12.88,0.63,8.09,55.98
1231525,110,1611,157.37,12.88,0.63,8.05,55.99
1231796,110,1611,154.57,12.88,0.59,7.63,55.91
1232067,110,1611,155.36,12.87,0.64,8.21,55.93
1232337,110,1611,156.06,12.87,0.59,7.59,56.03
1232609,110,1611,156.82,12.87,0.60,7.70,56.04
1232879,110,1611,156.91,12.87,0.58,7.41,56.05
1233150,110,1611,160.87,12.88,0.62,8.02,56.06
1233421,110,1611,158.59,12.87,0.63,8.08,56.06
1233692,110,1611,160.40,12.87,0.60,7.76,56.08
1233963,110,1611,160.97,12.87,0.59,7.56,56.09
1234234,110,1611,159.29,12.87,0.62,7.96,56.09
1234504,110,1611,158.06,12.87,0.57,7.36,56.09
1234776,110,1611,161.86,12.87,0.53,6.82,56.10
1235046,110,1611,159.21,12.87,0.61,7.87,56.11
1235317,110,1611,159.52,12.87,0.61,7.85,56.13
1235588,110,1611,161.95,12.87,0.68,8.79,56.14
1235859,110,1611,159.23,12.87,0.67,8.68,56.15
1236129,110,1611,157.90,12.87,0.67,8.68,56.19
1236401,110,1611,156.81,12.88,0.63,8.11,56.20
1236671,110,1611,157.78,12.87,0.69,8.83,56.21
1236942,110,1611,158.73,12.87,0.71,9.20,56.21
1237213,110,1611,157.26,12.87,0.67,8.67,56.22
1237484,110,1611,157.75,12.87,0.68,8.76,56.22
1237754,110,1611,158.77,12.88,0.66,8.47,56.22
1238026,110,1611,159.17,12.88,0.62,8.01,56.23
1238296,110,1611,158.99,12.87,0.59,7.60,56.23
1238567,110,1611,161.44,12.87,0.67,8.56,56.23
1238838,110,1611,162.10,12.87,0.75,9.62,56.25
1239109,110,1611,160.69,12.88,0.70,9.05,56.25
1239379,110,1611,161.59,12.87,0.76,9.78,56.27
1239651,110,1611,162.76,12.88,0.75,9.67,56.28
1239921,110,1611,159.58,12.87,0.77,9.85,56.29
1240193,110,1611,159.43,12.88,0.82,10.59,56.29
1240463,110,1611,160.14,12.87,0.82,10.59,56.30
1240734,110,1611,158.35,12.88,0.75,9.64,56.31
1241005,110,1611,162.30,12.88,0.70,9.06,56.30
1241276,110,1611,157.48,12.88,0.74,9.50,56.31
1241546,110,1611,155.32,12.88,0.69,8.84,56.32
1241818,110,1611,156.67,12.88,0.64,8.26,56.34
1242088,110,1611,156.31,12.88,0.65,8.39,56.35
1242359,110,1611,155.24,12.88,0.62,7.94,56.35
1242630,110,1611,157.11,12.88,0.69,8.87,56.37
1242901,110,1611,158.45,12.88,0.64,8.28,56.39
1243171,110,1611,159.35,12.88,0.62,7.94,56.40
1243443,110,1611,157.09,12.88,0.64,8.30,56.39
1243713,110,1611,152.46,12.87,0.70,9.00,56.38
1243984,110,1611,164.20,12.88,0.70,9.06,56.39
1244256,110,1611,158.97,12.88,0.64,8.26,56.41
1244526,110,1611,161.43,12.88,0.64,8.21,56.42
1244797,110,1611,159.19,12.88,0.63,8.06,56.36
1245068,110,1611,158.61,12.88,0.67,8.60,56.38
1245339,110,1611,159.49,12.88,0.74,9.56,56.39
1245609,110,1611,155.83,12.88,0.68,8.81,56.41
1245881,110,1611,156.62,12.88,0.73,9.36,56.42
1246151,110,1611,156.00,12.88,0.75,9.68,56.43
1246423,110,1611,157.81,12.88,0.71,9.20,56.44
1246693,110,1611,160.04,12.88,0.70,9.05,56.45
1246964,110,1611,161.84,12.88,0.74,9.58,56.47
1247235,110,1611,160.58,12.88,0.71,9.11,56.48
1247506,110,1611,161.96,12.88,0.78,10.02,56.50
1247776,110,1611,152.66,12.87,0.75,9.69,56.50
1248048,110,1611,162.00,12.87,0.81,10.45,56.52
1248318,110,1611,158.73,12.88,0.85,10.94,56.53
1248589,110,1611,157.83,12.88,0.84,10.80,56.55
1248860,110,1611,157.15,12.88,0.78,10.02,56.56
1249131,110,1611,157.31,12.88,0.76,9.79,56.57
1249401,110,1611,157.20,12.88,0.71,9.20,56.58
1249673,110,1611,153.59,12.88,0.67,8.67,56.59
1249943,110,1611,144.28,12.88,0.67,8.58,56.60
1250214,110,1611,145.17,12.88,0.64,8.21,56.61
1250485,110,1611,146.72,12.88,0.62,7.97,56.61
1250756,110,1611,148.53,12.88,0.60,7.75,56.62
1251026,110,1611,180.36,12.88,0.56,7.18,56.58
1251297,110,1611,159.45,12.88,0.52,6.75,56.59
1251568,110,1611,153.71,12.88,0.58,7.42,56.60
1251838,110,1611,154.62,12.88,0.56,7.26,56.61
1252110,110,1611,157.45,12.88,0.65,8.35,56.63
1252380,110,1611,157.10,12.88,0.71,9.15,56.63
1252652,110,1611,156.40,12.88,0.68,8.81,56.64
1252923,110,1611,159.98,12.88,0.74,9.56,56.65
1253193,110,1611,158.22,12.88,0.78,10.05,56.67
1253465,110,1611,158.26,12.88,0.72,9.24,56.68
1253735,110,1611,161.06,12.88,0.66,8.52,56.69
1254006,110,1611,156.13,12.88,0.74,9.49,56.71
1254277,110,1611,155.99,12.88,0.71,9.12,56.72
1254548,110,1611,159.25,12.88,0.78,10.03,56.73
1254818,110,1611,160.66,12.88,0.80,10.27,56.75
1255090,110,1611,159.07,12.88,0.73,9.35,56.75
1255360,110,1611,158.28,12.88,0.68,8.80,56.77
1255631,110,1611,157.41,12.88,0.65,8.31,56.78
1255902,110,1611,158.44,12.88,0.58,7.49,56.79
1256173,110,1611,159.63,12.88,0.56,7.23,56.81
1256443,110,1611,159.55,12.88,0.54,6.99,56.82
1256715,110,1611,158.82,12.88,0.60,7.73,56.83
1256985,110,1611,158.94,12.88,0.66,8.49,56.85
1257256,110,1611,155.97,12.88,0.67,8.61,56.86
1257527,110,1611,160.68,12.88,0.60,7.76,56.86
1257798,110,1611,159.14,12.88,0.59,7.56,56.87
1258068,110,1611,159.80,12.88,0.64,8.24,56.88
1258340,110,1611,158.51,12.88,0.67,8.67,56.90
1258610,110,1611,160.80,12.88,0.67,8.57,56.92
1258882,110,1611,161.12,12.88,0.67,8.58,56.92
1259152,110,1611,163.13,12.88,0.63,8.11,56.94
1259423,110,1611,161.83,12.88,0.68,8.74,56.95
1259694,110,1611,160.26,12.88,0.72,9.21,56.96
1259965,110,1611,158.69,12.88,0.75,9.63,57.00
1260235,110,1611,159.57,12.87,0.74,9.53,57.01
1260507,110,1611,157.64,12.87,0.75,9.64,57.02
1260777,110,1611,158.95,12.87,0.72,9.26,57.02
1261048,110,1611,160.13,12.88,0.66,8.53,57.03
1261319,110,1611,159.50,12.88,0.69,8.92,57.04
1261590,110,1611,160.51,12.88,0.65,8.33,57.01
1261860,110,1611,158.66,12.88,0.73,9.41,57.03
1262131,110,1611,159.24,12.88,0.67,8.58,57.05
1262402,110,1611,159.15,12.88,0.66,8.49,57.07
1262672,110,1611,160.63,12.88,0.71,9.17,57.07
1262944,110,1611,158.94,12.88,0.77,9.89,57.08
1263214,110,1611,159.06,12.88,0.71,9.10,57.10
1263485,110,1611,158.90,12.88,0.66,8.48,57.11
1263756,110,1611,159.64,12.88,0.73,9.36,57.12
1264027,110,1611,153.89,12.88,0.80,10.24,57.13
1264297,110,1611,155.48,12.87,0.84,10.85,57.14
1264569,110,1611,157.35,12.88,0.81,10.44,57.15
1264839,110,1611,158.23,12.88,0.80,10.26,57.15
1265111,110,1611,159.55,12.88,0.79,10.20,57.17
1265381,110,1611,162.06,12.88,0.74,9.48,57.18
1265652,110,1611,158.88,12.88,0.79,10.16,57.18
1265923,110,1611,157.73,12.88,0.81,10.49,57.19
1266194,110,1611,160.18,12.88,0.87,11.26,57.19
1266464,110,1611,160.85,12.88,0.89,11.47,57.21
1266736,110,1611,158.32,12.88,0.82,10.53,57.21
1267006,110,1611,156.70,12.88,0.88,11.30,57.22
1267277,110,1611,156.06,12.88,0.88,11.32,57.24
1267548,110,1611,157.64,12.88,0.92,11.91,57.25
1267819,110,1611,158.48,12.87,0.86,11.11,57.24
1268361,111,1616,165.44,12.87,0.74,9.52,57.27
1268631,111,1616,171.28,12.87,0.80,10.29,57.27
1268902,111,1616,166.83,12.87,0.74,9.56,57.28
1269173,111,1616,166.45,12.87,0.83,10.71,57.29
1269444,111,1616,166.98,12.87,0.75,9.64,57.36
1269714,111,1616,166.70,12.87,0.70,9.07,57.38
1269986,111,1616,170.01,12.87,0.78,10.07,57.37
1270256,111,1616,172.91,12.87,0.79,10.22,57.39
1270528,111,1616,171.77,12.86,0.81,10.44,57.40
1270798,111,1616,170.67,12.86,0.76,9.79,57.39
1271069,111,1616,171.35,12.86,0.73,9.39,57.40
1271340,111,1616,174.47,12.86,0.86,11.12,57.41
1271611,111,1616,171.49,12.86,0.90,11.54,57.41
1271881,111,1616,171.09,12.86,0.97,12.49,57.40
1272153,111,1616,168.47,12.86,0.97,12.49,57.41
1272423,111,1616,168.17,12.86,0.93,12.01,57.40
1272694,111,1616,166.61,12.86,0.85,10.92,57.41
1272965,111,1616,167.15,12.86,0.83,10.69,57.42
1273236,111,1616,168.56,12.86,0.92,11.82,57.43
1273506,111,1616,167.65,12.86,0.89,11.41,57.43
1273778,111,1616,169.27,12.86,0.94,12.09,57.44
1274048,111,1616,169.33,12.87,0.88,11.27,57.45
1274319,111,1616,172.35,12.87,0.86,11.11,57.45
1274590,111,1616,171.94,12.87,0.83,10.67,57.45
1274861,111,1616,169.63,12.87,0.81,10.37,57.46
1275131,111,1616,169.65,12.87,0.88,11.35,57.47
1275403,111,1616,168.15,12.87,0.82,10.51,57.48
1275673,111,1616,166.55,12.87,0.88,11.37,57.48
1275944,111,1616,168.93,12.87,0.86,11.10,57.48
1276215,111,1616,169.81,12.86,0.84,10.85,57.48
1276486,111,1616,170.69,12.87,0.89,11.49,57.48
1276756,111,1616,170.20,12.87,0.97,12.45,57.50
1277028,111,1616,170.56,12.87,0.89,11.50,57.50
1277298,111,1616,171.40,12.87,0.92,11.79,57.51
1277570,111,1616,169.64,12.87,0.90,11.57,57.52
1277840,111,1616,171.62,12.87,0.85,11.00,57.52
1278111,111,1616,170.24,12.87,0.80,10.28,57.53
1278382,111,1616,171.22,12.87,0.71,9.17,57.54
1278653,111,1616,171.70,12.87,0.72,9.31,57.55
1278923,111,1616,173.03,12.87,0.70,9.06,57.56
1279194,111,1616,170.06,12.87,0.66,8.54,57.55
1279465,111,1616,170.71,12.87,0.65,8.36,57.57
1279735,111,1616,172.02,12.87,0.62,8.01,57.58
1280007,111,1616,169.69,12.87,0.61,7.79,57.60
1280277,111,1616,169.99,12.87,0.56,7.21,57.60
1280548,111,1616,165.98,12.87,0.65,8.31,57.60
1280819,111,1616,162.44,12.87,0.68,8.73,57.62
1281090,111,1616,162.16,12.87,0.67,8.62,57.62
1281360,111,1616,165.28,12.87,0.66,8.53,57.62
1281632,111,1616,164.93,12.87,0.72,9.21,57.63
1281903,111,1616,167.03,12.87,0.79,10.21,57.65
1282173,111,1616,176.77,12.87,0.83,10.62,57.65
1282444,111,1616,170.97,12.87,0.86,11.09,57.66
1282715,111,1616,167.42,12.87,0.81,10.38,57.67
1282985,111,1616,168.39,12.87,0.88,11.35,57.68
1283257,111,1616,168.47,12.87,0.93,12.03,57.70
1283527,111,1616,171.56,12.87,0.87,11.22,57.71
1283799,111,1616,170.52,12.87,0.89,11.44,57.71
1284069,111,1616,170.94,12.87,0.95,12.21,57.72
1284340,111,1616,168.73,12.88,0.93,11.96,57.72
1284611,111,1616,170.73,12.88,0.90,11.63,57.73
1284882,111,1616,170.34,12.87,0.84,10.76,57.73
1285152,111,1616,168.44,12.87,0.85,10.93,57.75
1285424,111,1616,170.93,12.87,0.87,11.18,57.76
1285694,111,1616,172.76,12.87,0.91,11.69,57.78
1285965,111,1616,170.05,12.87,0.97,12.43,57.79
1286236,111,1616,169.17,12.87,0.96,12.34,57.80
1286507,111,1616,170.17,12.86,1.01,13.02,57.81
1286777,111,1616,167.43,12.87,0.98,12.58,57.82
1287048,111,1616,170.29,12.87,0.90,11.53,57.86
1287319,111,1616,166.92,12.87,0.88,11.33,57.86
1287589,111,1616,169.76,12.87,0.81,10.40,57.86
1287861,111,1616,172.74,12.87,0.82,10.51,57.87
1288131,111,1616,174.11,12.86,0.84,10.80,57.88
1288402,111,1616,171.65,12.86,0.87,11.25,57.90
1288673,111,1616,172.54,12.87,0.84,10.81,57.90
1288944,111,1616,172.28,12.87,0.82,10.50,57.91
1289214,111,1616,216.27,12.87,0.79,10.22,57.91
1289486,111,1616,172.16,12.87,0.88,11.30,57.91
1289756,111,1616,169.90,12.87,0.89,11.42,57.91
1290028,111,1616,168.74,12.87,0.81,10.48,57.91
1290298,111,1616,171.57,12.87,0.83,10.67,57.91
1290569,111,1616,168.43,12.86,0.82,10.57,57.92
1290840,111,1616,168.56,12.87,0.82,10.57,57.93
1291110,111,1616,171.50,12.86,0.84,10.76,57.94
1291381,111,1616,167.59,12.87,0.89,11.41,57.95
1291652,111,1616,167.81,12.86,0.92,11.80,57.96
1291923,111,1616,170.37,12.86,0.96,12.34,57.97
1292194,111,1616,168.82,12.86,0.92,11.88,57.98
1292465,111,1616,168.00,12.86,0.99,12.70,57.98
1292735,111,1616,207.13,12.86,0.97,12.49,57.99
1293006,111,1616,167.67,12.87,0.90,11.63,58.01
1293277,111,1616,168.06,12.87,0.98,12.57,58.01
1293548,111,1616,168.02,12.87,1.00,12.85,58.01
1293818,111,1616,169.29,12.86,0.97,12.52,58.03
1294090,111,1616,170.06,12.87,0.97,12.42,58.04
1294360,111,1616,171.31,12.87,1.01,13.00,58.04
1294631,111,1616,170.31,12.87,0.93,12.00,58.04
1294902,111,1616,171.75,12.87,0.99,12.71,58.06
1295173,111,1616,171.21,12.87,0.97,12.49,58.07
1295443,111,1616,170.10,12.86,1.02,13.06,58.06
1295714,111,1616,171.41,12.86,1.02,13.10,58.08
1295985,111,1616,170.61,12.87,0.92,11.89,58.11
1296256,111,1616,169.65,12.86,0.95,12.24,58.12
1296527,111,1616,169.26,12.86,0.89,11.50,58.12
1296797,111,1616,170.32,12.86,0.92,11.78,58.13
1297069,111,1616,172.49,12.86,0.93,11.95,58.13
1297339,111,1616,173.19,12.87,0.87,11.24,58.14
1297610,111,1616,170.97,12.86,0.82,10.51,58.13
1297881,111,1616,170.50,12.86,0.73,9.37,58.13
1298152,111,1616,171.31,12.86,0.79,10.15,58.15
1298422,111,1616,170.08,12.86,0.85,10.96,58.15
1298694,111,1616,169.85,12.86,0.85,10.92,58.17
1298964,111,1616,169.70,12.86,0.78,10.02,58.18
1299234,111,1616,171.97,12.86,0.85,10.93,58.20
1299506,111,1616,169.14,12.86,0.91,11.66,58.21
1299777,111,1616,170.06,12.86,0.86,11.07,58.20
1300047,111,1616,167.96,12.86,0.81,10.36,58.20
1300318,111,1616,166.49,12.86,0.83,10.66,58.20
1300589,111,1616,168.90,12.86,0.84,10.85,58.20
1300859,111,1616,168.49,12.87,0.78,10.06,58.21
1301131,111,1616,168.70,12.87,0.74,9.54,58.22
1301401,111,1616,168.66,12.87,0.70,9.07,58.23
1301672,111,1616,169.13,12.87,0.65,8.36,58.24
1301943,111,1616,166.55,12.87,0.76,9.73,58.24
1302214,111,1616,168.92,12.87,0.81,10.39,58.26
1302484,111,1616,169.22,12.87,0.74,9.55,58.27
1302756,111,1616,168.07,12.87,0.68,8.79,58.27
1303026,111,1616,168.91,12.87,0.73,9.44,58.29
1303298,111,1616,170.18,12.87,0.71,9.18,58.29
1303568,111,1616,169.83,12.87,0.75,9.70,58.29
1303839,111,1616,166.57,12.87,0.69,8.93,58.30
1304110,111,1616,167.58,12.87,0.67,8.61,58.30
1304381,111,1616,170.31,12.87,0.63,8.14,58.31
1304651,111,1616,168.52,12.87,0.61,7.81,58.31
1304922,111,1616,170.78,12.87,0.71,9.13,58.35
1305193,111,1616,172.62,12.87,0.66,8.52,58.36
1305464,111,1616,168.84,12.87,0.69,8.91,58.37
1305735,111,1616,170.97,12.87,0.63,8.13,58.37
1306006,111,1616,172.02,12.87,0.65,8.37,58.37
1306276,111,1616,168.64,12.87,0.59,7.54,58.38
1306548,111,1616,173.08,12.87,0.55,7.08,58.39
1306818,111,1616,173.58,12.87,0.63,8.10,58.39
1307089,111,1616,171.76,12.87,0.60,7.68,58.40
1307360,111,1616,170.22,12.87,0.57,7.30,58.40
1307631,111,1616,174.03,12.87,0.60,7.72,58.41
1307901,111,1616,171.73,12.87,0.67,8.67,58.43
1308173,111,1616,170.99,12.87,0.69,8.86,58.43
1308443,111,1616,169.30,12.87,0.67,8.65,58.44
1308715,111,1616,169.77,12.87,0.68,8.75,58.44
1308985,111,1616,171.16,12.87,0.78,10.07,58.46
1309256,111,1616,168.58,12.87,0.74,9.55,58.46
1309527,111,1616,167.44,12.87,0.82,10.51,58.46
1309798,111,1616,170.79,12.86,0.86,11.09,58.46
1310068,111,1616,170.78,12.86,0.95,12.18,58.47
1310340,111,1616,172.38,12.87,0.87,11.16,58.48
1310610,111,1616,169.09,12.87,0.85,10.91,58.49
1310881,111,1616,168.32,12.87,0.77,9.92,58.50
1311152,111,1616,168.90,12.87,0.73,9.42,58.51
1311423,111,1616,168.93,12.87,0.76,9.72,58.52
1311693,111,1616,169.64,12.87,0.70,8.95,58.52
1311965,111,1616,169.25,12.87,0.66,8.54,58.53
1312235,111,1616,166.29,12.87,0.70,9.03,58.54
1312505,111,1616,170.07,12.87,0.66,8.52,58.54
1312777,111,1616,172.13,12.87,0.61,7.87,58.56
1313047,111,1616,176.32,12.87,0.68,8.80,58.56
1313318,111,1616,173.12,12.87,0.72,9.26,58.56
1313589,111,1616,171.58,12.87,0.69,8.92,58.58
1313860,111,1616,213.37,12.87,0.62,7.94,58.59
1314130,111,1616,173.61,12.87,0.64,8.20,58.61
1314402,111,1616,172.44,12.87,0.62,7.96,58.62
1314672,111,1616,172.37,12.87,0.56,7.27,58.63
1314944,111,1616,172.49,12.87,0.58,7.41,58.66
1315214,111,1616,171.97,12.87,0.68,8.78,58.67
1315485,111,1616,172.95,12.87,0.76,9.72,58.68
1315756,111,1616,174.01,12.87,0.71,9.14,58.68
1316027,111,1616,174.03,12.87,0.72,9.28,58.68
1316297,111,1616,174.71,12.87,0.75,9.69,58.69
1316569,111,1616,174.71,12.87,0.78,10.07,58.71
1316839,111,1616,173.88,12.87,0.78,10.02,58.72
1317110,111,1616,180.02,12.87,0.82,10.55,58.73
1317381,111,1616,213.60,12.87,0.83,10.65,58.75
1317652,111,1616,175.88,12.87,0.78,9.98,58.76
1317922,111,1616,173.74,12.87,0.72,9.27,58.77
1318194,111,1616,176.16,12.87,0.66,8.55,58.78
1318464,111,1616,175.10,12.87,0.66,8.46,58.79
1318735,111,1616,175.72,12.87,0.61,7.82,58.79
1319006,111,1616,175.75,12.87,0.70,8.95,58.80
1319277,111,1616,174.82,12.86,0.77,9.96,58.81
1319547,111,1616,174.79,12.87,0.83,10.69,58.81
1319819,111,1616,176.19,12.86,0.76,9.73,58.83
1320089,111,1616,178.66,12.86,0.74,9.52,58.83
1320360,111,1616,175.12,12.87,0.73,9.44,58.83
1320631,111,1616,175.62,12.86,0.73,9.45,58.84
1320901,111,1616,177.09,12.87,0.69,8.90,58.80
1321172,111,1616,177.70,12.87,0.79,10.21,58.80
1321443,111,1616,177.29,12.87,0.73,9.39,58.82
1321714,111,1616,176.51,12.86,0.80,10.27,58.83
1321986,111,1616,178.16,12.87,0.85,10.97,58.84
1322256,111,1616,178.53,12.87,0.89,11.50,58.86
1322527,111,1616,176.21,12.87,0.90,11.59,58.87
1322798,111,1616,175.07,12.87,0.99,12.73,58.88
1323068,111,1616,177.43,12.87,1.00,12.90,58.90
1323339,111,1616,176.76,12.87,0.95,12.19,58.91
1323610,111,1616,176.33,12.87,0.97,12.50,58.91
1323881,111,1616,176.88,12.87,1.05,13.55,58.92
1324151,111,1616,175.94,12.87,1.07,13.73,58.93
1324423,111,1616,173.64,12.87,1.05,13.51,58.94
1324693,111,1616,174.65,12.87,1.08,13.88,58.96
1324964,111,1616,174.14,12.87,1.10,14.12,58.96
1325235,111,1616,174.43,12.86,1.07,13.76,58.96
1325506,111,1616,172.27,12.86,1.04,13.34,58.97
1325776,111,1616,170.22,12.86,1.02,13.07,58.97
1326047,111,1616,171.36,12.86,1.07,13.77,59.03
1326318,111,1616,173.22,12.86,1.12,14.40,59.04
1326588,111,1616,170.72,12.86,1.09,14.02,59.03
1326860,111,1616,174.05,12.87,1.04,13.39,59.03
1327130,111,1616,170.57,12.86,1.02,13.11,59.04
1327401,111,1616,169.66,12.87,0.92,11.81,59.05
1327672,111,1616,178.55,12.87,0.91,11.68,59.06
1327943,111,1616,210.69,12.87,0.83,10.72,59.06
1328485,112,1622,179.20,12.87,0.86,11.08,59.16
1328755,112,1622,187.63,12.87,0.97,12.46,59.16
1329027,112,1622,189.55,12.86,0.96,12.36,59.17
1329298,112,1622,190.19,12.86,1.02,13.13,59.16
1329568,112,1622,185.83,12.86,1.11,14.30,59.16
1329839,112,1622,185.21,12.86,1.13,14.59,59.16
1330110,112,1622,184.34,12.86,1.20,15.43,59.16
1330381,112,1622,185.46,12.86,1.12,14.46,59.15
1330652,112,1622,185.06,12.86,1.02,13.12,59.16
1330922,112,1622,186.70,12.86,0.99,12.67,59.16
1331193,112,1622,232.84,12.60,2.74,34.50,59.17
1331464,112,1622,187.28,12.62,2.61,32.89,59.18
1331735,112,1622,185.33,12.65,2.36,29.86,59.19
1332005,112,1622,183.45,12.67,2.18,27.58,59.20
1332277,112,1622,185.75,12.69,2.00,25.34,59.21
1332547,112,1622,182.83,12.70,1.89,24.07,59.21
1332818,112,1622,180.11,12.72,1.72,21.89,59.22
1333089,112,1622,179.95,12.73,1.65,20.96,59.22
1333360,112,1622,180.85,12.75,1.57,20.02,59.24
1333630,112,1622,184.01,12.76,1.50,19.08,59.24
1333902,112,1622,185.52,12.77,1.44,18.42,59.26
1334172,112,1622,185.72,12.77,1.38,17.64,59.27
1334444,112,1622,183.84,12.78,1.38,17.60,59.29
1334714,112,1622,225.07,12.44,2.62,32.65,59.30
1334985,112,1622,180.75,12.48,2.52,31.43,59.31
1335256,112,1622,179.89,12.52,2.33,29.21,59.31
1335526,112,1622,180.19,12.55,2.14,26.84,59.32
1335797,112,1622,180.47,12.58,1.96,24.69,59.32
1336068,112,1622,183.14,12.61,1.92,24.23,59.33
1336339,112,1622,179.49,12.63,1.83,23.07,59.34
1336609,112,1622,180.84,12.65,1.82,23.06,59.35
1336881,112,1622,179.90,12.67,1.74,22.01,59.35
1337151,112,1622,182.95,12.69,1.62,20.60,59.36
1337422,112,1622,183.93,12.71,1.52,19.33,59.36
1337693,112,1622,182.33,12.72,1.45,18.46,59.38
1337964,112,1622,178.73,12.73,1.39,17.68,59.40
1338234,112,1622,183.33,12.74,1.38,17.53,59.41
1338506,112,1622,187.53,12.75,1.29,16.46,59.42
1338776,112,1622,185.58,12.76,1.24,15.87,59.44
1339047,112,1622,184.82,12.77,1.28,16.29,59.43
1339318,112,1622,183.60,12.78,1.31,16.76,59.44
1339589,112,1622,185.46,12.78,1.28,16.42,59.45
1339859,112,1622,183.64,12.79,1.29,16.50,59.46
1340131,112,1622,182.81,12.80,1.33,17.05,59.47
1340401,112,1622,181.11,12.80,1.30,16.59,59.48
1340673,112,1622,176.30,12.80,1.20,15.32,59.48
1340943,112,1622,179.26,12.81,1.09,14.00,59.49
1341214,112,1622,178.97,12.82,1.01,12.99,59.50
1341485,112,1622,179.32,12.82,0.98,12.56,59.50
1341756,112,1622,179.34,12.82,1.07,13.68,59.52
1342026,112,1622,181.81,12.83,0.99,12.71,59.52
1342298,112,1622,176.20,12.83,1.05,13.44,59.52
1342568,112,1622,174.77,12.83,1.05,13.53,59.52
1342838,112,1622,174.86,12.83,1.02,13.05,59.53
1343110,112,1622,174.70,12.83,0.92,11.85,59.54
1343380,112,1622,173.12,12.83,1.02,13.14,59.54
1343651,112,1622,175.72,12.84,0.97,12.41,59.56
1343923,112,1622,175.97,12.84,0.91,11.66,59.54
1344193,112,1622,172.27,12.84,0.86,11.07,59.55
1344463,112,1622,173.20,12.85,0.81,10.45,59.57
1344735,112,1622,173.47,12.85,0.80,10.27,59.58
1345005,112,1622,173.55,12.85,0.81,10.40,59.59
1345276,112,1622,178.54,12.85,0.77,9.84,59.60
1345547,112,1622,183.17,12.85,0.76,9.82,59.62
1345818,112,1622,183.79,12.85,0.75,9.70,59.62
1346088,112,1622,181.18,12.85,0.81,10.36,59.64
1346360,112,1622,181.96,12.85,0.82,10.57,59.65
1346630,112,1622,183.16,12.85,0.79,10.19,59.66
1346902,112,1622,186.50,12.85,0.77,9.84,59.67
1347172,112,1622,187.60,12.85,0.79,10.10,59.68
1347443,112,1622,187.10,12.85,0.83,10.62,59.69
1347714,112,1622,187.09,12.85,0.77,9.95,59.71
1347985,112,1622,189.04,12.85,0.78,10.01,59.72
1348255,112,1622,187.02,12.85,0.78,9.97,59.73
1348527,112,1622,186.54,12.85,0.77,9.84,59.74
1348797,112,1622,185.21,12.85,0.77,9.91,59.74
1349068,112,1622,186.32,12.85,0.77,9.88,59.78
1349339,112,1622,184.70,12.86,0.71,9.09,59.70
1349610,112,1622,185.08,12.85,0.71,9.15,59.71
1349880,112,1622,182.37,12.85,0.78,10.05,59.71
1350152,112,1622,181.34,12.85,0.82,10.57,59.73
1350422,112,1622,179.07,12.85,0.77,9.90,59.74
1350693,112,1622,181.00,12.85,0.78,9.97,59.75
1350964,112,1622,181.04,12.85,0.78,10.03,59.76
1351235,112,1622,178.58,12.85,0.78,9.98,59.77
1351505,112,1622,181.24,12.85,0.88,11.28,59.79
1351776,112,1622,183.29,12.85,0.89,11.49,59.81
1352047,112,1622,184.01,12.85,0.89,11.40,59.82
1352317,112,1622,184.56,12.85,0.86,11.03,59.81
1352589,112,1622,184.20,12.85,0.81,10.41,59.82
1352859,112,1622,184.77,12.85,0.85,10.90,59.84
1353131,112,1622,182.68,12.84,0.94,12.10,59.85
1353401,112,1622,183.46,12.85,0.98,12.61,59.87
1353672,112,1622,184.97,12.85,0.93,11.93,59.89
1353943,112,1622,184.36,12.85,0.87,11.22,59.94
1354214,112,1622,182.98,12.85,0.82,10.49,59.94
1354484,112,1622,182.77,12.85,0.91,11.73,59.96
1354756,112,1622,179.39,12.85,0.98,12.56,59.94
1355026,112,1622,181.44,12.85,0.93,11.89,59.96
1355297,112,1622,180.01,12.85,1.01,12.99,59.97
1355568,112,1622,184.65,12.85,0.95,12.17,59.98
1355839,112,1622,183.49,12.85,0.89,11.44,59.99
1356109,112,1622,181.51,12.85,0.95,12.21,60.00
1356381,112,1622,182.86,12.85,0.95,12.23,60.01
1356651,112,1622,185.49,12.84,0.89,11.49,60.02
1356922,112,1622,185.89,12.85,0.92,11.78,60.03
1357193,112,1622,183.69,12.85,0.96,12.33,60.05
1357464,112,1622,181.61,12.85,0.89,11.48,60.06
1357734,112,1622,184.29,12.85,0.84,10.82,60.07
1358006,112,1622,186.83,12.85,0.89,11.46,60.07
1358276,112,1622,185.57,12.85,0.91,11.75,60.07
1358546,112,1622,185.59,12.85,0.99,12.77,60.09
1358818,112,1622,184.07,12.85,1.04,13.40,60.10
1359088,112,1622,184.63,12.85,0.96,12.36,60.11
1359360,112,1622,183.84,12.85,0.92,11.80,60.12
1359630,112,1622,182.85,12.85,0.95,12.15,60.12
1359901,112,1622,184.12,12.85,0.96,12.37,60.13
1360172,112,1622,183.15,12.85,0.90,11.52,60.14
1360443,112,1622,181.12,12.85,0.86,11.05,60.14
1360713,112,1622,181.95,12.85,0.82,10.52,60.14
1360985,112,1622,185.32,12.85,0.84,10.81,60.15
1361256,112,1622,183.93,12.85,0.77,9.93,60.16
1361526,112,1622,184.20,12.85,0.73,9.42,60.17
1361797,112,1622,184.94,12.85,0.82,10.58,60.17
1362068,112,1622,186.62,12.85,0.79,10.20,60.18
1362339,112,1622,187.95,12.85,0.78,10.05,60.18
1362610,112,1622,188.93,12.85,0.79,10.10,60.20
1362881,112,1622,188.53,12.85,0.80,10.33,60.22
1363151,112,1622,187.96,12.85,0.91,11.69,60.23
1363423,112,1622,187.81,12.85,0.85,10.91,60.24
1363693,112,1622,189.74,12.85,0.77,9.92,60.26
1363963,112,1622,187.74,12.85,0.75,9.60,60.27
1364235,112,1622,190.47,12.85,0.77,9.89,60.28
1364505,112,1622,192.86,12.85,0.90,11.57,60.28
1364776,112,1622,192.10,12.85,0.90,11.57,60.29
1365047,112,1622,190.16,12.85,0.94,12.13,60.30
1365318,112,1622,196.08,12.85,1.02,13.11,60.32
1365588,112,1622,193.92,12.85,0.95,12.19,60.41
1365860,112,1622,196.73,12.85,1.02,13.07,60.42
1366130,112,1622,194.57,12.85,1.07,13.77,60.41
1366402,112,1622,193.97,12.85,1.12,14.40,60.42
1366672,112,1622,190.09,12.85,1.13,14.49,60.41
1366943,112,1622,193.70,12.85,1.11,14.29,60.42
1367214,112,1622,195.85,12.85,1.02,13.06,60.43
1367485,112,1622,193.83,12.85,0.96,12.33,60.44
1367755,112,1622,195.40,12.85,0.90,11.59,60.44
1368027,112,1622,191.76,12.85,0.83,10.72,60.45
1368297,112,1622,194.57,12.86,0.93,11.95,60.47
1368568,112,1622,193.27,12.86,0.90,11.52,60.47
1368839,112,1622,190.08,12.86,0.83,10.66,60.47
1369109,112,1622,188.30,12.86,0.83,10.65,60.45
1369380,112,1622,187.07,12.86,0.91,11.69,60.47
1369651,112,1622,187.58,12.86,0.87,11.20,60.47
1369922,112,1622,189.60,12.85,0.95,12.18,60.50
1370192,112,1622,186.28,12.85,0.91,11.73,60.51
1370464,112,1622,183.86,12.85,0.85,10.95,60.53
1370734,112,1622,186.18,12.86,0.78,10.05,60.54
1371005,112,1622,183.76,12.86,0.86,11.06,60.55
1371277,112,1622,186.36,12.86,0.87,11.20,60.56
1371547,112,1622,188.11,12.86,0.79,10.18,60.56
1371819,112,1622,185.74,12.86,0.91,11.75,60.57
1372089,112,1622,185.99,12.86,0.95,12.20,60.58
1372360,112,1622,183.48,12.86,0.93,11.94,60.58
1372631,112,1622,182.43,12.86,1.01,12.94,60.59
1372901,112,1622,186.78,12.86,1.04,13.37,60.59
1373172,112,1622,218.73,12.86,1.08,13.85,60.60
1373443,112,1622,182.05,12.86,1.00,12.85,60.61
1373714,112,1622,180.33,12.86,0.97,12.53,60.63
1373984,112,1622,180.81,12.86,0.91,11.67,60.64
1374256,112,1622,182.25,12.86,0.92,11.84,60.66
1374526,112,1622,178.20,12.86,0.98,12.57,60.66
1374797,112,1622,181.15,12.85,0.98,12.65,60.67
1375068,112,1622,181.90,12.85,1.06,13.59,60.68
1375339,112,1622,185.13,12.85,1.11,14.33,60.69
1375609,112,1622,180.73,12.85,1.16,14.90,60.64
1375881,112,1622,179.55,12.85,1.16,14.85,60.65
1376151,112,1622,179.78,12.85,1.19,15.28,60.67
1376422,112,1622,179.69,12.85,1.09,13.95,60.68
1376693,112,1622,180.50,12.85,1.14,14.66,60.70
1376964,112,1622,183.66,12.85,1.13,14.53,60.71
1377234,112,1622,180.76,12.85,1.08,13.94,60.73
1377506,112,1622,180.24,12.85,1.02,13.13,60.75
1377776,112,1622,179.14,12.85,0.97,12.49,60.76
1378048,112,1622,177.42,12.86,0.89,11.44,60.78
1378318,112,1622,175.61,12.86,0.82,10.50,60.79
1378589,112,1622,179.54,12.86,0.91,11.74,60.80
1378860,112,1622,180.47,12.86,0.97,12.48,60.81
1379131,112,1622,181.16,12.86,0.89,11.43,60.82
1379401,112,1622,180.37,12.86,0.93,11.91,60.83
1379672,112,1622,180.35,12.85,0.98,12.63,60.84
1379943,112,1622,179.89,12.85,0.94,12.14,60.85
1380213,112,1622,179.93,12.86,0.88,11.32,60.87
1380485,112,1622,178.43,12.85,0.93,12.00,60.87
1380755,112,1622,179.48,12.85,1.00,12.90,60.87
1381026,112,1622,185.73,12.85,0.99,12.67,60.90
1381297,112,1622,183.42,12.85,1.04,13.31,60.92
1381568,112,1622,183.51,12.85,1.03,13.22,60.92
1381838,112,1622,181.34,12.85,0.96,12.29,60.92
1382110,112,1622,179.25,12.85,0.94,12.03,60.93
1382380,112,1622,181.34,12.85,0.99,12.74,60.94
1382650,112,1622,180.48,12.86,0.99,12.71,60.95
1382922,112,1622,180.47,12.85,1.02,13.06,60.96
1383192,112,1622,179.51,12.85,1.04,13.38,60.97
1383463,112,1622,181.87,12.85,1.08,13.86,60.98
1383734,112,1622,179.60,12.86,0.97,12.49,60.98
1384005,112,1622,178.30,12.86,1.04,13.34,60.99
1384275,112,1622,176.79,12.86,0.97,12.50,61.00
1384547,112,1622,176.85,12.86,1.03,13.26,61.00
1384817,112,1622,177.97,12.86,1.06,13.65,61.01
1385089,112,1622,176.46,12.86,0.99,12.77,61.01
1385359,112,1622,181.27,12.86,0.98,12.64,61.03
1385630,112,1622,180.10,12.86,0.93,11.96,61.03
1385901,112,1622,180.27,12.86,0.90,11.54,61.03
1386172,112,1622,179.39,12.86,0.96,12.30,61.03
1386442,112,1622,182.68,12.86,0.92,11.84,61.03
1386714,112,1622,180.31,12.86,1.00,12.85,61.05
1386984,112,1622,178.82,12.86,0.93,11.96,61.06
1387255,112,1622,180.29,12.86,0.89,11.44,61.07
1387526,112,1622,180.98,12.86,0.93,12.01,61.08
1387797,112,1622,183.66,12.86,1.00,12.82,61.09
1388067,112,1622,182.21,12.86,0.92,11.83,61.09
1388609,113,1627,185.95,12.86,0.82,10.57,61.09
1388880,113,1627,193.99,12.86,0.87,11.14,61.10
1389151,113,1627,193.83,12.86,0.80,10.32,61.11
1389422,113,1627,194.15,12.86,0.76,9.78,61.13
1389692,113,1627,194.31,12.86,0.82,10.52,61.15
1389964,113,1627,194.59,12.86,0.81,10.43,61.15
1390234,113,1627,192.52,12.86,0.82,10.54,61.16
1390505,113,1627,197.45,12.85,0.76,9.78,61.17
1390776,113,1627,198.75,12.85,0.85,10.90,61.19
1391047,113,1627,194.88,12.85,0.97,12.48,61.20
1391318,113,1627,192.93,12.85,0.99,12.67,61.20
1391589,113,1627,198.31,12.85,1.09,13.98,61.21
1391859,113,1627,195.24,12.84,1.02,13.06,61.15
1392130,113,1627,196.44,12.84,1.00,12.90,61.17
1392401,113,1627,197.28,12.84,1.07,13.72,61.18
1392671,113,1627,199.48,12.84,1.09,13.97,61.20
1392943,113,1627,197.03,12.84,1.04,13.34,61.21
1393213,113,1627,200.45,12.84,1.11,14.30,61.22
1393484,113,1627,202.35,12.84,1.05,13.45,61.23
1393755,113,1627,198.61,12.84,1.05,13.44,61.24
1394026,113,1627,198.65,12.84,1.16,14.96,61.25
1394296,113,1627,203.60,12.84,1.12,14.32,61.25
1394567,113,1627,202.95,12.84,1.20,15.37,61.26
1394838,113,1627,202.82,12.84,1.25,16.03,61.27
1395108,113,1627,202.89,12.84,1.20,15.39,61.29
1395380,113,1627,203.10,12.84,1.29,16.51,61.29
1395650,113,1627,204.49,12.83,1.25,16.11,61.31
1395921,113,1627,202.84,12.84,1.14,14.70,61.32
1396192,113,1627,201.35,12.84,1.21,15.52,61.33
1396463,113,1627,196.36,12.84,1.16,14.83,61.35
1396733,113,1627,197.98,12.84,1.22,15.64,61.36
1397005,113,1627,195.43,12.84,1.19,15.22,61.37
1397275,113,1627,196.22,12.83,1.25,15.99,61.38
1397547,113,1627,196.75,12.83,1.20,15.44,61.38
1397817,113,1627,191.98,12.83,1.14,14.67,61.39
1398088,113,1627,190.60,12.84,1.18,15.21,61.40
1398359,113,1627,194.34,12.84,1.09,13.98,61.40
1398630,113,1627,194.67,12.84,1.09,14.02,61.41
1398900,113,1627,194.70,12.84,1.00,12.82,61.41
1399171,113,1627,194.92,12.84,0.96,12.31,61.42
1399442,113,1627,194.07,12.85,0.95,12.23,61.42
1399712,113,1627,197.76,12.84,0.92,11.87,61.42
1399984,113,1627,195.13,12.84,0.97,12.50,61.43
1400254,113,1627,194.11,12.84,0.91,11.64,61.43
1400525,113,1627,194.94,12.85,0.89,11.44,61.45
1400796,113,1627,191.34,12.84,0.91,11.73,61.46
1401067,113,1627,193.55,12.84,1.01,13.03,61.46
1401337,113,1627,195.96,12.84,0.99,12.69,61.47
1401609,113,1627,195.21,12.84,1.06,13.61,61.49
1401879,113,1627,195.14,12.84,1.08,13.88,61.50
1402150,113,1627,192.92,12.84,1.07,13.74,61.51
1402421,113,1627,192.50,12.84,1.14,14.65,61.51
1402692,113,1627,193.91,12.84,1.21,15.48,61.52
1402962,113,1627,192.95,12.84,1.13,14.51,61.58
1403234,113,1627,191.49,12.84,1.14,14.59,61.59
1403504,113,1627,195.13,12.84,1.10,14.09,61.59
1403774,113,1627,196.52,12.84,1.08,13.83,61.59
1404046,113,1627,195.35,12.84,0.98,12.55,61.60
1404316,113,1627,191.71,12.85,1.04,13.40,61.61
1404588,113,1627,193.81,12.84,0.96,12.35,61.61
1404858,113,1627,192.68,12.84,0.91,11.70,61.62
1405129,113,1627,190.11,12.85,1.00,12.82,61.63
1405400,113,1627,192.27,12.84,1.11,14.21,61.64
1405671,113,1627,193.05,12.84,1.06,13.65,61.64
1405941,113,1627,196.19,12.84,0.98,12.58,61.66
1406213,113,1627,191.42,12.84,0.96,12.28,61.67
1406483,113,1627,194.01,12.84,0.92,11.82,61.67
1406753,113,1627,188.32,12.84,0.85,10.94,61.68
1407025,113,1627,191.58,12.85,0.81,10.42,61.68
1407295,113,1627,190.10,12.85,0.89,11.39,61.69
1407566,113,1627,188.20,12.85,0.91,11.69,61.69
1407837,113,1627,187.62,12.85,0.98,12.62,61.70
1408108,113,1627,188.03,12.84,1.07,13.74,61.71
1408378,113,1627,188.75,12.84,1.04,13.42,61.73
1408650,113,1627,185.91,12.85,0.99,12.66,61.73
1408920,113,1627,189.09,12.85,0.92,11.88,61.73
1409191,113,1627,190.63,12.85,0.92,11.84,61.74
1409462,113,1627,186.72,12.85,0.97,12.47,61.74
1409733,113,1627,188.30,12.85,0.89,11.43,61.75
1410003,113,1627,190.18,12.85,0.85,10.86,61.76
1410275,113,1627,184.80,12.85,0.76,9.79,61.78
1410545,113,1627,187.33,12.85,0.74,9.48,61.77
1410816,113,1627,188.53,12.85,0.74,9.50,61.78
1411087,113,1627,189.60,12.85,0.84,10.84,61.76
1411357,113,1627,192.27,12.85,0.90,11.57,61.77
1411629,113,1627,189.94,12.85,0.86,10.99,61.78
1411899,113,1627,190.12,12.85,0.92,11.80,61.79
1412170,113,1627,194.64,12.84,0.90,11.58,61.80
1412441,113,1627,221.89,12.85,0.92,11.76,61.80
1412712,113,1627,189.30,12.84,1.02,13.16,61.81
1412982,113,1627,187.83,12.84,1.07,13.76,61.82
1413254,113,1627,191.31,12.85,1.00,12.87,61.82
1413524,113,1627,189.78,12.84,1.07,13.68,61.83
1413795,113,1627,191.14,12.85,1.10,14.13,61.82
1414066,113,1627,190.26,12.85,1.17,15.01,61.82
1414337,113,1627,191.03,12.85,1.12,14.37,61.83
1414607,113,1627,190.16,12.85,1.12,14.37,61.83
1414879,113,1627,190.86,12.85,1.10,14.08,61.83
1415149,113,1627,189.13,12.84,1.05,13.44,61.84
1415420,113,1627,192.31,12.85,0.99,12.68,61.84
1415691,113,1627,191.08,12.85,0.91,11.71,61.84
1415962,113,1627,190.74,12.84,0.95,12.16,61.84
1416232,113,1627,189.94,12.85,0.93,11.91,61.85
1416503,113,1627,194.41,12.85,1.06,13.58,61.86
1416774,113,1627,193.26,12.85,1.01,12.99,61.88
1417044,113,1627,195.85,12.85,1.03,13.22,61.89
1417316,113,1627,194.62,12.85,0.96,12.29,61.89
1417586,113,1627,194.78,12.84,0.94,12.11,61.90
1417858,113,1627,195.55,12.84,0.92,11.86,61.89
1418128,113,1627,192.40,12.85,0.85,10.97,61.91
1418399,113,1627,192.58,12.85,0.92,11.79,61.90
1418670,113,1627,194.29,12.85,0.98,12.61,61.91
1418941,113,1627,191.68,12.84,1.05,13.55,61.91
1419211,113,1627,202.16,12.82,1.39,17.78,61.92
1419483,113,1627,193.90,12.82,1.31,16.77,61.91
1419753,113,1627,192.89,12.83,1.32,16.91,61.92
1420024,113,1627,191.62,12.83,1.25,16.08,61.93
1420295,113,1627,192.01,12.83,1.16,14.87,61.94
1420566,113,1627,195.02,12.83,1.08,13.87,61.94
1420836,113,1627,194.73,12.83,1.14,14.58,61.95
1421108,113,1627,194.32,12.83,1.22,15.60,61.95
1421378,113,1627,195.09,12.83,1.22,15.67,61.96
1421649,113,1627,194.92,12.83,1.14,14.59,61.95
1421920,113,1627,196.65,12.84,1.14,14.66,61.96
1422191,113,1627,197.98,12.83,1.07,13.77,61.96
1422461,113,1627,195.58,12.84,1.07,13.73,61.96
1422733,113,1627,201.61,12.83,1.12,14.35,61.97
1423003,113,1627,194.02,12.83,1.12,14.35,61.97
1423275,113,1627,196.50,12.83,1.10,14.07,61.97
1423545,113,1627,194.15,12.83,1.12,14.38,61.98
1423816,113,1627,200.47,12.83,1.17,14.95,61.98
1424087,113,1627,193.98,12.84,1.09,13.94,61.98
1424358,113,1627,197.80,12.84,1.04,13.32,61.98
1424628,113,1627,197.75,12.84,1.06,13.61,62.00
1424900,113,1627,198.19,12.84,1.13,14.54,62.00
1425170,113,1627,195.86,12.84,1.06,13.57,62.01
1425440,113,1627,195.64,12.84,1.00,12.79,62.01
1425712,113,1627,197.41,12.84,0.96,12.38,62.01
1425982,113,1627,195.11,12.84,0.89,11.44,62.02
1426253,113,1627,195.23,12.84,1.03,13.25,62.04
1426524,113,1627,198.20,12.84,1.13,14.50,62.03
1426795,113,1627,199.32,12.84,1.06,13.63,62.03
1427065,113,1627,198.63,12.84,0.98,12.56,62.04
1427337,113,1627,196.30,12.84,1.00,12.83,62.04
1427607,113,1627,197.04,12.84,1.06,13.65,62.05
1427878,113,1627,197.29,12.84,0.99,12.77,62.06
1428149,113,1627,195.01,12.84,1.00,12.83,62.06
1428420,113,1627,193.33,12.84,1.01,12.99,62.11
1428690,113,1627,196.36,12.84,1.05,13.50,62.12
1428962,113,1627,194.17,12.84,1.04,13.40,62.12
1429232,113,1627,195.21,12.84,1.05,13.49,62.12
1429504,113,1627,193.53,12.84,0.99,12.72,62.12
1429774,113,1627,198.84,12.84,1.01,12.98,62.12
1430044,113,1627,231.15,12.84,0.94,12.07,62.18
1430316,113,1627,190.68,12.84,0.88,11.35,62.18
1430586,113,1627,191.97,12.84,0.97,12.50,62.17
1430857,113,1627,191.15,12.84,0.97,12.50,62.17
1431128,113,1627,189.24,12.84,1.07,13.73,62.17
1431399,113,1627,190.40,12.84,1.00,12.84,62.16
1431669,113,1627,189.96,12.84,1.03,13.28,62.16
1431941,113,1627,190.63,12.84,1.06,13.57,62.16
1432211,113,1627,190.35,12.84,1.00,12.80,62.16
1432482,113,1627,192.10,12.84,0.95,12.19,62.16
1432753,113,1627,195.20,12.84,0.98,12.60,62.17
1433024,113,1627,195.89,12.84,1.02,13.15,62.16
1433294,113,1627,196.64,12.84,0.95,12.23,62.16
1433566,113,1627,228.52,12.84,0.88,11.30,62.17
1433836,113,1627,194.24,12.84,0.84,10.85,62.18
1434106,113,1627,190.45,12.84,0.89,11.39,62.18
1434378,113,1627,191.54,12.84,0.89,11.40,62.18
1434648,113,1627,192.29,12.84,0.95,12.17,62.19
1434919,113,1627,193.24,12.84,0.95,12.19,62.19
1435190,113,1627,191.04,12.84,0.96,12.31,62.20
1435461,113,1627,195.12,12.84,0.93,11.95,62.20
1435731,113,1627,196.43,12.84,0.91,11.71,62.20
1436003,113,1627,194.24,12.84,0.95,12.17,62.20
1436273,113,1627,195.48,12.84,1.05,13.43,62.21
1436545,113,1627,194.08,12.84,1.10,14.09,62.25
1436815,113,1627,195.24,12.84,1.03,13.17,62.26
1437086,113,1627,195.03,12.84,0.96,12.33,62.33
1437357,113,1627,198.24,12.84,1.04,13.30,62.32
1437628,113,1627,195.49,12.84,0.97,12.45,62.30
1437898,113,1627,197.71,12.83,0.96,12.35,62.30
1438170,113,1627,201.28,12.83,0.92,11.79,62.30
1438440,113,1627,198.13,12.84,0.92,11.76,62.30
1438711,113,1627,198.01,12.84,0.88,11.26,62.29
1438982,113,1627,200.63,12.84,0.87,11.19,62.33
1439253,113,1627,199.42,12.84,0.79,10.18,62.34
1439523,113,1627,193.61,12.84,0.78,10.03,62.35
1439795,113,1627,193.41,12.85,0.73,9.41,62.34
1440065,113,1627,192.22,12.85,0.77,9.91,62.35
1440335,113,1627,195.27,12.85,0.76,9.78,62.35
1440607,113,1627,197.01,12.84,0.86,11.00,62.35
1440877,113,1627,197.15,12.84,0.83,10.67,62.35
1441148,113,1627,199.44,12.84,0.83,10.66,62.36
1441419,113,1627,193.34,12.85,0.81,10.36,62.35
1441690,113,1627,193.83,12.85,0.89,11.43,62.36
1441960,113,1627,196.97,12.85,0.94,12.10,62.36
1442232,113,1627,200.49,12.85,0.98,12.62,62.37
1442502,113,1627,199.94,12.85,0.93,11.93,62.37
1442774,113,1627,200.95,12.85,0.87,11.22,62.36
1443045,113,1627,200.60,12.85,0.84,10.78,62.37
1443315,113,1627,200.89,12.85,0.79,10.18,62.37
1443586,113,1627,200.90,12.85,0.86,11.07,62.40
1443857,113,1627,201.58,12.84,0.95,12.16,62.40
1444127,113,1627,194.14,12.84,0.93,11.90,62.41
1444399,113,1627,189.12,12.84,0.89,11.39,62.41
1444669,113,1627,180.66,12.84,0.92,11.78,62.43
1444940,113,1627,178.73,12.84,0.91,11.65,62.43
1445211,113,1627,180.84,12.84,0.97,12.40,62.43
1445482,113,1627,175.27,12.84,0.94,12.12,62.43
1445752,113,1627,177.16,12.84,0.89,11.49,62.43
1446024,113,1627,179.93,12.84,0.97,12.43,62.43
1446294,113,1627,183.57,12.84,0.97,12.44,62.42
1446565,113,1627,190.53,12.84,0.96,12.34,62.42
1446836,113,1627,190.55,12.84,0.99,12.73,62.44
1447107,113,1627,194.00,12.83,1.07,13.75,62.45
1447377,113,1627,192.44,12.84,1.08,13.90,62.46
1447648,113,1627,189.03,12.84,1.13,14.52,62.45
1447919,113,1627,188.57,12.84,1.10,14.12,62.46
1448189,113,1627,186.61,12.84,1.01,12.91,62.47
1448731,114,1633,204.19,12.84,0.97,12.44,62.49
1449003,114,1633,214.05,12.84,0.94,12.05,62.48
1449273,114,1633,217.02,12.84,0.90,11.52,62.49
1449544,114,1633,219.93,12.84,0.85,10.85,62.51
1449815,114,1633,219.01,12.84,0.78,9.97,62.51
1450086,114,1633,220.65,12.84,0.85,10.88,62.51
1450356,114,1633,221.87,12.83,0.89,11.41,62.53
1450628,114,1633,220.12,12.83,0.85,10.94,62.53
1450898,114,1633,222.11,12.83,0.82,10.52,62.55
1451168,114,1633,253.51,12.83,0.85,10.90,62.56
1451440,114,1633,216.95,12.83,0.82,10.49,62.56
1451710,114,1633,220.84,12.83,0.83,10.68,62.57
1451981,114,1633,220.23,12.83,0.85,10.95,62.58
1452252,114,1633,218.76,12.83,0.99,12.72,62.59
1452523,114,1633,217.89,12.83,1.15,14.78,62.60
1452793,114,1633,219.62,12.83,1.10,14.16,62.61
1453065,114,1633,218.40,12.83,1.01,12.94,62.62
1453335,114,1633,218.62,12.83,1.03,13.27,62.63
1453606,114,1633,218.26,12.83,1.02,13.10,62.62
1453877,114,1633,216.45,12.83,0.97,12.46,62.63
1454148,114,1633,217.12,12.83,0.97,12.46,62.63
1454418,114,1633,220.54,12.83,0.99,12.74,62.64
1454690,114,1633,244.69,12.83,0.98,12.52,62.67
1454960,114,1633,211.41,12.83,0.98,12.61,62.67
1455230,114,1633,210.15,12.83,0.94,12.02,62.67
1455502,114,1633,209.77,12.83,0.95,12.16,62.67
1455772,114,1633,209.30,12.83,0.92,11.80,62.69
1456044,114,1633,209.98,12.83,0.99,12.72,62.69
1456314,114,1633,208.16,12.82,1.05,13.45,62.70
1456585,114,1633,211.89,12.82,1.00,12.87,62.70
1456856,114,1633,212.07,12.82,1.08,13.87,62.71
1457126,114,1633,215.53,12.82,1.17,14.96,62.71
1457397,114,1633,211.80,12.82,1.21,15.46,62.72
1457668,114,1633,211.79,12.82,1.14,14.60,62.72
1457939,114,1633,213.22,12.82,1.10,14.09,62.73
1458209,114,1633,253.72,12.82,1.14,14.59,62.74
1458481,114,1633,216.93,12.82,1.26,16.18,62.75
1458751,114,1633,212.15,12.82,1.21,15.52,62.74
1459022,114,1633,216.00,12.82,1.18,15.11,62.75
1459293,114,1633,212.01,12.82,1.18,15.13,62.76
1459564,114,1633,215.36,12.82,1.11,14.19,62.76
1459835,114,1633,213.76,12.82,1.15,14.69,62.77
1460106,114,1633,211.76,12.82,1.11,14.27,62.77
1460377,114,1633,205.18,12.82,1.03,13.23,62.78
1460647,114,1633,209.01,12.83,0.97,12.49,62.78
1460919,114,1633,210.69,12.83,1.01,12.96,62.79
1461189,114,1633,210.23,12.82,1.12,14.42,62.79
1461459,114,1633,217.63,12.82,1.14,14.60,62.79
1461731,114,1633,240.55,12.82,1.13,14.48,62.81
1462002,114,1633,203.18,12.82,1.07,13.71,62.84
1462273,114,1633,202.67,12.82,1.18,15.19,62.85
1462544,114,1633,201.98,12.82,1.21,15.48,62.86
1462814,114,1633,200.37,12.82,1.21,15.46,62.86
1463086,114,1633,201.76,12.82,1.13,14.49,62.85
1463356,114,1633,202.24,12.82,1.08,13.81,62.85
1463627,114,1633,198.39,12.82,1.09,13.96,62.86
1463898,114,1633,204.06,12.82,1.07,13.71,62.87
1464169,114,1633,203.03,12.82,1.17,15.00,62.88
1464439,114,1633,203.95,12.82,1.08,13.80,62.89
1464711,114,1633,200.80,12.82,1.07,13.66,62.90
1464981,114,1633,198.88,12.82,1.00,12.88,62.90
1465252,114,1633,201.46,12.82,1.03,13.21,62.91
1465523,114,1633,201.66,12.82,1.04,13.32,62.93
1465794,114,1633,202.70,12.82,1.15,14.75,62.93
1466064,114,1633,203.46,12.82,1.13,14.43,62.93
1466336,114,1633,204.33,12.82,1.10,14.13,62.95
1466606,114,1633,203.95,12.82,1.16,14.81,62.96
1466877,114,1633,205.14,12.82,1.24,15.90,62.96
1467148,114,1633,205.83,12.82,1.12,14.32,62.96
1467419,114,1633,202.05,12.82,1.04,13.28,62.98
1467689,114,1633,203.42,12.82,1.09,13.95,62.99
1467961,114,1633,204.90,12.82,1.08,13.90,63.00
1468231,114,1633,202.94,12.82,1.09,14.03,63.00
1468503,114,1633,205.58,12.82,1.11,14.25,63.01
1468773,114,1633,199.29,12.82,1.18,15.11,63.01
1469044,114,1633,196.38,12.82,1.18,15.13,63.02
1469315,114,1633,197.45,12.82,1.11,14.20,63.03
1469586,114,1633,198.30,12.82,1.08,13.83,63.08
1469856,114,1633,200.25,12.82,1.07,13.69,63.08
1470127,114,1633,202.01,12.82,1.12,14.42,63.08
1470398,114,1633,202.39,12.82,1.11,14.22,63.08
1470668,114,1633,201.95,12.82,1.10,14.04,63.08
1470940,114,1633,203.23,12.83,1.03,13.22,63.09
1471210,114,1633,202.17,12.82,1.17,14.94,63.09
1471481,114,1633,203.09,12.82,1.18,15.07,63.09
1471752,114,1633,201.63,12.82,1.22,15.66,63.09
1472023,114,1633,199.44,12.82,1.13,14.48,63.09
1472293,114,1633,201.39,12.82,1.19,15.23,63.09
1472565,114,1633,202.96,12.83,1.17,15.05,63.09
1472835,114,1633,200.30,12.83,1.10,14.12,63.10
1473106,114,1633,199.41,12.83,1.07,13.67,63.12
1473377,114,1633,201.36,12.83,1.03,13.16,63.13
1473648,114,1633,201.65,12.82,1.06,13.56,63.14
1473918,114,1633,205.42,12.82,1.08,13.83,63.15
1474190,114,1633,206.02,12.82,1.22,15.59,63.14
1474460,114,1633,202.47,12.82,1.34,17.17,63.15
1474732,114,1633,202.31,12.82,1.32,16.89,63.16
1475002,114,1633,204.86,12.83,1.25,16.07,63.17
1475273,114,1633,203.20,12.83,1.24,15.89,63.17
1475544,114,1633,204.39,12.83,1.36,17.45,63.18
1475815,114,1633,204.09,12.82,1.37,17.51,63.20
1476085,114,1633,205.26,12.82,1.33,17.00,63.20
1476356,114,1633,207.15,12.82,1.33,17.11,63.22
1476627,114,1633,204.50,12.82,1.39,17.88,63.22
1476897,114,1633,203.26,12.83,1.38,17.72,63.22
1477169,114,1633,205.33,12.83,1.28,16.44,63.22
1477439,114,1633,203.56,12.83,1.29,16.61,63.24
1477710,114,1633,201.84,12.83,1.32,16.95,63.25
1477981,114,1633,205.21,12.83,1.43,18.39,63.26
1478252,114,1633,206.38,12.83,1.32,16.94,63.27
1478522,114,1633,205.75,12.82,1.32,16.87,63.28
1478794,114,1633,203.90,12.82,1.34,17.18,63.29
1479064,114,1633,202.97,12.82,1.44,18.42,63.30
1479335,114,1633,200.49,12.83,1.32,16.87,63.31
1479606,114,1633,203.52,12.82,1.43,18.33,63.31
1479876,114,1633,202.62,12.83,1.50,19.26,63.32
1480147,114,1633,202.89,12.83,1.38,17.72,63.32
1480418,114,1633,205.57,12.82,1.47,18.90,63.34
1480689,114,1633,205.49,12.82,1.53,19.58,63.36
1480960,114,1633,204.51,12.83,1.47,18.87,63.36
1481231,114,1633,200.09,12.82,1.53,19.65,63.36
1481501,114,1633,202.02,12.83,1.56,19.97,63.38
1481773,114,1633,203.90,12.83,1.43,18.37,63.37
1482043,114,1633,203.55,12.83,1.33,17.11,63.37
1482314,114,1633,208.23,12.83,1.39,17.78,63.39
1482585,114,1633,209.10,12.83,1.29,16.49,63.41
1482856,114,1633,208.58,12.83,1.36,17.41,63.42
1483126,114,1633,206.80,12.83,1.32,16.91,63.43
1483398,114,1633,205.67,12.82,1.44,18.46,63.44
1483668,114,1633,210.29,12.83,1.40,17.95,63.43
1483939,114,1633,210.22,12.83,1.27,16.26,63.44
1484210,114,1633,207.84,12.83,1.26,16.17,63.45
1484481,114,1633,211.26,12.83,1.22,15.70,63.45
1484751,114,1633,211.82,12.83,1.31,16.79,63.46
1485023,114,1633,210.43,12.83,1.28,16.36,63.46
1485293,114,1633,208.16,12.82,1.30,16.63,63.48
1485564,114,1633,205.40,12.83,1.39,17.82,63.48
1485835,114,1633,203.61,12.82,1.47,18.90,63.50
1486106,114,1633,201.92,12.83,1.36,17.40,63.50
1486376,114,1633,201.33,12.83,1.30,16.62,63.51
1486648,114,1633,202.83,12.82,1.35,17.34,63.53
1486918,114,1633,206.18,12.82,1.43,18.36,63.54
1487190,114,1633,204.62,12.82,1.36,17.49,63.55
1487460,114,1633,204.73,12.82,1.32,16.88,63.54
1487731,114,1633,201.02,12.82,1.24,15.87,63.55
1488002,114,1633,204.01,12.82,1.32,16.95,63.56
1488273,114,1633,203.51,12.82,1.39,17.83,63.57
1488543,114,1633,207.05,12.82,1.29,16.53,63.58
1488815,114,1633,204.62,12.83,1.32,16.98,63.58
1489085,114,1633,200.41,12.83,1.26,16.14,63.59
1489356,114,1633,203.75,12.83,1.16,14.92,63.60
1489627,114,1633,198.16,12.83,1.15,14.76,63.60
1489898,114,1633,201.86,12.82,1.13,14.43,63.62
1490168,114,1633,201.48,12.82,1.16,14.90,63.63
1490440,114,1633,204.22,12.82,1.29,16.55,63.64
1490710,114,1633,202.18,12.82,1.23,15.76,63.64
1490981,114,1633,200.78,12.82,1.31,16.85,63.64
1491252,114,1633,205.23,12.83,1.30,16.70,63.65
1491522,114,1633,201.57,12.83,1.35,17.32,63.65
1491793,114,1633,196.47,12.83,1.37,17.59,63.66
1492064,114,1633,198.37,12.83,1.36,17.45,63.67
1492335,114,1633,196.10,12.83,1.40,17.90,63.69
1492605,114,1633,197.25,12.83,1.49,19.16,63.69
1492877,114,1633,201.54,12.82,1.46,18.67,63.70
1493147,114,1633,200.38,12.82,1.45,18.62,63.71
1493419,114,1633,197.69,12.83,1.45,18.57,63.72
1493689,114,1633,200.79,12.83,1.39,17.86,63.72
1493959,114,1633,204.74,12.82,1.38,17.70,63.73
1494231,114,1633,207.76,12.83,1.30,16.70,63.73
1494501,114,1633,200.58,12.83,1.35,17.32,63.75
1494772,114,1633,201.80,12.83,1.25,16.07,63.76
1495043,114,1633,200.22,12.83,1.30,16.66,63.76
1495314,114,1633,201.54,12.83,1.30,16.62,63.76
1495584,114,1633,201.66,12.83,1.40,17.91,63.76
1495856,114,1633,200.13,12.83,1.29,16.51,63.78
1496126,114,1633,201.92,12.83,1.39,17.82,63.76
1496397,114,1633,203.33,12.83,1.46,18.70,63.77
1496668,114,1633,203.61,12.83,1.41,18.08,63.77
1496939,114,1633,201.97,12.83,1.33,17.03,63.78
1497209,114,1633,206.14,12.83,1.37,17.53,63.80
1497481,114,1633,205.70,12.83,1.39,17.87,63.81
1497751,114,1633,203.37,12.83,1.34,17.23,63.82
1498022,114,1633,203.21,12.83,1.35,17.32,63.83
1498293,114,1633,200.65,12.83,1.31,16.83,63.84
1498564,114,1633,203.83,12.82,1.36,17.43,63.84
1498834,114,1633,201.78,12.83,1.35,17.32,63.85
1499106,114,1633,206.70,12.83,1.26,16.17,63.86
1499376,114,1633,206.53,12.83,1.31,16.84,63.86
1499648,114,1633,211.35,12.83,1.40,17.91,63.87
1499918,114,1633,196.77,12.82,1.43,18.31,63.89
1500189,114,1633,190.92,12.83,1.40,18.01,63.89
1500460,114,1633,203.89,12.83,1.34,17.17,63.89
1500731,114,1633,201.65,12.83,1.25,16.03,63.90
1501001,114,1633,217.60,12.83,1.13,14.44,63.90
1501273,114,1633,223.76,12.83,1.20,15.38,63.91
1501543,114,1633,212.79,12.83,1.30,16.70,63.93
1501814,114,1633,202.48,12.83,1.35,17.32,63.94
1502085,114,1633,204.55,12.83,1.27,16.26,63.95
1502356,114,1633,205.32,12.83,1.27,16.25,63.95
1502626,114,1633,203.06,12.83,1.19,15.31,63.96
1502898,114,1633,204.45,12.83,1.27,16.25,63.97
1503168,114,1633,204.56,12.83,1.17,15.02,63.98
1503439,114,1633,206.18,12.83,1.15,14.76,63.98
1503710,114,1633,206.93,12.83,1.15,14.81,63.99
1503981,114,1633,208.47,12.83,1.07,13.72,64.00
1504251,114,1633,209.93,12.83,1.10,14.16,64.02
1504523,114,1633,209.38,12.83,1.11,14.18,64.03
1504793,114,1633,211.88,12.82,1.25,15.99,64.04
1505063,114,1633,213.29,12.82,1.23,15.83,64.04
1505335,114,1633,208.86,12.82,1.16,14.82,64.05
1505606,114,1633,210.95,12.83,1.12,14.30,64.07
1505876,114,1633,208.19,12.83,1.16,14.88,64.06
1506148,114,1633,206.56,12.83,1.09,13.97,64.08
1506418,114,1633,212.89,12.83,1.08,13.91,64.06
1506689,114,1633,211.64,12.83,1.02,13.10,64.06
1506960,114,1633,209.17,12.83,1.16,14.93,64.07
1507231,114,1633,217.14,12.81,1.31,16.84,64.09
1507502,114,1633,206.47,12.81,1.32,16.97,64.10
1507772,114,1633,209.38,12.81,1.41,18.03,64.10
1508043,114,1633,208.24,12.81,1.31,16.81,64.11
1508314,114,1633,206.31,12.81,1.36,17.41,64.12
1508855,115,1638,212.99,12.81,1.35,17.30,64.15
1509127,115,1638,221.41,12.81,1.33,17.10,64.15
1509397,115,1638,220.81,12.82,1.22,15.59,64.16
1509668,115,1638,220.55,12.82,1.17,14.99,64.16
1509939,115,1638,221.21,12.81,1.31,16.72,64.18
1510210,115,1638,217.02,12.82,1.20,15.44,64.19
1510480,115,1638,218.11,12.82,1.19,15.24,64.19
1510752,115,1638,224.65,12.82,1.23,15.71,64.19
1511022,115,1638,252.75,12.82,1.36,17.38,64.20
1511292,115,1638,223.77,12.82,1.47,18.87,64.22
1511564,115,1638,218.87,12.81,1.56,20.03,64.21
1511834,115,1638,226.24,12.81,1.55,19.84,64.16
1512105,115,1638,240.69,12.81,1.48,19.00,64.16
1512376,115,1638,231.29,12.81,1.54,19.76,64.18
1512647,115,1638,235.97,12.81,1.45,18.55,64.19
1512918,115,1638,245.97,12.81,1.54,19.75,64.21
1513189,115,1638,220.14,12.81,1.54,19.77,64.22
1513459,115,1638,218.41,12.81,1.59,20.36,64.23
1513731,115,1638,204.45,12.82,1.47,18.82,64.24
1514001,115,1638,219.10,12.82,1.51,19.32,64.25
1514272,115,1638,220.26,12.82,1.40,17.97,64.25
1514543,115,1638,210.99,12.82,1.39,17.79,64.26
1514814,115,1638,220.23,12.82,1.31,16.78,64.28
1515084,115,1638,218.76,12.82,1.29,16.54,64.30
1515356,115,1638,222.07,12.82,1.21,15.56,64.30
1515626,115,1638,221.17,12.82,1.31,16.86,64.31
1515897,115,1638,220.27,12.82,1.21,15.56,64.31
1516168,115,1638,217.54,12.82,1.17,15.06,64.31
1516439,115,1638,220.62,12.82,1.09,14.04,64.31
1516709,115,1638,219.25,12.82,1.09,13.97,64.33
1516981,115,1638,217.47,12.82,1.11,14.29,64.34
1517252,115,1638,215.77,12.82,1.24,15.91,64.35
1517522,115,1638,221.13,12.82,1.26,16.13,64.36
1517793,115,1638,221.88,12.82,1.37,17.56,64.37
1518064,115,1638,226.26,12.82,1.46,18.75,64.38
1518334,115,1638,229.74,12.81,1.46,18.68,64.43
1518606,115,1638,229.38,12.81,1.47,18.82,64.43
1518876,115,1638,230.86,12.81,1.50,19.21,64.44
1519148,115,1638,230.30,12.81,1.50,19.20,64.44
1519418,115,1638,226.98,12.81,1.42,18.24,64.44
1519689,115,1638,222.91,12.81,1.33,17.00,64.44
1519960,115,1638,221.22,12.81,1.23,15.78,64.45
1520231,115,1638,221.94,12.82,1.13,14.50,64.45
1520501,115,1638,219.49,12.81,1.03,13.15,64.46
1520773,115,1638,222.39,12.81,1.05,13.45,64.48
1521043,115,1638,220.16,12.81,1.00,12.78,64.48
1521314,115,1638,254.03,12.39,2.40,29.76,64.49
1521585,115,1638,215.73,12.43,2.24,27.89,64.50
1521856,115,1638,215.10,12.47,2.23,27.77,64.52
1522126,115,1638,213.82,12.50,2.07,25.91,64.49
1522398,115,1638,214.24,12.53,1.95,24.49,64.50
1522668,115,1638,216.38,12.56,1.87,23.49,64.51
1522939,115,1638,216.96,12.58,1.74,21.94,64.52
1523210,115,1638,218.46,12.61,1.86,23.43,64.53
1523481,115,1638,217.68,12.63,1.73,21.88,64.53
1523751,115,1638,213.73,12.65,1.63,20.58,64.54
1524023,115,1638,216.88,12.67,1.51,19.12,64.56
1524293,115,1638,215.04,12.68,1.41,17.89,64.56
1524563,115,1638,218.75,12.69,1.49,18.95,64.57
1524835,115,1638,256.38,12.40,3.25,40.26,64.57
1525105,115,1638,214.90,12.44,2.98,37.10,64.57
1525377,115,1638,219.52,12.48,2.73,34.06,64.59
1525647,115,1638,215.32,12.51,2.56,32.04,64.59
1525918,115,1638,220.52,12.54,2.39,30.03,64.61
1526189,115,1638,214.74,12.57,2.40,30.16,64.63
1526460,115,1638,215.26,12.59,2.32,29.17,64.64
1526730,115,1638,217.07,12.61,2.31,29.11,64.65
1527002,115,1638,218.69,12.64,2.23,28.12,64.66
1527272,115,1638,217.33,12.66,2.23,28.26,64.67
1527543,115,1638,216.65,12.67,2.17,27.44,64.68
1527814,115,1638,215.77,12.68,2.18,27.65,64.68
1528084,115,1638,215.22,12.70,2.03,25.76,64.69
1528355,115,1638,213.25,12.70,2.06,26.20,64.69
1528626,115,1638,216.32,12.71,2.00,25.40,64.70
1528897,115,1638,214.11,12.72,2.04,25.99,64.70
1529167,115,1638,214.59,12.73,1.99,25.30,64.72
1529439,115,1638,216.92,12.73,2.02,25.72,64.72
1529709,115,1638,213.98,12.74,1.97,25.15,64.73
1529980,115,1638,214.47,12.75,1.85,23.60,64.75
1530251,115,1638,217.79,12.75,1.84,23.52,64.76
1530522,115,1638,217.48,12.76,1.73,22.04,64.76
1530793,115,1638,221.80,12.76,1.78,22.69,64.73
1531064,115,1638,217.72,12.77,1.79,22.89,64.74
1531334,115,1638,219.91,12.77,1.72,21.94,64.76
1531606,115,1638,219.45,12.78,1.66,21.18,64.77
1531876,115,1638,223.60,12.78,1.63,20.78,64.79
1532147,115,1638,225.12,12.78,1.64,20.99,64.80
1532418,115,1638,227.53,12.79,1.54,19.66,64.81
1532689,115,1638,232.20,12.79,1.46,18.66,64.83
1532959,115,1638,224.68,12.79,1.39,17.75,64.85
1533231,115,1638,225.99,12.79,1.44,18.45,64.85
1533501,115,1638,223.87,12.80,1.34,17.18,64.85
1533772,115,1638,225.05,12.80,1.37,17.56,64.85
1534043,115,1638,228.12,12.80,1.42,18.18,64.86
1534314,115,1638,225.30,12.80,1.39,17.80,64.87
1534584,115,1638,226.33,12.80,1.33,16.98,64.88
1534856,115,1638,226.46,12.80,1.39,17.85,64.90
1535127,115,1638,240.14,12.80,1.43,18.26,64.91
1535397,115,1638,226.85,12.81,1.56,19.95,64.92
1535669,115,1638,220.42,12.81,1.49,19.11,64.93
1535939,115,1638,222.89,12.81,1.48,18.91,64.95
1536210,115,1638,220.29,12.81,1.49,19.12,64.96
1536481,115,1638,223.76,12.81,1.51,19.30,64.96
1536752,115,1638,221.55,12.81,1.41,18.05,64.97
1537022,115,1638,223.54,12.81,1.39,17.77,64.97
1537294,115,1638,222.16,12.81,1.31,16.76,64.97
1537564,115,1638,222.76,12.82,1.20,15.38,64.98
1537836,115,1638,222.50,12.82,1.24,15.85,64.98
1538106,115,1638,221.65,12.82,1.34,17.21,65.00
1538377,115,1638,218.18,12.81,1.43,18.34,65.00
1538648,115,1638,254.88,12.81,1.42,18.22,65.01
1538918,115,1638,223.05,12.81,1.46,18.69,65.03
1539189,115,1638,217.24,12.81,1.46,18.72,65.04
1539460,115,1638,221.60,12.81,1.38,17.62,65.05
1539731,115,1638,222.82,12.81,1.49,19.09,65.06
1540001,115,1638,225.72,12.81,1.45,18.61,65.07
1540273,115,1638,223.79,12.81,1.41,18.09,65.08
1540543,115,1638,222.76,12.81,1.46,18.75,65.08
1540814,115,1638,224.20,12.81,1.43,18.31,65.09
1541085,115,1638,223.37,12.81,1.44,18.39,65.10
1541356,115,1638,224.06,12.81,1.34,17.13,65.10
1541626,115,1638,224.15,12.81,1.43,18.37,65.10
1541898,115,1638,220.63,12.81,1.49,19.10,65.12
1542168,115,1638,259.69,12.81,1.59,20.33,65.14
1542439,115,1638,226.48,12.81,1.51,19.35,65.14
1542710,115,1638,221.99,12.81,1.50,19.23,65.15
1542981,115,1638,218.46,12.81,1.55,19.87,65.17
1543251,115,1638,223.02,12.82,1.47,18.85,65.18
1543522,115,1638,219.03,12.82,1.60,20.48,65.19
1543793,115,1638,220.12,12.81,1.53,19.58,65.20
1544064,115,1638,220.82,12.81,1.39,17.82,65.21
1544335,115,1638,223.73,12.82,1.44,18.52,65.21
1544605,115,1638,224.62,12.82,1.38,17.63,65.24
1544877,115,1638,223.26,12.82,1.29,16.54,65.29
1545147,115,1638,220.32,12.82,1.27,16.22,65.29
1545418,115,1638,220.11,12.82,1.20,15.37,65.29
1545689,115,1638,255.37,12.82,1.17,14.98,65.29
1545960,115,1638,221.50,12.81,1.25,16.05,65.30
1546230,115,1638,218.26,12.82,1.18,15.12,65.32
1546502,115,1638,218.96,12.82,1.33,17.03,65.33
1546772,115,1638,218.15,12.81,1.38,17.70,65.34
1547043,115,1638,217.12,12.81,1.35,17.27,65.33
1547314,115,1638,216.08,12.82,1.30,16.70,65.33
1547585,115,1638,223.04,12.82,1.28,16.36,65.34
1547855,115,1638,219.69,12.82,1.33,17.11,65.36
1548127,115,1638,218.22,12.82,1.31,16.84,65.36
1548397,115,1638,221.59,12.82,1.27,16.30,65.37
1548668,115,1638,220.03,12.82,1.29,16.48,65.37
1548939,115,1638,219.65,12.81,1.36,17.40,65.38
1549209,115,1638,252.36,12.82,1.32,16.90,65.38
1549480,115,1638,225.82,12.82,1.24,15.89,65.40
1549751,115,1638,222.10,12.82,1.17,14.97,65.40
1550022,115,1638,218.14,12.82,1.14,14.62,65.42
1550294,115,1638,212.62,12.82,1.29,16.58,65.43
1550564,115,1638,213.55,12.82,1.34,17.12,65.43
1550835,115,1638,215.78,12.82,1.25,15.99,65.43
1551106,115,1638,213.75,12.82,1.20,15.35,65.44
1551377,115,1638,217.11,12.82,1.12,14.39,65.41
1551647,115,1638,216.09,12.82,1.21,15.53,65.41
1551919,115,1638,220.56,12.82,1.20,15.40,65.43
1552189,115,1638,224.30,12.82,1.30,16.72,65.44
1552460,115,1638,220.82,12.82,1.31,16.77,65.45
1552731,115,1638,253.90,12.82,1.33,16.99,65.46
1553001,115,1638,219.87,12.82,1.26,16.16,65.47
1553272,115,1638,223.54,12.82,1.19,15.31,65.48
1553543,115,1638,218.06,12.81,1.25,15.97,65.49
1553814,115,1638,225.20,12.81,1.25,15.99,65.50
1554084,115,1638,218.19,12.81,1.30,16.67,65.50
1554356,115,1638,220.13,12.81,1.22,15.58,65.51
1554626,115,1638,220.70,12.81,1.29,16.50,65.51
1554897,115,1638,221.01,12.81,1.20,15.43,65.52
1555168,115,1638,219.95,12.81,1.11,14.28,65.53
1555439,115,1638,223.33,12.81,1.18,15.13,65.55
1555709,115,1638,220.31,12.81,1.30,16.67,65.56
1555980,115,1638,223.79,12.81,1.41,18.04,65.58
1556251,115,1638,217.61,12.81,1.41,18.05,65.59
1556521,115,1638,220.96,12.82,1.30,16.64,65.60
1556793,115,1638,225.40,12.81,1.33,17.07,65.61
1557063,115,1638,227.20,12.81,1.32,16.89,65.62
1557335,115,1638,225.19,12.81,1.36,17.39,65.62
1557605,115,1638,223.01,12.82,1.31,16.80,65.63
1557876,115,1638,220.33,12.82,1.29,16.56,65.64
1558147,115,1638,223.13,12.82,1.41,18.04,65.66
1558418,115,1638,222.52,12.82,1.49,19.10,65.66
1558688,115,1638,217.79,12.82,1.47,18.90,65.66
1558960,115,1638,218.70,12.82,1.35,17.30,65.67
1559230,115,1638,218.48,12.81,1.33,17.00,65.67
1559501,115,1638,214.73,12.81,1.40,17.96,65.67
1559772,115,1638,248.92,12.81,1.48,18.92,65.67
1560043,115,1638,217.51,12.81,1.42,18.18,65.68
1560313,115,1638,217.35,12.81,1.31,16.75,65.68
1560585,115,1638,210.39,12.81,1.24,15.85,65.68
1560855,115,1638,213.93,12.82,1.23,15.79,65.69
1561126,115,1638,216.88,12.81,1.22,15.64,65.71
1561397,115,1638,213.60,12.82,1.17,14.94,65.72
1561668,115,1638,211.73,12.82,1.18,15.17,65.73
1561938,115,1638,217.81,12.82,1.15,14.70,65.74
1562210,115,1638,219.62,12.82,1.21,15.52,65.75
1562480,115,1638,216.80,12.82,1.16,14.83,65.76
1562752,115,1638,215.24,12.82,1.29,16.49,65.77
1563022,115,1638,220.15,12.82,1.25,15.99,65.77
1563293,115,1638,217.03,12.82,1.18,15.16,65.78
1563564,115,1638,213.13,12.82,1.31,16.78,65.78
1563835,115,1638,221.69,12.82,1.42,18.15,65.79
1564105,115,1638,219.21,12.81,1.53,19.56,65.79
1564376,115,1638,224.88,12.81,1.44,18.47,65.80
1564647,115,1638,224.40,12.81,1.36,17.49,65.81
1564917,115,1638,221.18,12.81,1.30,16.60,65.81
1565189,115,1638,220.23,12.82,1.30,16.66,65.82
1565459,115,1638,218.91,12.82,1.28,16.43,65.78
1565730,115,1638,216.35,12.82,1.23,15.74,65.80
1566001,115,1638,220.49,12.82,1.16,14.84,65.80
1566272,115,1638,219.12,12.82,1.09,13.94,65.82
1566542,115,1638,221.59,12.82,1.20,15.40,65.87
1566814,115,1638,220.73,12.82,1.26,16.15,65.87
1567084,115,1638,219.15,12.82,1.25,15.97,65.88
1567355,115,1638,216.85,12.82,1.23,15.71,65.87
1567626,115,1638,218.59,12.81,1.25,16.04,65.88
1567897,115,1638,216.62,12.81,1.35,17.29,65.89
1568167,115,1638,219.02,12.81,1.33,16.99,65.90
1568438,115,1638,218.50,12.81,1.26,16.16,65.91
1568979,116,1644,226.55,12.82,1.37,17.50,65.92
1569251,116,1644,234.94,12.82,1.31,16.80,65.92
1569521,116,1644,240.48,12.82,1.29,16.55,65.93
1569793,116,1644,234.91,12.81,1.33,17.08,65.94
1570063,116,1644,235.30,12.81,1.44,18.42,65.95
1570334,116,1644,271.76,12.81,1.37,17.53,65.95
1570605,116,1644,238.21,12.81,1.41,18.06,65.96
1570876,116,1644,233.58,12.80,1.48,19.01,65.96
1571146,116,1644,234.54,12.81,1.46,18.64,65.98
1571417,116,1644,233.94,12.81,1.50,19.15,65.98
1571688,116,1644,231.65,12.81,1.58,20.28,65.99
1571958,116,1644,230.18,12.81,1.53,19.59,66.00
1572230,116,1644,235.33,12.81,1.53,19.63,66.01
1572500,116,1644,233.10,12.80,1.54,19.76,66.01
1572771,116,1644,234.21,12.80,1.62,20.73,66.00
1573042,116,1644,233.03,12.80,1.60,20.46,66.01
1573313,116,1644,235.82,12.80,1.57,20.14,66.02
1573583,116,1644,230.58,12.80,1.53,19.65,66.03
1573855,116,1644,230.21,12.80,1.62,20.72,66.04
1574125,116,1644,228.52,12.80,1.52,19.51,66.04
1574396,116,1644,231.44,12.80,1.42,18.14,66.05
1574667,116,1644,231.09,12.80,1.49,19.08,66.06
1574938,116,1644,232.07,12.80,1.64,20.97,66.06
1575208,116,1644,231.34,12.79,1.65,21.06,66.06
1575480,116,1644,232.67,12.79,1.67,21.32,66.07
1575750,116,1644,234.25,12.79,1.63,20.81,66.09
1576020,116,1644,238.15,12.80,1.55,19.88,66.09
1576292,116,1644,236.55,12.80,1.64,21.03,66.10
1576563,116,1644,234.84,12.80,1.55,19.88,66.12
1576834,116,1644,232.84,12.80,1.48,18.95,66.12
1577105,116,1644,237.32,12.80,1.35,17.26,66.11
1577375,116,1644,236.58,12.81,1.25,16.02,66.11
1577647,116,1644,236.77,12.81,1.27,16.32,66.11
1577917,116,1644,236.14,12.80,1.29,16.50,66.11
1578188,116,1644,236.02,12.80,1.43,18.27,66.12
1578459,116,1644,236.88,12.80,1.31,16.73,66.14
1578730,116,1644,-176.80,12.80,1.24,15.83,66.15
1579000,116,1644,235.43,12.80,1.17,15.01,66.16
1579272,116,1644,236.55,12.80,1.21,15.51,66.16
1579542,116,1644,236.04,12.80,1.22,15.67,66.17
1579813,116,1644,235.86,12.81,1.16,14.88,66.18
1580084,116,1644,236.58,12.81,1.15,14.73,66.18
1580355,116,1644,234.66,12.81,1.19,15.26,66.19
1580625,116,1644,234.58,12.81,1.17,14.97,66.21
1580897,116,1644,236.23,12.81,1.29,16.52,66.21
1581167,116,1644,235.20,12.80,1.34,17.15,66.21
1581437,116,1644,235.54,12.80,1.49,19.14,66.22
1581709,116,1644,238.27,12.80,1.41,17.99,66.22
1581979,116,1644,236.00,12.80,1.34,17.15,66.22
1582251,116,1644,235.94,12.80,1.32,16.86,66.22
1582521,116,1644,235.34,12.80,1.44,18.41,66.24
1582792,116,1644,233.53,12.80,1.44,18.38,66.25
1583063,116,1644,234.04,12.80,1.43,18.25,66.25
1583334,116,1644,238.68,12.80,1.45,18.52,66.24
1583604,116,1644,235.72,12.80,1.37,17.53,66.25
1583876,116,1644,235.69,12.80,1.38,17.68,66.25
1584146,116,1644,236.27,12.80,1.34,17.16,66.26
1584417,116,1644,236.04,12.80,1.50,19.14,66.27
1584688,116,1644,235.91,12.80,1.41,17.99,66.28
1584959,116,1644,238.12,12.80,1.33,16.96,66.29
1585229,116,1644,237.07,12.80,1.25,16.03,66.32
1585501,116,1644,239.98,12.80,1.17,15.01,66.32
1585771,116,1644,238.39,12.80,1.24,15.88,66.33
1586042,116,1644,236.63,12.80,1.38,17.62,66.33
1586313,116,1644,236.05,12.80,1.44,18.43,66.35
1586584,116,1644,237.00,12.80,1.40,17.92,66.35
1586854,116,1644,231.55,12.80,1.55,19.83,66.36
1587125,116,1644,236.48,12.80,1.57,20.13,66.37
1587396,116,1644,238.78,12.80,1.50,19.17,66.39
1587666,116,1644,235.94,12.80,1.43,18.31,66.38
1587938,116,1644,237.80,12.80,1.33,17.05,66.40
1588208,116,1644,238.07,12.81,1.27,16.22,66.44
1588480,116,1644,235.55,12.81,1.21,15.55,66.44
1588750,116,1644,234.76,12.81,1.15,14.76,66.45
1589021,116,1644,234.70,12.80,1.29,16.52,66.46
1589292,116,1644,235.60,12.80,1.25,16.01,66.46
1589563,116,1644,234.40,12.81,1.16,14.81,66.47
1589834,116,1644,236.06,12.81,1.17,15.04,66.47
1590105,116,1644,235.24,12.81,1.31,16.77,66.48
1590375,116,1644,237.42,12.81,1.36,17.38,66.48
1590646,116,1644,240.42,12.81,1.37,17.55,66.48
1590917,116,1644,235.49,12.81,1.33,17.03,66.50
1591188,116,1644,236.17,12.80,1.40,17.99,66.52
1591458,116,1644,235.34,12.80,1.51,19.32,66.53
1591730,116,1644,268.17,12.34,3.38,41.73,66.54
1592000,116,1644,235.15,12.39,3.21,39.72,66.54
1592271,116,1644,236.63,12.43,3.11,38.63,66.54
1592542,116,1644,236.02,12.46,2.99,37.28,66.55
1592813,116,1644,234.68,12.50,2.91,36.33,66.56
1593083,116,1644,232.77,12.53,2.85,35.66,66.57
1593355,116,1644,233.88,12.55,2.87,35.99,66.58
1593625,116,1644,233.01,12.58,2.66,33.49,66.57
1593895,116,1644,233.48,12.60,2.60,32.72,66.58
1594167,116,1644,234.33,12.62,2.43,30.62,66.58
1594437,116,1644,233.60,12.64,2.46,31.07,66.59
1594708,116,1644,236.12,12.65,2.49,31.47,66.60
1594979,116,1644,239.49,12.66,2.46,31.17,66.58
1595250,116,1644,236.78,12.68,2.39,30.35,66.58
1595521,116,1644,234.94,12.69,2.41,30.63,66.63
1595792,116,1644,231.15,12.70,2.38,30.24,66.63
1596062,116,1644,233.26,12.71,2.24,28.47,66.63
1596334,116,1644,232.39,12.72,2.17,27.62,66.65
1596604,116,1644,232.94,12.73,2.10,26.77,66.65
1596875,116,1644,231.51,12.74,2.03,25.82,66.66
1597146,116,1644,232.37,12.74,2.08,26.56,66.68
1597417,116,1644,233.32,12.75,2.07,26.38,66.69
1597687,116,1644,227.38,12.76,1.91,24.42,66.70
1597959,116,1644,229.47,12.76,1.94,24.74,66.71
1598229,116,1644,229.61,12.76,2.00,25.58,66.71
1598499,116,1644,232.64,12.77,2.00,25.60,66.72
1598771,116,1644,232.32,12.77,1.85,23.62,66.73
1599041,116,1644,252.92,12.77,1.90,24.30,66.73
1599312,116,1644,229.42,12.77,1.85,23.58,66.74
1599583,116,1644,226.02,12.78,1.70,21.71,66.74
1599854,116,1644,223.80,12.79,1.63,20.79,66.75
1600124,116,1644,226.19,12.78,1.54,19.66,66.77
1600396,116,1644,223.55,12.79,1.45,18.56,66.77
1600666,116,1644,223.96,12.79,1.43,18.23,66.77
1600937,116,1644,222.85,12.79,1.46,18.69,66.77
1601208,116,1644,230.38,12.79,1.55,19.86,66.79
1601479,116,1644,223.00,12.79,1.42,18.17,66.80
1601750,116,1644,228.46,12.79,1.38,17.60,66.81
1602021,116,1644,223.13,12.80,1.34,17.18,66.82
1602291,116,1644,227.82,12.80,1.31,16.80,66.83
1602563,116,1644,261.35,12.80,1.42,18.16,66.84
1602833,116,1644,230.87,12.80,1.49,19.10,66.84
1603103,116,1644,224.32,12.80,1.43,18.34,66.85
1603375,116,1644,225.86,12.80,1.35,17.28,66.85
1603645,116,1644,226.47,12.81,1.30,16.70,66.86
1603916,116,1644,229.28,12.81,1.29,16.46,66.87
1604187,116,1644,229.31,12.81,1.36,17.38,66.87
1604458,116,1644,228.93,12.81,1.31,16.79,66.88
1604728,116,1644,228.49,12.81,1.39,17.78,66.88
1605000,116,1644,230.73,12.81,1.41,18.00,66.89
1605270,116,1644,228.30,12.81,1.35,17.25,66.89
1605541,116,1644,233.65,12.81,1.40,17.90,66.89
1605812,116,1644,238.08,12.81,1.52,19.45,66.91
1606083,116,1644,263.09,12.81,1.45,18.55,66.93
1606353,116,1644,230.74,12.81,1.47,18.79,66.93
1606624,116,1644,235.63,12.81,1.39,17.78,66.93
1606895,116,1644,232.17,12.81,1.40,17.91,66.94
1607165,116,1644,231.09,12.81,1.40,17.93,66.95
1607437,116,1644,229.91,12.81,1.47,18.80,66.96
1607707,116,1644,231.85,12.81,1.43,18.35,66.96
1607979,116,1644,232.64,12.81,1.38,17.66,66.95
1608249,116,1644,229.54,12.81,1.42,18.18,66.95
1608520,116,1644,231.53,12.81,1.52,19.40,66.96
1608791,116,1644,235.42,12.81,1.43,18.33,66.97
1609062,116,1644,236.96,12.81,1.44,18.40,66.97
1609332,116,1644,234.67,12.81,1.53,19.60,66.98
1609603,116,1644,232.14,12.81,1.44,18.41,66.99
1609874,116,1644,230.69,12.81,1.50,19.23,66.99
1610144,116,1644,230.68,12.81,1.41,18.08,67.00
1610416,116,1644,233.32,12.81,1.56,19.98,67.01
1610686,116,1644,229.09,12.81,1.62,20.74,67.01
1610957,116,1644,229.31,12.81,1.72,21.99,67.02
1611228,116,1644,228.11,12.81,1.78,22.83,67.02
1611499,116,1644,230.38,12.81,1.86,23.78,67.02
1611769,116,1644,228.57,12.81,1.81,23.22,67.03
1612041,116,1644,224.45,12.81,1.75,22.42,67.04
1612311,116,1644,228.62,12.81,1.84,23.51,67.05
1612582,116,1644,225.66,12.81,1.84,23.54,67.06
1612853,116,1644,224.94,12.81,1.77,22.71,67.08
1613123,116,1644,263.68,12.81,1.70,21.78,67.09
1613394,116,1644,229.93,12.81,1.58,20.18,67.10
1613665,116,1644,224.23,12.80,1.60,20.44,67.12
1613936,116,1644,226.00,12.80,1.58,20.20,67.13
1614206,116,1644,221.93,12.80,1.56,19.99,67.14
1614478,116,1644,224.56,12.80,1.67,21.32,67.14
1614748,116,1644,225.81,12.80,1.77,22.70,67.15
1615020,116,1644,229.09,12.80,1.74,22.24,67.15
1615290,116,1644,233.87,12.80,1.70,21.72,67.16
1615561,116,1644,233.96,12.79,1.78,22.78,67.17
1615832,116,1644,234.43,12.79,1.65,21.08,67.18
1616102,116,1644,235.59,12.80,1.54,19.74,67.19
1616373,116,1644,235.92,12.79,1.45,18.53,67.19
1616644,116,1644,233.92,12.79,1.49,19.05,67.21
1616915,116,1644,235.80,12.79,1.39,17.82,67.22
1617185,116,1644,237.24,12.79,1.42,18.13,67.22
1617457,116,1644,238.49,12.79,1.51,19.35,67.23
1617727,116,1644,238.44,12.79,1.46,18.66,67.24
1617998,116,1644,239.42,12.79,1.51,19.26,67.25
1618269,116,1644,239.51,12.79,1.50,19.14,67.26
1618540,116,1644,241.33,12.79,1.50,19.13,67.27
1618810,116,1644,239.58,12.80,1.41,18.09,67.27
1619082,116,1644,237.96,12.80,1.34,17.14,67.28
1619352,116,1644,238.79,12.80,1.41,18.09,67.28
1619623,116,1644,237.90,12.80,1.37,17.52,67.29
1619894,116,1644,237.67,12.80,1.42,18.15,67.29
1620165,116,1644,241.47,12.80,1.45,18.52,67.30
1620435,116,1644,240.07,12.80,1.44,18.48,67.30
1620706,116,1644,235.39,12.79,1.34,17.20,67.30
1620977,116,1644,234.33,12.79,1.40,17.86,67.31
1621248,116,1644,239.13,12.79,1.55,19.77,67.32
1621519,116,1644,234.09,12.79,1.45,18.57,67.34
1621789,116,1644,241.05,12.79,1.57,20.03,67.35
1622061,116,1644,238.65,12.79,1.65,21.07,67.36
1622331,116,1644,235.01,12.79,1.54,19.73,67.37
1622602,116,1644,240.38,12.79,1.50,19.19,67.37
1622873,116,1644,240.29,12.79,1.49,19.08,67.37
1623144,116,1644,239.21,12.79,1.45,18.60,67.36
1623414,116,1644,241.64,12.79,1.41,18.07,67.36
1623686,116,1644,242.80,12.79,1.51,19.30,67.37
1623956,116,1644,245.36,12.79,1.43,18.23,67.38
1624226,116,1644,273.35,12.79,1.53,19.54,67.39
1624498,116,1644,245.58,12.79,1.53,19.58,67.40
1624769,116,1644,242.67,12.79,1.43,18.30,67.41
1625039,116,1644,242.92,12.79,1.40,17.90,67.41
1625311,116,1644,240.03,12.79,1.42,18.20,67.43
1625581,116,1644,235.54,12.79,1.34,17.15,67.44
1625852,116,1644,238.33,12.79,1.33,17.05,67.44
1626123,116,1644,241.09,12.79,1.26,16.12,67.46
1626394,116,1644,241.02,12.79,1.40,17.92,67.46
1626664,116,1644,242.98,12.79,1.52,19.45,67.46
1626936,116,1644,241.72,12.79,1.51,19.31,67.47
1627206,116,1644,241.83,12.79,1.49,19.00,67.49
1627476,116,1644,240.29,12.79,1.57,20.14,67.49
1627748,116,1644,240.19,12.79,1.45,18.52,67.50
1628018,116,1644,236.47,12.79,1.36,17.43,67.51
1628290,116,1644,239.11,12.79,1.48,18.92,67.52
1628560,116,1644,241.86,12.79,1.41,18.08,67.53
1629102,117,1650,245.46,12.79,1.47,18.84,67.54
1629373,117,1650,243.41,12.79,1.52,19.42,67.56
1629643,117,1650,249.85,12.79,1.46,18.63,67.57
1629915,117,1650,248.22,12.79,1.59,20.28,67.57
1630185,117,1650,246.95,12.79,1.53,19.59,67.57
1630456,117,1650,247.83,12.79,1.45,18.58,67.59
1630727,117,1650,249.16,12.79,1.60,20.52,67.61
1630998,117,1650,249.06,12.79,1.49,19.05,67.61
1631268,117,1650,274.40,12.79,1.41,18.01,67.61
1631540,117,1650,245.11,12.80,1.36,17.35,67.62
1631810,117,1650,245.29,12.80,1.29,16.48,67.63
1632081,117,1650,242.24,12.80,1.44,18.44,67.64
1632352,117,1650,242.70,12.80,1.50,19.16,67.65
1632622,117,1650,242.11,12.79,1.59,20.29,67.66
1632893,117,1650,238.23,12.80,1.61,20.54,67.67
1633164,117,1650,237.93,12.80,1.53,19.54,67.68
1633435,117,1650,237.56,12.80,1.69,21.58,67.68
1633705,117,1650,234.28,12.79,1.78,22.83,67.69
1633977,117,1650,236.75,12.79,1.67,21.32,67.70
1634248,117,1650,237.74,12.79,1.77,22.60,67.71
1634519,117,1650,237.97,12.79,1.70,21.77,67.73
1634789,117,1650,236.63,12.79,1.64,21.02,67.73
1635060,117,1650,232.86,12.79,1.57,20.06,67.75
1635331,117,1650,233.76,12.79,1.61,20.62,67.76
1635602,117,1650,234.68,12.79,1.73,22.16,67.77
1635872,117,1650,239.20,12.79,1.67,21.37,67.77
1636144,117,1650,234.37,12.79,1.60,20.48,67.77
1636414,117,1650,234.95,12.78,1.60,20.42,67.78
1636685,117,1650,235.06,12.78,1.62,20.75,67.79
1636956,117,1650,235.37,12.78,1.53,19.54,67.80
1637227,117,1650,234.73,12.78,1.61,20.53,67.81
1637497,117,1650,236.00,12.78,1.52,19.43,67.81
1637769,117,1650,237.59,12.78,1.63,20.81,67.82
1638039,117,1650,234.28,12.79,1.64,21.01,67.83
1638310,117,1650,233.01,12.79,1.53,19.59,67.80
1638581,117,1650,230.61,12.79,1.59,20.38,67.81
1638852,117,1650,234.69,12.78,1.54,19.67,67.82
1639122,117,1650,228.04,12.79,1.47,18.76,67.83
1639394,117,1650,230.34,12.79,1.57,20.11,67.83
1639664,117,1650,229.98,12.79,1.56,19.91,67.84
1639936,117,1650,233.21,12.79,1.56,19.92,67.84
1640206,117,1650,232.17,12.78,1.64,20.96,67.84
1640477,117,1650,230.99,12.78,1.79,22.94,67.86
1640748,117,1650,234.27,12.78,1.87,23.87,67.88
1641019,117,1650,236.02,12.78,1.92,24.52,67.89
1641289,117,1650,236.62,12.78,2.04,26.05,67.90
1641561,117,1650,278.55,12.59,3.95,49.66,67.92
1641831,117,1650,240.40,12.61,3.83,48.23,67.93
1642102,117,1650,240.35,12.63,3.52,44.42,67.93
1642373,117,1650,242.46,12.64,3.26,41.26,67.94
1642643,117,1650,241.72,12.66,3.00,38.04,67.95
1642914,117,1650,243.91,12.67,2.98,37.74,67.96
1643185,117,1650,240.12,12.68,2.95,37.39,67.96
1643456,117,1650,239.77,12.69,2.71,34.44,67.97
1643726,117,1650,241.48,12.71,2.47,31.42,67.99
1643998,117,1650,240.61,12.72,2.46,31.32,67.99
1644268,117,1650,241.43,12.73,2.32,29.53,67.99
1644539,117,1650,243.81,12.73,2.13,27.08,68.00
1644810,117,1650,243.75,12.74,2.10,26.74,68.00
1645081,117,1650,243.71,12.75,2.08,26.54,68.01
1645351,117,1650,247.89,12.75,2.02,25.71,68.03
1645622,117,1650,246.12,12.76,1.85,23.62,68.04
1645893,117,1650,246.98,12.76,1.85,23.64,68.05
1646164,117,1650,246.72,12.76,1.79,22.80,68.06
1646435,117,1650,245.48,12.77,1.82,23.27,68.07
1646706,117,1650,247.81,12.76,1.94,24.73,68.08
1646977,117,1650,245.28,12.77,1.80,22.93,68.09
1647248,117,1650,247.40,12.77,1.82,23.29,68.09
1647518,117,1650,245.12,12.76,1.89,24.19,68.10
1647789,117,1650,247.30,12.76,1.82,23.29,68.10
1648060,117,1650,245.45,12.77,1.74,22.20,68.12
1648330,117,1650,243.00,12.77,1.67,21.31,68.14
1648602,117,1650,247.50,12.77,1.73,22.03,68.16
1648872,117,1650,248.28,12.77,1.71,21.82,68.16
1649143,117,1650,249.20,12.77,1.60,20.41,68.16
1649414,117,1650,248.65,12.77,1.73,22.06,68.15
1649685,117,1650,250.77,12.77,1.84,23.45,68.17
1649955,117,1650,249.87,12.77,1.72,21.98,68.18
1650227,117,1650,248.83,12.77,1.67,21.30,68.18
1650497,117,1650,248.94,12.77,1.60,20.41,68.19
1650768,117,1650,248.86,12.77,1.68,21.50,68.20
1651039,117,1650,252.55,12.78,1.60,20.50,68.21
1651310,117,1650,249.62,12.78,1.58,20.16,68.22
1651580,117,1650,250.05,12.78,1.70,21.75,68.22
1651852,117,1650,250.26,12.78,1.67,21.29,68.24
1652122,117,1650,288.60,12.63,2.84,35.86,68.25
1652393,117,1650,251.14,12.64,2.83,35.78,68.25
1652664,117,1650,251.32,12.65,2.60,32.90,68.26
1652935,117,1650,251.51,12.67,2.53,32.09,68.27
1653207,117,1650,251.25,12.68,2.35,29.77,68.28
1653477,117,1650,248.03,12.69,2.41,30.58,68.28
1653748,117,1650,246.74,12.70,2.42,30.75,68.28
1654019,117,1650,249.04,12.70,2.43,30.89,68.29
1654289,117,1650,248.44,12.72,2.31,29.35,68.31
1654560,117,1650,248.33,12.73,2.20,27.95,68.31
1654831,117,1650,245.76,12.73,2.11,26.86,68.32
1655102,117,1650,250.85,12.73,2.09,26.55,68.33
1655372,117,1650,244.74,12.73,2.05,26.17,68.28
1655644,117,1650,247.17,12.74,2.07,26.40,68.31
1655914,117,1650,240.73,12.74,1.91,24.34,68.32
1656185,117,1650,240.55,12.74,2.04,25.98,68.33
1656456,117,1650,242.33,12.75,2.12,27.08,68.34
1656727,117,1650,241.31,12.75,2.16,27.59,68.35
1656997,117,1650,241.36,12.75,2.21,28.24,68.37
1657269,117,1650,244.89,12.75,2.25,28.64,68.38
1657539,117,1650,242.70,12.76,2.23,28.44,68.38
1657810,117,1650,246.65,12.76,2.07,26.47,68.39
1658081,117,1650,247.22,12.77,1.92,24.50,68.39
1658352,117,1650,250.13,12.77,1.86,23.76,68.41
1658622,117,1650,249.40,12.77,1.81,23.10,68.42
1658894,117,1650,247.14,12.77,1.70,21.65,68.44
1659164,117,1650,247.46,12.78,1.60,20.45,68.45
1659436,117,1650,245.27,12.78,1.63,20.87,68.48
1659706,117,1650,248.67,12.77,1.82,23.24,68.48
1659977,117,1650,248.75,12.78,1.87,23.96,68.49
1660248,117,1650,249.62,12.78,1.96,25.07,68.50
1660519,117,1650,248.68,12.78,1.83,23.33,68.51
1660789,117,1650,246.99,12.79,1.72,21.96,68.51
1661061,117,1650,244.77,12.79,1.81,23.18,68.52
1661331,117,1650,246.01,12.79,1.70,21.73,68.52
1661601,117,1650,243.26,12.79,1.66,21.27,68.54
1661873,117,1650,244.80,12.79,1.59,20.38,68.54
1662143,117,1650,249.89,12.79,1.52,19.39,68.56
1662414,117,1650,243.17,12.79,1.53,19.55,68.56
1662685,117,1650,247.40,12.79,1.59,20.35,68.57
1662956,117,1650,248.29,12.79,1.47,18.80,68.59
1663226,117,1650,249.91,12.79,1.42,18.16,68.58
1663498,117,1650,250.77,12.79,1.35,17.21,68.60
1663768,117,1650,251.79,12.80,1.27,16.26,68.61
1664039,117,1650,250.82,12.80,1.26,16.06,68.62
1664310,117,1650,243.61,12.80,1.31,16.74,68.62
1664581,117,1650,246.09,12.80,1.39,17.73,68.63
1664851,117,1650,245.55,12.80,1.45,18.62,68.64
1665123,117,1650,246.62,12.80,1.38,17.71,68.64
1665393,117,1650,242.98,12.80,1.45,18.51,68.65
1665665,117,1650,244.84,12.79,1.46,18.65,68.66
1665935,117,1650,254.89,12.80,1.41,18.03,68.66
1666206,117,1650,249.37,12.79,1.46,18.70,68.68
1666477,117,1650,249.36,12.80,1.39,17.78,68.68
1666748,117,1650,247.72,12.79,1.42,18.19,68.70
1667018,117,1650,243.04,12.79,1.42,18.18,68.70
1667290,117,1650,246.99,12.79,1.56,19.97,68.70
1667560,117,1650,247.02,12.79,1.46,18.74,68.71
1667830,117,1650,243.60,12.79,1.41,18.01,68.72
1668102,117,1650,247.70,12.79,1.32,16.88,68.75
1668372,117,1650,243.34,12.79,1.31,16.72,68.76
1668643,117,1650,240.77,12.79,1.44,18.47,68.77
1668914,117,1650,241.00,12.79,1.57,20.13,68.77
1669185,117,1650,240.45,12.79,1.67,21.35,68.78
1669455,117,1650,243.01,12.79,1.64,20.93,68.79
1669727,117,1650,276.13,12.43,3.49,43.45,68.79
1669997,117,1650,241.22,12.47,3.26,40.71,68.80
1670268,117,1650,241.51,12.50,3.20,39.97,68.80
1670539,117,1650,241.16,12.53,3.11,38.93,68.80
1670809,117,1650,242.42,12.55,2.99,37.54,68.81
1671080,117,1650,236.45,12.57,2.97,37.38,68.81
1671351,117,1650,238.81,12.59,2.71,34.18,68.83
1671622,117,1650,238.09,12.61,2.63,33.15,68.84
1671892,117,1650,236.31,12.63,2.48,31.38,68.84
1672164,117,1650,234.57,12.65,2.47,31.19,68.84
1672434,117,1650,239.15,12.66,2.47,31.30,68.85
1672706,117,1650,235.41,12.67,2.36,29.89,68.87
1672976,117,1650,237.43,12.68,2.17,27.50,68.86
1673247,117,1650,239.40,12.69,2.14,27.22,68.86
1673518,117,1650,242.54,12.70,2.11,26.78,68.87
1673789,117,1650,245.89,12.71,2.00,25.44,68.87
1674059,117,1650,241.69,12.71,1.98,25.18,68.88
1674330,117,1650,241.15,12.72,2.08,26.45,68.87
1674601,117,1650,244.57,12.73,2.03,25.90,68.88
1674871,117,1650,244.28,12.73,1.88,23.89,68.89
1675143,117,1650,244.68,12.74,1.87,23.88,68.90
1675413,117,1650,241.60,12.74,1.96,25.00,68.91
1675684,117,1650,240.76,12.75,1.97,25.16,68.92
1675955,117,1650,239.69,12.75,1.84,23.51,68.92
1676226,117,1650,242.83,12.76,1.85,23.54,68.93
1676496,117,1650,237.56,12.76,1.78,22.72,68.93
1676768,117,1650,244.46,12.77,1.68,21.40,68.95
1677038,117,1650,272.89,12.78,1.58,20.14,68.95
1677309,117,1650,241.36,12.78,1.63,20.88,68.95
1677580,117,1650,237.70,12.78,1.76,22.49,68.96
1677851,117,1650,240.90,12.78,1.71,21.86,68.96
1678121,117,1650,241.21,12.78,1.60,20.44,68.96
1678393,117,1650,237.98,12.78,1.65,21.06,68.97
1678663,117,1650,240.71,12.78,1.62,20.67,68.99
1678935,117,1650,242.03,12.78,1.61,20.60,69.00
1679205,117,1650,243.92,12.78,1.55,19.87,69.01
1679475,117,1650,240.96,12.79,1.46,18.66,69.02
1679747,117,1650,243.36,12.79,1.44,18.41,69.03
1680017,117,1650,243.13,12.79,1.37,17.52,69.04
1680288,117,1650,244.78,12.79,1.32,16.92,69.05
1680559,117,1650,239.38,12.79,1.48,18.93,69.05
1680830,117,1650,242.21,12.78,1.58,20.16,69.06
1681100,117,1650,243.38,12.78,1.63,20.90,69.06
1681372,117,1650,240.10,12.78,1.57,20.04,69.07
1681643,117,1650,239.20,12.79,1.46,18.72,69.07
1681913,117,1650,241.65,12.79,1.39,17.81,69.09
1682185,117,1650,245.18,12.79,1.42,18.21,69.09
1682455,117,1650,241.71,12.79,1.36,17.44,69.09
1682725,117,1650,239.93,12.79,1.44,18.36,69.11
1682997,117,1650,239.73,12.79,1.38,17.67,69.11
1683268,117,1650,241.01,12.79,1.51,19.32,69.11
1683538,117,1650,242.21,12.79,1.43,18.25,69.11
1683809,117,1650,268.37,12.65,2.08,26.27,69.12
1684080,117,1650,240.22,12.66,2.03,25.65,69.11
1684350,117,1650,237.14,12.67,1.89,23.96,69.12
1684622,117,1650,239.56,12.69,1.84,23.28,69.12
1684892,117,1650,243.35,12.69,1.91,24.26,69.13
1685164,117,1650,242.47,12.70,1.97,24.97,69.15
1685434,117,1650,239.93,12.71,2.08,26.44,69.16
1685705,117,1650,240.83,12.71,2.05,26.08,69.16
1685976,117,1650,238.05,12.72,2.04,25.94,69.17
1686247,117,1650,238.55,12.73,1.87,23.85,69.18
1686517,117,1650,239.29,12.74,1.74,22.15,69.19
1686789,117,1650,238.62,12.75,1.73,22.02,69.19
1687059,117,1650,237.82,12.75,1.60,20.40,69.20
1687330,117,1650,279.31,12.44,3.71,46.21,69.20
1687601,117,1650,242.76,12.48,3.48,43.38,69.21
1687871,117,1650,241.11,12.51,3.30,41.29,69.21
1688142,117,1650,234.74,12.54,3.07,38.46,69.22
1688413,117,1650,233.72,12.57,2.85,35.82,69.22
1688684,117,1650,234.93,12.59,2.69,33.89,69.24
1689226,118,1655,243.53,12.63,2.46,31.03,69.25
1689496,118,1655,248.30,12.65,2.30,29.10,69.25
1689767,118,1655,244.07,12.66,2.37,29.97,69.26
1690038,118,1655,245.62,12.67,2.32,29.34,69.28
1690309,118,1655,246.51,12.68,2.23,28.22,69.26
1690579,118,1655,246.60,12.69,2.07,26.27,69.26
1690851,118,1655,244.68,12.69,2.07,26.30,69.26
1691121,118,1655,247.00,12.70,1.92,24.36,69.27
1691393,118,1655,248.05,12.71,2.02,25.71,69.24
1691663,118,1655,250.90,12.72,1.92,24.48,69.25
1691934,118,1655,251.58,12.73,1.90,24.22,69.27
1692205,118,1655,254.16,12.73,1.94,24.63,69.28
1692475,118,1655,254.43,12.73,1.95,24.82,69.29
1692746,118,1655,257.31,12.73,1.99,25.38,69.30
1693017,118,1655,253.10,12.74,1.98,25.21,69.31
1693288,118,1655,259.00,12.74,2.03,25.91,69.32
1693558,118,1655,257.65,12.74,2.13,27.11,69.31
1693830,118,1655,251.27,12.74,2.19,27.90,69.32
1694100,118,1655,252.57,12.75,2.03,25.89,69.32
1694371,118,1655,253.41,12.75,1.95,24.92,69.33
1694642,118,1655,251.64,12.75,1.97,25.08,69.33
1694913,118,1655,254.37,12.76,1.84,23.43,69.34
1695183,118,1655,253.94,12.76,1.71,21.86,69.34
1695455,118,1655,253.14,12.76,1.81,23.08,69.35
1695725,118,1655,255.30,12.76,1.89,24.09,69.35
1695996,118,1655,256.97,12.76,1.88,23.96,69.36
1696267,118,1655,258.03,12.76,1.97,25.16,69.36
1696538,118,1655,251.50,12.76,1.84,23.51,69.36
1696808,118,1655,250.48,12.76,1.98,25.23,69.38
1697080,118,1655,251.15,12.77,1.82,23.29,69.39
1697350,118,1655,251.73,12.77,1.94,24.75,69.40
1697622,118,1655,254.05,12.77,1.78,22.76,69.42
1697892,118,1655,255.51,12.77,1.75,22.39,69.43
1698162,118,1655,281.09,12.77,1.74,22.25,69.39
1698434,118,1655,255.98,12.77,1.81,23.15,69.41
1698704,118,1655,259.54,12.78,1.80,23.02,69.42
1698975,118,1655,256.07,12.78,1.74,22.24,69.43
1699246,118,1655,255.01,12.77,1.70,21.73,69.44
1699517,118,1655,258.07,12.77,1.85,23.63,69.45
1699787,118,1655,257.33,12.78,1.75,22.32,69.47
1700059,118,1655,254.68,12.77,1.83,23.40,69.47
1700329,118,1655,254.85,12.77,1.78,22.68,69.48
1700599,118,1655,253.53,12.78,1.68,21.46,69.48
1700871,118,1655,250.06,12.77,1.76,22.54,69.49
1701141,118,1655,253.00,12.77,1.83,23.41,69.49
1701412,118,1655,254.43,12.77,1.87,23.92,69.49
1701683,118,1655,285.46,12.77,1.97,25.12,69.50
1701954,118,1655,256.27,12.77,1.92,24.51,69.50
1702224,118,1655,248.39,12.77,2.05,26.22,69.50
1702496,118,1655,250.50,12.77,2.16,27.58,69.50
1702766,118,1655,253.90,12.76,2.14,27.38,69.55
1703037,118,1655,251.40,12.77,1.99,25.41,69.54
1703308,118,1655,255.25,12.76,2.07,26.46,69.54
1703579,118,1655,254.57,12.77,1.96,25.06,69.54
1703849,118,1655,257.50,12.77,1.95,24.84,69.55
1704121,118,1655,255.93,12.77,1.92,24.53,69.56
1704391,118,1655,255.92,12.77,1.79,22.85,69.56
1704662,118,1655,251.82,12.77,1.69,21.52,69.55
1704933,118,1655,253.76,12.77,1.59,20.33,69.55
1705203,118,1655,288.57,12.77,1.50,19.16,69.56
1705475,118,1655,253.60,12.77,1.46,18.67,69.57
1705745,118,1655,251.85,12.78,1.46,18.70,69.58
1706016,118,1655,248.24,12.78,1.38,17.60,69.57
1706287,118,1655,246.42,12.78,1.34,17.17,69.58
1706558,118,1655,255.26,12.78,1.27,16.22,69.59
1706828,118,1655,249.96,12.78,1.40,17.92,69.60
1707099,118,1655,245.58,12.78,1.50,19.16,69.60
1707370,118,1655,251.72,12.78,1.51,19.34,69.61
1707640,118,1655,248.08,12.78,1.50,19.22,69.61
1707912,118,1655,247.83,12.78,1.45,18.53,69.60
1708182,118,1655,248.26,12.78,1.45,18.58,69.61
1708453,118,1655,248.97,12.78,1.35,17.21,69.61
1708724,118,1655,251.98,12.78,1.50,19.19,69.62
1708995,118,1655,251.47,12.78,1.67,21.34,69.62
1709265,118,1655,248.26,12.78,1.74,22.24,69.63
1709537,118,1655,253.57,12.78,1.78,22.77,69.63
1709807,118,1655,256.09,12.78,1.78,22.77,69.63
1710078,118,1655,258.34,12.78,1.85,23.62,69.63
1710349,118,1655,253.82,12.78,1.72,22.03,69.65
1710620,118,1655,254.57,12.78,1.77,22.58,69.65
1710891,118,1655,257.22,12.78,1.79,22.88,69.67
1711161,118,1655,255.49,12.78,1.79,22.87,69.66
1711432,118,1655,251.61,12.78,1.86,23.72,69.68
1711703,118,1655,253.01,12.77,1.93,24.66,69.68
1711974,118,1655,251.39,12.77,2.00,25.61,69.69
1712244,118,1655,255.18,12.77,1.90,24.28,69.70
1712516,118,1655,292.43,12.60,3.43,43.23,69.69
1712786,118,1655,252.43,12.62,3.15,39.81,69.70
1713057,118,1655,255.29,12.64,3.15,39.81,69.71
1713328,118,1655,251.81,12.65,3.10,39.24,69.72
1713599,118,1655,258.84,12.66,2.93,37.15,69.73
1713869,118,1655,258.16,12.67,2.74,34.69,69.74
1714140,118,1655,253.64,12.68,2.72,34.54,69.74
1714411,118,1655,258.91,12.69,2.61,33.10,69.75
1714681,118,1655,257.27,12.70,2.62,33.30,69.75
1714953,118,1655,256.12,12.71,2.49,31.60,69.76
1715223,118,1655,258.48,12.72,2.40,30.54,69.70
1715494,118,1655,259.02,12.73,2.26,28.73,69.71
1715765,118,1655,258.14,12.73,2.25,28.70,69.72
1716036,118,1655,257.86,12.73,2.23,28.39,69.73
1716306,118,1655,253.98,12.74,2.24,28.59,69.74
1716578,118,1655,254.98,12.74,2.29,29.14,69.74
1716848,118,1655,254.31,12.75,2.30,29.27,69.75
1717120,118,1655,255.70,12.75,2.32,29.56,69.75
1717390,118,1655,251.93,12.75,2.35,30.02,69.77
1717660,118,1655,251.41,12.75,2.15,27.41,69.77
1717932,118,1655,256.18,12.76,2.02,25.82,69.77
1718202,118,1655,257.93,12.76,1.96,24.95,69.79
1718473,118,1655,255.02,12.77,1.86,23.80,69.80
1718744,118,1655,250.58,12.77,1.83,23.32,69.80
1719015,118,1655,250.71,12.77,1.80,22.99,69.80
1719285,118,1655,252.25,12.77,1.74,22.22,69.82
1719557,118,1655,260.48,12.77,1.88,24.07,69.81
1719827,118,1655,281.34,12.77,1.79,22.81,69.81
1720098,118,1655,250.44,12.77,1.82,23.18,69.82
1720369,118,1655,251.42,12.77,1.72,21.91,69.83
1720640,118,1655,252.82,12.77,1.86,23.70,69.84
1720910,118,1655,249.65,12.77,1.77,22.66,69.85
1721182,118,1655,245.11,12.77,1.66,21.26,69.85
1721452,118,1655,250.22,12.77,1.66,21.22,69.86
1721722,118,1655,249.29,12.77,1.67,21.38,69.86
1721994,118,1655,250.21,12.78,1.71,21.90,69.87
1722264,118,1655,250.03,12.78,1.63,20.77,69.88
1722535,118,1655,244.73,12.78,1.53,19.55,69.88
1722806,118,1655,248.67,12.78,1.66,21.20,69.89
1723077,118,1655,252.31,12.78,1.71,21.83,69.89
1723347,118,1655,279.99,12.78,1.69,21.55,69.89
1723619,118,1655,249.67,12.78,1.82,23.28,69.90
1723889,118,1655,248.31,12.78,1.69,21.62,69.90
1724161,118,1655,249.11,12.78,1.78,22.69,69.92
1724431,118,1655,250.85,12.78,1.65,21.10,69.92
1724702,118,1655,249.81,12.78,1.58,20.23,69.92
1724973,118,1655,248.96,12.78,1.63,20.86,69.92
1725244,118,1655,254.55,12.78,1.77,22.57,69.92
1725514,118,1655,253.37,12.78,1.84,23.53,69.92
1725786,118,1655,250.97,12.78,1.70,21.66,69.92
1726056,118,1655,251.71,12.78,1.62,20.64,69.93
1726327,118,1655,255.55,12.77,1.77,22.64,69.93
1726598,118,1655,260.92,12.77,1.67,21.33,69.94
1726869,118,1655,294.27,12.77,1.77,22.61,69.94
1727139,118,1655,259.54,12.77,1.69,21.59,69.95
1727410,118,1655,254.74,12.77,1.82,23.22,69.96
1727681,118,1655,250.51,12.77,1.79,22.89,69.97
1727951,118,1655,253.62,12.77,1.78,22.78,69.98
1728223,118,1655,254.56,12.77,1.73,22.03,69.98
1728493,118,1655,252.56,12.77,1.86,23.71,69.99
1728764,118,1655,248.47,12.77,1.75,22.39,70.00
1729035,118,1655,246.94,12.77,1.73,22.14,69.99
1729306,118,1655,246.81,12.77,1.74,22.21,70.00
1729576,118,1655,248.07,12.77,1.77,22.55,70.00
1729848,118,1655,253.99,12.77,1.69,21.54,70.01
1730118,118,1655,260.19,12.77,1.73,22.04,70.02
1730390,118,1655,290.72,12.77,1.83,23.34,70.02
1730660,118,1655,254.45,12.77,1.87,23.85,70.03
1730931,118,1655,255.94,12.77,1.87,23.83,70.03
1731202,118,1655,256.00,12.76,1.93,24.66,70.03
1731473,118,1655,258.25,12.77,1.81,23.07,70.04
